dataset,subject,budget,variant,accuracy,balanced_accuracy,kappa,macro_f1
bci2a,1,all,ann_sew_ce,0.7233796296296297,0.7233796296296297,0.6311728395061729,0.7222531406725275
bci2a,1,all,ann_sew_equal,0.7280092592592592,0.7280092592592592,0.6373456790123456,0.7285194956486217
bci2a,1,all,gru_stat,0.8587962962962963,0.8587962962962963,0.8117283950617283,0.8589678336899434
bci2a,1,all,sew_clif_ce,0.84375,0.84375,0.7916666666666666,0.8443197083283357
bci2a,1,all,sew_clif_equal,0.8460648148148149,0.8460648148148149,0.7947530864197531,0.8467196047970654
bci2a,1,all,soft_clif_exact,0.8530092592592592,0.8530092592592592,0.8040123456790124,0.8536766865739089
bci2a,1,all,tcn_stat,0.8506944444444443,0.8506944444444443,0.8009259259259259,0.851009132269502
bci2a,1,n25,ann_sew_ce,0.6574074074074074,0.6574074074074074,0.5432098765432097,0.6580305530765141
bci2a,1,n25,ann_sew_equal,0.6516203703703703,0.6516203703703703,0.5354938271604938,0.6532312858075259
bci2a,1,n25,gru_stat,0.8541666666666666,0.8541666666666666,0.8055555555555555,0.8545100085036536
bci2a,1,n25,sew_clif_ce,0.829861111111111,0.829861111111111,0.773148148148148,0.8307143187693925
bci2a,1,n25,sew_clif_equal,0.8333333333333334,0.8333333333333334,0.7777777777777778,0.8337298869968546
bci2a,1,n25,soft_clif_exact,0.8194444444444445,0.8194444444444443,0.7592592592592592,0.8189636324851142
bci2a,1,n25,tcn_stat,0.8275462962962963,0.8275462962962964,0.7700617283950617,0.827500126150059
bci2a,1,n50,ann_sew_ce,0.7141203703703703,0.7141203703703702,0.6188271604938271,0.7133372052998119
bci2a,1,n50,ann_sew_equal,0.7118055555555555,0.7118055555555555,0.6157407407407408,0.7126177599640391
bci2a,1,n50,sew_clif_ce,0.8460648148148149,0.8460648148148149,0.7947530864197531,0.8464293902645893
bci2a,1,n50,sew_clif_equal,0.8333333333333334,0.8333333333333334,0.7777777777777778,0.8340500568266175
bci2a,2,all,ann_sew_ce,0.45023148148148145,0.45023148148148157,0.26697530864197533,0.4347878321807106
bci2a,2,all,ann_sew_equal,0.45486111111111116,0.45486111111111116,0.27314814814814814,0.43803931136058133
bci2a,2,all,gru_stat,0.5648148148148149,0.5648148148148149,0.4197530864197531,0.5337761130906616
bci2a,2,all,sew_clif_ce,0.5555555555555557,0.5555555555555555,0.40740740740740744,0.525089199076048
bci2a,2,all,sew_clif_equal,0.5532407407407408,0.5532407407407408,0.404320987654321,0.5254121592409661
bci2a,2,all,soft_clif_exact,0.5555555555555556,0.5555555555555556,0.4074074074074074,0.526649634694735
bci2a,2,all,tcn_stat,0.5717592592592592,0.5717592592592592,0.4290123456790123,0.5397981279249894
bci2a,2,n25,ann_sew_ce,0.39351851851851855,0.39351851851851855,0.19135802469135807,0.3845714604339152
bci2a,2,n25,ann_sew_equal,0.3912037037037037,0.3912037037037037,0.18827160493827164,0.38325582392287466
bci2a,2,n25,gru_stat,0.5243055555555556,0.5243055555555555,0.36574074074074076,0.5088310391789147
bci2a,2,n25,sew_clif_ce,0.5219907407407408,0.5219907407407408,0.36265432098765427,0.4930836975564401
bci2a,2,n25,sew_clif_equal,0.5196759259259259,0.5196759259259259,0.3595679012345679,0.49617140739664856
bci2a,2,n25,soft_clif_exact,0.5462962962962963,0.5462962962962963,0.3950617283950617,0.5303452962785089
bci2a,2,n25,tcn_stat,0.548611111111111,0.548611111111111,0.3981481481481481,0.5279192853823339
bci2a,2,n50,ann_sew_ce,0.4398148148148148,0.4398148148148148,0.25308641975308643,0.4225100641273918
bci2a,2,n50,ann_sew_equal,0.44328703703703703,0.44328703703703703,0.25771604938271603,0.4300127608459248
bci2a,2,n50,sew_clif_ce,0.5347222222222222,0.5347222222222222,0.3796296296296297,0.5040624554907204
bci2a,2,n50,sew_clif_equal,0.5266203703703703,0.5266203703703703,0.36882716049382713,0.49022606276134956
bci2a,3,all,ann_sew_ce,0.7719907407407408,0.7719907407407408,0.6959876543209877,0.770894923943894
bci2a,3,all,ann_sew_equal,0.78125,0.78125,0.7083333333333334,0.7794422593552627
bci2a,3,all,gru_stat,0.863425925925926,0.863425925925926,0.8179012345679014,0.8626216966254304
bci2a,3,all,sew_clif_ce,0.8645833333333334,0.8645833333333334,0.8194444444444445,0.863846234740671
bci2a,3,all,sew_clif_equal,0.8530092592592592,0.8530092592592592,0.8040123456790124,0.8518362566392836
bci2a,3,all,soft_clif_exact,0.8541666666666666,0.8541666666666666,0.8055555555555555,0.8535698370028256
bci2a,3,all,tcn_stat,0.8622685185185186,0.8622685185185186,0.8163580246913581,0.8608151525182107
bci2a,3,n25,ann_sew_ce,0.6793981481481483,0.6793981481481483,0.5725308641975309,0.6770929715754809
bci2a,3,n25,ann_sew_equal,0.6863425925925926,0.6863425925925927,0.58179012345679,0.6848539209210017
bci2a,3,n25,gru_stat,0.8425925925925926,0.8425925925925926,0.7901234567901235,0.8423982678989607
bci2a,3,n25,sew_clif_ce,0.8518518518518517,0.8518518518518517,0.8024691358024691,0.8510969965511971
bci2a,3,n25,sew_clif_equal,0.8483796296296297,0.8483796296296297,0.7978395061728395,0.8468160880281355
bci2a,3,n25,soft_clif_exact,0.8182870370370371,0.8182870370370371,0.757716049382716,0.8166755176001237
bci2a,3,n25,tcn_stat,0.8333333333333334,0.8333333333333334,0.7777777777777777,0.8327507168439023
bci2a,3,n50,ann_sew_ce,0.7372685185185185,0.7372685185185185,0.6496913580246914,0.736234942809343
bci2a,3,n50,ann_sew_equal,0.7407407407407408,0.7407407407407408,0.654320987654321,0.7398223399274353
bci2a,3,n50,sew_clif_ce,0.8541666666666666,0.8541666666666666,0.8055555555555557,0.8524575000411515
bci2a,3,n50,sew_clif_equal,0.8530092592592592,0.8530092592592592,0.8040123456790124,0.8519409434392308
bci2a,4,all,ann_sew_ce,0.5648148148148148,0.5648148148148148,0.4197530864197532,0.5591469290319723
bci2a,4,all,ann_sew_equal,0.5949074074074074,0.5949074074074074,0.45987654320987653,0.5901252208046809
bci2a,4,all,gru_stat,0.6284722222222222,0.6284722222222222,0.5046296296296297,0.6203573398856815
bci2a,4,all,sew_clif_ce,0.6319444444444444,0.6319444444444444,0.5092592592592592,0.6254898749728116
bci2a,4,all,sew_clif_equal,0.6469907407407408,0.6469907407407407,0.529320987654321,0.6411672658737476
bci2a,4,all,soft_clif_exact,0.6331018518518519,0.6331018518518519,0.5108024691358024,0.6243335420553991
bci2a,4,all,tcn_stat,0.6319444444444444,0.6319444444444444,0.5092592592592592,0.6218656922352513
bci2a,4,n25,ann_sew_ce,0.5011574074074074,0.5011574074074074,0.33487654320987653,0.4899180624813943
bci2a,4,n25,ann_sew_equal,0.5150462962962963,0.5150462962962963,0.353395061728395,0.5023201074564531
bci2a,4,n25,gru_stat,0.5810185185185185,0.5810185185185185,0.44135802469135804,0.5647870821269455
bci2a,4,n25,sew_clif_ce,0.6134259259259259,0.6134259259259259,0.484567901234568,0.602324215206961
bci2a,4,n25,sew_clif_equal,0.611111111111111,0.611111111111111,0.48148148148148145,0.6022290362960261
bci2a,4,n25,soft_clif_exact,0.5902777777777778,0.5902777777777778,0.4537037037037037,0.5826011809395768
bci2a,4,n25,tcn_stat,0.6296296296296297,0.6296296296296295,0.5061728395061729,0.6225145211454656
bci2a,4,n50,ann_sew_ce,0.5428240740740741,0.5428240740740741,0.3904320987654321,0.5353970870981847
bci2a,4,n50,ann_sew_equal,0.545138888888889,0.545138888888889,0.3935185185185186,0.5393135145312553
bci2a,4,n50,sew_clif_ce,0.6168981481481481,0.6168981481481481,0.48919753086419754,0.6080768375725533
bci2a,4,n50,sew_clif_equal,0.6273148148148149,0.6273148148148149,0.5030864197530863,0.6193282235946286
bci2a,5,all,ann_sew_ce,0.5555555555555557,0.5555555555555555,0.40740740740740744,0.53702298626148
bci2a,5,all,ann_sew_equal,0.5532407407407408,0.5532407407407408,0.404320987654321,0.5333817833642508
bci2a,5,all,gru_stat,0.6307870370370371,0.6307870370370371,0.5077160493827161,0.6094948854992741
bci2a,5,all,sew_clif_ce,0.6168981481481481,0.6168981481481481,0.48919753086419754,0.5899015939910061
bci2a,5,all,sew_clif_equal,0.6157407407407408,0.6157407407407408,0.4876543209876543,0.5865250062695527
bci2a,5,all,soft_clif_exact,0.6076388888888888,0.607638888888889,0.4768518518518518,0.5648016524894413
bci2a,5,all,tcn_stat,0.625,0.625,0.5000000000000001,0.5883421499151289
bci2a,5,n25,ann_sew_ce,0.4849537037037037,0.4849537037037037,0.3132716049382716,0.4617561506170363
bci2a,5,n25,ann_sew_equal,0.5034722222222222,0.5034722222222222,0.33796296296296297,0.4863817590162181
bci2a,5,n25,gru_stat,0.5891203703703703,0.5891203703703703,0.45216049382716056,0.5592230333706016
bci2a,5,n25,sew_clif_ce,0.5671296296296297,0.5671296296296297,0.42283950617283955,0.518748908468167
bci2a,5,n25,sew_clif_equal,0.5590277777777778,0.5590277777777778,0.412037037037037,0.5200360007157708
bci2a,5,n25,soft_clif_exact,0.5578703703703703,0.5578703703703703,0.4104938271604939,0.5153006563936852
bci2a,5,n25,tcn_stat,0.5775462962962963,0.5775462962962963,0.4367283950617284,0.5426111623033499
bci2a,5,n50,ann_sew_ce,0.5439814814814815,0.5439814814814815,0.3919753086419753,0.5285334889825793
bci2a,5,n50,ann_sew_equal,0.5138888888888888,0.513888888888889,0.35185185185185186,0.4982278425946574
bci2a,5,n50,sew_clif_ce,0.5995370370370371,0.5995370370370371,0.4660493827160494,0.5712115282195888
bci2a,5,n50,sew_clif_equal,0.5995370370370371,0.5995370370370371,0.4660493827160494,0.5662549726753959
bci2a,6,all,ann_sew_ce,0.4791666666666667,0.4791666666666667,0.3055555555555556,0.4784103810928637
bci2a,6,all,ann_sew_equal,0.46759259259259256,0.46759259259259256,0.29012345679012347,0.46704074294280473
bci2a,6,all,gru_stat,0.5023148148148148,0.5023148148148148,0.33641975308641975,0.5004490094988245
bci2a,6,all,sew_clif_ce,0.5081018518518519,0.5081018518518519,0.34413580246913583,0.5024870692168552
bci2a,6,all,sew_clif_equal,0.5208333333333334,0.5208333333333334,0.3611111111111111,0.517286892490998
bci2a,6,all,soft_clif_exact,0.5115740740740741,0.5115740740740741,0.3487654320987654,0.5062158377488147
bci2a,6,all,tcn_stat,0.5057870370370371,0.5057870370370371,0.3410493827160494,0.503656561817471
bci2a,6,n25,ann_sew_ce,0.4050925925925926,0.4050925925925926,0.20679012345679013,0.3961915826800113
bci2a,6,n25,ann_sew_equal,0.40625,0.40625,0.20833333333333334,0.3995616469249386
bci2a,6,n25,gru_stat,0.4803240740740741,0.4803240740740741,0.30709876543209874,0.46985889623533317
bci2a,6,n25,sew_clif_ce,0.5046296296296297,0.5046296296296297,0.3395061728395061,0.49376828925478033
bci2a,6,n25,sew_clif_equal,0.5092592592592592,0.5092592592592593,0.345679012345679,0.4945589457245913
bci2a,6,n25,soft_clif_exact,0.49074074074074076,0.4907407407407407,0.32098765432098764,0.4808484115586659
bci2a,6,n25,tcn_stat,0.48611111111111116,0.4861111111111111,0.3148148148148149,0.4732934180083402
bci2a,6,n50,ann_sew_ce,0.44328703703703703,0.44328703703703703,0.25771604938271603,0.44169227932720795
bci2a,6,n50,ann_sew_equal,0.44097222222222227,0.44097222222222215,0.25462962962962965,0.43708879851247934
bci2a,6,n50,sew_clif_ce,0.5081018518518519,0.5081018518518519,0.34413580246913583,0.5009560095069135
bci2a,6,n50,sew_clif_equal,0.5185185185185185,0.5185185185185185,0.3580246913580247,0.5084387626484178
bci2a,7,all,ann_sew_ce,0.7280092592592592,0.7280092592592592,0.6373456790123456,0.7234665048236583
bci2a,7,all,ann_sew_equal,0.7222222222222223,0.7222222222222222,0.6296296296296297,0.7180134813975075
bci2a,7,all,gru_stat,0.8043981481481483,0.8043981481481483,0.7391975308641975,0.8014934805097451
bci2a,7,all,sew_clif_ce,0.8125,0.8125,0.75,0.8114958027794774
bci2a,7,all,sew_clif_equal,0.8148148148148149,0.8148148148148148,0.7530864197530863,0.8147877516501504
bci2a,7,all,soft_clif_exact,0.767361111111111,0.767361111111111,0.6898148148148149,0.7658109302728372
bci2a,7,all,tcn_stat,0.8043981481481483,0.804398148148148,0.7391975308641975,0.8022455447610364
bci2a,7,n25,ann_sew_ce,0.6377314814814815,0.6377314814814815,0.5169753086419754,0.632211217537986
bci2a,7,n25,ann_sew_equal,0.6354166666666666,0.6354166666666666,0.513888888888889,0.6322557912849528
bci2a,7,n25,gru_stat,0.7581018518518517,0.758101851851852,0.6774691358024691,0.7535479226696197
bci2a,7,n25,sew_clif_ce,0.7546296296296297,0.7546296296296298,0.6728395061728395,0.751256874713223
bci2a,7,n25,sew_clif_equal,0.7546296296296297,0.7546296296296298,0.6728395061728395,0.7543919439138224
bci2a,7,n25,soft_clif_exact,0.710648148148148,0.7106481481481483,0.6141975308641975,0.7085504858724194
bci2a,7,n25,tcn_stat,0.7546296296296298,0.7546296296296297,0.6728395061728395,0.7536965218461811
bci2a,7,n50,ann_sew_ce,0.6956018518518517,0.6956018518518517,0.5941358024691358,0.690873100660006
bci2a,7,n50,ann_sew_equal,0.7094907407407408,0.7094907407407408,0.6126543209876543,0.7069802910703888
bci2a,7,n50,sew_clif_ce,0.7766203703703703,0.7766203703703706,0.7021604938271605,0.7742677026981738
bci2a,7,n50,sew_clif_equal,0.7951388888888888,0.7951388888888888,0.7268518518518517,0.7952068643050719
bci2a,8,all,ann_sew_ce,0.7291666666666666,0.7291666666666666,0.6388888888888888,0.7249502277456769
bci2a,8,all,ann_sew_equal,0.7129629629629629,0.7129629629629631,0.6172839506172839,0.7070503474970226
bci2a,8,all,gru_stat,0.7847222222222222,0.7847222222222222,0.7129629629629629,0.7796924563736396
bci2a,8,all,sew_clif_ce,0.7604166666666666,0.7604166666666666,0.6805555555555555,0.7552189533410877
bci2a,8,all,sew_clif_equal,0.7523148148148148,0.7523148148148148,0.6697530864197532,0.7466277444092789
bci2a,8,all,soft_clif_exact,0.7685185185185186,0.7685185185185185,0.6913580246913581,0.7643211686263571
bci2a,8,all,tcn_stat,0.78125,0.78125,0.7083333333333334,0.7765460367795866
bci2a,8,n25,ann_sew_ce,0.6215277777777778,0.6215277777777778,0.4953703703703704,0.6113186229688486
bci2a,8,n25,ann_sew_equal,0.6307870370370371,0.630787037037037,0.507716049382716,0.6190927970671144
bci2a,8,n25,gru_stat,0.7685185185185185,0.7685185185185185,0.691358024691358,0.7622738732355083
bci2a,8,n25,sew_clif_ce,0.7453703703703703,0.7453703703703703,0.6604938271604938,0.7338607134962266
bci2a,8,n25,sew_clif_equal,0.7465277777777778,0.7465277777777777,0.6620370370370371,0.7348308850916246
bci2a,8,n25,soft_clif_exact,0.7407407407407408,0.7407407407407408,0.6543209876543209,0.7369374372781751
bci2a,8,n25,tcn_stat,0.78125,0.78125,0.7083333333333334,0.7755582373015862
bci2a,8,n50,ann_sew_ce,0.7175925925925926,0.7175925925925926,0.6234567901234568,0.7145172701005867
bci2a,8,n50,ann_sew_equal,0.7256944444444445,0.7256944444444445,0.6342592592592592,0.7229617992214149
bci2a,8,n50,sew_clif_ce,0.7708333333333334,0.7708333333333334,0.6944444444444445,0.7662366924474978
bci2a,8,n50,sew_clif_equal,0.7696759259259259,0.7696759259259259,0.6929012345679012,0.764258795632911
bci2a,9,all,ann_sew_ce,0.7245370370370371,0.7245370370370371,0.632716049382716,0.725761780119278
bci2a,9,all,ann_sew_equal,0.7280092592592592,0.7280092592592592,0.6373456790123457,0.7289347348861103
bci2a,9,all,gru_stat,0.8043981481481483,0.8043981481481483,0.7391975308641975,0.8032976130958577
bci2a,9,all,sew_clif_ce,0.8009259259259259,0.8009259259259259,0.7345679012345679,0.8019835191497032
bci2a,9,all,sew_clif_equal,0.8020833333333334,0.8020833333333335,0.736111111111111,0.8033830015736382
bci2a,9,all,soft_clif_exact,0.7743055555555557,0.7743055555555555,0.6990740740740741,0.7746839486546323
bci2a,9,all,tcn_stat,0.7893518518518517,0.7893518518518517,0.7191358024691358,0.7889657264546921
bci2a,9,n25,ann_sew_ce,0.6689814814814815,0.6689814814814815,0.558641975308642,0.6706644211640475
bci2a,9,n25,ann_sew_equal,0.6747685185185186,0.6747685185185186,0.566358024691358,0.6755400581200052
bci2a,9,n25,gru_stat,0.7824074074074074,0.7824074074074074,0.7098765432098766,0.7818425672891413
bci2a,9,n25,sew_clif_ce,0.7743055555555557,0.7743055555555555,0.6990740740740741,0.7745259408146672
bci2a,9,n25,sew_clif_equal,0.7627314814814815,0.7627314814814815,0.6836419753086419,0.762962323801491
bci2a,9,n25,soft_clif_exact,0.773148148148148,0.7731481481481483,0.6975308641975309,0.769505659746125
bci2a,9,n25,tcn_stat,0.7592592592592592,0.7592592592592594,0.6790123456790124,0.7598405552964828
bci2a,9,n50,ann_sew_ce,0.7210648148148149,0.7210648148148149,0.6280864197530863,0.7200369469355042
bci2a,9,n50,ann_sew_equal,0.7152777777777778,0.7152777777777778,0.6203703703703703,0.7156257761918253
bci2a,9,n50,sew_clif_ce,0.8009259259259259,0.8009259259259259,0.7345679012345679,0.8003754823570266
bci2a,9,n50,sew_clif_equal,0.7858796296296297,0.7858796296296297,0.714506172839506,0.7861719449759376
bnci2014_004,1,all,ann_sew_ce,0.6895833333333333,0.6895833333333333,0.37916666666666665,0.6842602404562926
bnci2014_004,1,all,ann_sew_equal,0.6593749999999999,0.659375,0.31875000000000003,0.6525480825610495
bnci2014_004,1,all,gru_stat,0.6614583333333334,0.6614583333333334,0.3229166666666667,0.6492396312893584
bnci2014_004,1,all,sew_clif_ce,0.6666666666666666,0.6666666666666666,0.3333333333333333,0.6557853815154742
bnci2014_004,1,all,sew_clif_equal,0.665625,0.665625,0.33125,0.6553019946728919
bnci2014_004,1,all,soft_clif_exact,0.6760416666666668,0.6760416666666668,0.3520833333333333,0.6608285359267005
bnci2014_004,1,all,tcn_stat,0.6593749999999999,0.6593749999999999,0.31875000000000003,0.6511645969112042
bnci2014_004,1,n100,ann_sew_ce,0.665625,0.665625,0.33125,0.662875618671548
bnci2014_004,1,n100,ann_sew_equal,0.6604166666666667,0.6604166666666667,0.3208333333333333,0.6573313346019835
bnci2014_004,1,n100,sew_clif_ce,0.6802083333333333,0.6802083333333334,0.36041666666666666,0.6752649818654283
bnci2014_004,1,n100,sew_clif_equal,0.6635416666666667,0.6635416666666667,0.32708333333333334,0.6561333771984332
bnci2014_004,1,n25,ann_sew_ce,0.5541666666666666,0.5541666666666666,0.10833333333333332,0.5461931350975249
bnci2014_004,1,n25,ann_sew_equal,0.5552083333333333,0.5552083333333333,0.11041666666666668,0.546462931440929
bnci2014_004,1,n25,gru_stat,0.646875,0.646875,0.29375,0.6263687509295423
bnci2014_004,1,n25,sew_clif_ce,0.6270833333333333,0.6270833333333333,0.25416666666666665,0.6072970180710119
bnci2014_004,1,n25,sew_clif_equal,0.615625,0.615625,0.23125000000000004,0.5958526516034245
bnci2014_004,1,n25,soft_clif_exact,0.6166666666666667,0.6166666666666667,0.2333333333333333,0.5949943429596599
bnci2014_004,1,n25,tcn_stat,0.6458333333333334,0.6458333333333334,0.2916666666666667,0.6375574995489903
bnci2014_004,1,n50,ann_sew_ce,0.6229166666666667,0.6229166666666667,0.24583333333333335,0.6208525736491284
bnci2014_004,1,n50,ann_sew_equal,0.6166666666666666,0.6166666666666666,0.2333333333333333,0.6124397783238068
bnci2014_004,1,n50,sew_clif_ce,0.665625,0.665625,0.33125,0.6557123319163658
bnci2014_004,1,n50,sew_clif_equal,0.6604166666666665,0.6604166666666668,0.3208333333333333,0.6517613807901382
bnci2014_004,2,all,ann_sew_ce,0.4773809523809524,0.4773809523809524,-0.045238095238095265,0.4768063358913208
bnci2014_004,2,all,ann_sew_equal,0.4702380952380952,0.4702380952380952,-0.059523809523809534,0.4699349993607218
bnci2014_004,2,all,gru_stat,0.4797619047619048,0.4797619047619048,-0.04047619047619048,0.47882995069089623
bnci2014_004,2,all,sew_clif_ce,0.4761904761904762,0.4761904761904762,-0.047619047619047596,0.4752559767616951
bnci2014_004,2,all,sew_clif_equal,0.5011904761904762,0.5011904761904762,0.0023809523809523725,0.4998070019863172
bnci2014_004,2,all,soft_clif_exact,0.5428571428571428,0.5428571428571428,0.0857142857142857,0.5400066796967334
bnci2014_004,2,all,tcn_stat,0.47261904761904766,0.47261904761904766,-0.05476190476190479,0.47197041809671464
bnci2014_004,2,n100,ann_sew_ce,0.4857142857142857,0.48571428571428577,-0.02857142857142858,0.4830452698360545
bnci2014_004,2,n100,ann_sew_equal,0.48809523809523814,0.48809523809523814,-0.023809523809523798,0.4853703440911484
bnci2014_004,2,n100,sew_clif_ce,0.48809523809523814,0.4880952380952381,-0.023809523809523836,0.48501499057890035
bnci2014_004,2,n100,sew_clif_equal,0.4892857142857143,0.4892857142857143,-0.021428571428571425,0.48680330866662286
bnci2014_004,2,n25,ann_sew_ce,0.5119047619047619,0.5119047619047619,0.023809523809523798,0.5032437121371792
bnci2014_004,2,n25,ann_sew_equal,0.4988095238095238,0.4988095238095238,-0.0023809523809524094,0.49026726624612343
bnci2014_004,2,n25,gru_stat,0.5154761904761904,0.5154761904761904,0.030952380952380915,0.4968987225516583
bnci2014_004,2,n25,sew_clif_ce,0.513095238095238,0.5130952380952382,0.02619047619047617,0.501684457057573
bnci2014_004,2,n25,sew_clif_equal,0.5154761904761904,0.5154761904761904,0.030952380952380953,0.5057048310330367
bnci2014_004,2,n25,soft_clif_exact,0.5166666666666666,0.5166666666666666,0.03333333333333329,0.4504035677747997
bnci2014_004,2,n25,tcn_stat,0.5059523809523809,0.5059523809523809,0.011904761904761899,0.49556195961996785
bnci2014_004,2,n50,ann_sew_ce,0.4869047619047619,0.4869047619047619,-0.026190476190476247,0.4854544380281805
bnci2014_004,2,n50,ann_sew_equal,0.5023809523809524,0.5023809523809524,0.004761904761904708,0.5002698571064483
bnci2014_004,2,n50,sew_clif_ce,0.5226190476190476,0.5226190476190476,0.0452380952380953,0.5205413659957213
bnci2014_004,2,n50,sew_clif_equal,0.530952380952381,0.530952380952381,0.06190476190476191,0.530432555404173
bnci2014_004,3,all,ann_sew_ce,0.5322916666666667,0.5322916666666667,0.06458333333333337,0.5311667059643231
bnci2014_004,3,all,ann_sew_equal,0.5187499999999999,0.5187499999999999,0.03750000000000001,0.5183029189169043
bnci2014_004,3,all,gru_stat,0.5020833333333333,0.5020833333333333,0.004166666666666652,0.5020278863681558
bnci2014_004,3,all,sew_clif_ce,0.484375,0.484375,-0.03125,0.4826971357845992
bnci2014_004,3,all,sew_clif_equal,0.5114583333333333,0.5114583333333332,0.022916666666666696,0.5107155095424347
bnci2014_004,3,all,soft_clif_exact,0.5208333333333334,0.5208333333333334,0.041666666666666664,0.517602438754352
bnci2014_004,3,all,tcn_stat,0.4791666666666667,0.4791666666666667,-0.041666666666666664,0.47770347609255914
bnci2014_004,3,n100,ann_sew_ce,0.509375,0.509375,0.01874999999999997,0.509341273790854
bnci2014_004,3,n100,ann_sew_equal,0.496875,0.496875,-0.006249999999999978,0.49587737911914237
bnci2014_004,3,n100,sew_clif_ce,0.4895833333333333,0.4895833333333333,-0.020833333333333297,0.4889612646002533
bnci2014_004,3,n100,sew_clif_equal,0.4822916666666666,0.4822916666666666,-0.03541666666666665,0.48087256081130647
bnci2014_004,3,n25,ann_sew_ce,0.49062500000000003,0.49062500000000003,-0.01874999999999997,0.4897726358612899
bnci2014_004,3,n25,ann_sew_equal,0.5052083333333334,0.5052083333333334,0.010416666666666666,0.49700432358915075
bnci2014_004,3,n25,gru_stat,0.48541666666666666,0.48541666666666666,-0.029166666666666636,0.4832093738788706
bnci2014_004,3,n25,sew_clif_ce,0.4979166666666666,0.4979166666666666,-0.004166666666666652,0.4963064006074868
bnci2014_004,3,n25,sew_clif_equal,0.5010416666666667,0.5010416666666666,0.002083333333333363,0.50083315293164
bnci2014_004,3,n25,soft_clif_exact,0.4979166666666666,0.4979166666666666,-0.004166666666666652,0.48959003870999923
bnci2014_004,3,n25,tcn_stat,0.49374999999999997,0.49374999999999997,-0.012499999999999992,0.49065743750803686
bnci2014_004,3,n50,ann_sew_ce,0.521875,0.521875,0.043749999999999956,0.5210887582692078
bnci2014_004,3,n50,ann_sew_equal,0.5145833333333333,0.5145833333333333,0.029166666666666712,0.5136645425977946
bnci2014_004,3,n50,sew_clif_ce,0.4895833333333333,0.48958333333333326,-0.020833333333333332,0.48658564362719225
bnci2014_004,3,n50,sew_clif_equal,0.484375,0.484375,-0.03125,0.48215432967315763
bnci2014_004,4,all,ann_sew_ce,0.8541666666666666,0.8541666666666666,0.7083333333333334,0.8537640241889614
bnci2014_004,4,all,ann_sew_equal,0.8697916666666666,0.8697916666666666,0.7395833333333334,0.8694136509959925
bnci2014_004,4,all,gru_stat,0.8916666666666666,0.8916666666666666,0.7833333333333333,0.8915665080814241
bnci2014_004,4,all,sew_clif_ce,0.8739583333333334,0.8739583333333334,0.7479166666666667,0.8738334294737561
bnci2014_004,4,all,sew_clif_equal,0.8770833333333333,0.8770833333333332,0.7541666666666668,0.8770323553960334
bnci2014_004,4,all,soft_clif_exact,0.8677083333333333,0.8677083333333333,0.7354166666666666,0.8676292820853396
bnci2014_004,4,all,tcn_stat,0.8875000000000001,0.8875000000000001,0.775,0.8874430878794165
bnci2014_004,4,n100,ann_sew_ce,0.8375,0.8375,0.6749999999999999,0.8370754977647867
bnci2014_004,4,n100,ann_sew_equal,0.8447916666666666,0.8447916666666666,0.6895833333333332,0.8440449624626764
bnci2014_004,4,n100,sew_clif_ce,0.8395833333333332,0.8395833333333332,0.6791666666666666,0.8377381047801978
bnci2014_004,4,n100,sew_clif_equal,0.8479166666666665,0.8479166666666665,0.6958333333333333,0.8463055765684651
bnci2014_004,4,n25,ann_sew_ce,0.6687500000000001,0.6687500000000001,0.33749999999999997,0.6665043745195435
bnci2014_004,4,n25,ann_sew_equal,0.665625,0.665625,0.33125,0.6650467261912826
bnci2014_004,4,n25,gru_stat,0.8083333333333332,0.8083333333333332,0.6166666666666666,0.8067896130190917
bnci2014_004,4,n25,sew_clif_ce,0.771875,0.771875,0.5437500000000001,0.7667002153495543
bnci2014_004,4,n25,sew_clif_equal,0.7708333333333334,0.7708333333333334,0.5416666666666666,0.7660959026641159
bnci2014_004,4,n25,soft_clif_exact,0.7843749999999999,0.7843749999999999,0.56875,0.7813197986731777
bnci2014_004,4,n25,tcn_stat,0.7979166666666666,0.7979166666666666,0.5958333333333333,0.794278488512495
bnci2014_004,4,n50,ann_sew_ce,0.765625,0.765625,0.53125,0.7650563040312667
bnci2014_004,4,n50,ann_sew_equal,0.7781250000000001,0.7781250000000001,0.55625,0.7768360458193501
bnci2014_004,4,n50,sew_clif_ce,0.8250000000000001,0.8250000000000001,0.65,0.822346663882166
bnci2014_004,4,n50,sew_clif_equal,0.8302083333333333,0.8302083333333332,0.6604166666666667,0.8286800891192548
bnci2014_004,5,all,ann_sew_ce,0.7979166666666666,0.7979166666666666,0.5958333333333333,0.7976121529401244
bnci2014_004,5,all,ann_sew_equal,0.8020833333333334,0.8020833333333334,0.6041666666666666,0.8016609163439719
bnci2014_004,5,all,gru_stat,0.8364583333333333,0.8364583333333334,0.6729166666666666,0.8351224401536612
bnci2014_004,5,all,sew_clif_ce,0.8072916666666666,0.8072916666666666,0.6145833333333334,0.806090226835375
bnci2014_004,5,all,sew_clif_equal,0.8072916666666666,0.8072916666666666,0.6145833333333334,0.806455163160881
bnci2014_004,5,all,soft_clif_exact,0.8125,0.8125,0.625,0.8092867956743244
bnci2014_004,5,all,tcn_stat,0.8177083333333334,0.8177083333333334,0.6354166666666666,0.8164609329865491
bnci2014_004,5,n100,ann_sew_ce,0.7624999999999998,0.7624999999999998,0.525,0.7601473596189611
bnci2014_004,5,n100,ann_sew_equal,0.7447916666666666,0.7447916666666666,0.4895833333333333,0.7426857750923976
bnci2014_004,5,n100,sew_clif_ce,0.8041666666666666,0.8041666666666666,0.6083333333333333,0.8016429723610389
bnci2014_004,5,n100,sew_clif_equal,0.7999999999999999,0.7999999999999999,0.6,0.7975342690022426
bnci2014_004,5,n25,ann_sew_ce,0.5947916666666666,0.5947916666666666,0.18958333333333335,0.5602071495698825
bnci2014_004,5,n25,ann_sew_equal,0.6104166666666667,0.6104166666666667,0.22083333333333335,0.5953441254326721
bnci2014_004,5,n25,gru_stat,0.7791666666666667,0.7791666666666667,0.5583333333333332,0.7748985182327494
bnci2014_004,5,n25,sew_clif_ce,0.7708333333333334,0.7708333333333334,0.5416666666666666,0.76441897384248
bnci2014_004,5,n25,sew_clif_equal,0.75625,0.75625,0.5125000000000001,0.7498127504156544
bnci2014_004,5,n25,soft_clif_exact,0.7781250000000001,0.7781249999999998,0.55625,0.7709345829015183
bnci2014_004,5,n25,tcn_stat,0.7583333333333333,0.7583333333333334,0.5166666666666667,0.7517050910114899
bnci2014_004,5,n50,ann_sew_ce,0.6614583333333333,0.6614583333333333,0.3229166666666666,0.6471608967372814
bnci2014_004,5,n50,ann_sew_equal,0.6333333333333333,0.6333333333333333,0.26666666666666666,0.616264411994231
bnci2014_004,5,n50,sew_clif_ce,0.7729166666666667,0.7729166666666667,0.5458333333333333,0.766986293400486
bnci2014_004,5,n50,sew_clif_equal,0.790625,0.790625,0.5812499999999999,0.787689661299877
bnci2014_004,6,all,ann_sew_ce,0.5375,0.5375,0.075,0.5258552611245882
bnci2014_004,6,all,ann_sew_equal,0.5333333333333333,0.5333333333333333,0.06666666666666665,0.5289069434145246
bnci2014_004,6,all,gru_stat,0.571875,0.571875,0.14375000000000004,0.5588692692136269
bnci2014_004,6,all,sew_clif_ce,0.5437500000000001,0.5437500000000001,0.08749999999999998,0.5261791178350298
bnci2014_004,6,all,sew_clif_equal,0.5604166666666667,0.5604166666666667,0.12083333333333335,0.5484370529565209
bnci2014_004,6,all,soft_clif_exact,0.5395833333333333,0.5395833333333333,0.07916666666666661,0.5120440185577407
bnci2014_004,6,all,tcn_stat,0.5739583333333333,0.5739583333333333,0.1479166666666667,0.5575425549077537
bnci2014_004,6,n100,ann_sew_ce,0.521875,0.521875,0.04374999999999999,0.5146503642136944
bnci2014_004,6,n100,ann_sew_equal,0.5395833333333334,0.5395833333333334,0.07916666666666676,0.5375397562470398
bnci2014_004,6,n100,sew_clif_ce,0.55625,0.55625,0.11249999999999998,0.5478365346724404
bnci2014_004,6,n100,sew_clif_equal,0.5427083333333333,0.5427083333333333,0.0854166666666667,0.5396960926939113
bnci2014_004,6,n25,ann_sew_ce,0.515625,0.515625,0.031249999999999962,0.4968804489241363
bnci2014_004,6,n25,ann_sew_equal,0.5166666666666667,0.5166666666666667,0.033333333333333326,0.4974971018100936
bnci2014_004,6,n25,gru_stat,0.5166666666666666,0.5166666666666666,0.03333333333333329,0.5098820905185165
bnci2014_004,6,n25,sew_clif_ce,0.4916666666666667,0.4916666666666667,-0.016666666666666646,0.48800712859823125
bnci2014_004,6,n25,sew_clif_equal,0.509375,0.509375,0.01874999999999997,0.5034659164501042
bnci2014_004,6,n25,soft_clif_exact,0.4947916666666667,0.4947916666666667,-0.010416666666666666,0.46980092467891205
bnci2014_004,6,n25,tcn_stat,0.5,0.5,0.0,0.4982202580499517
bnci2014_004,6,n50,ann_sew_ce,0.5208333333333334,0.5208333333333334,0.041666666666666706,0.5166126377468347
bnci2014_004,6,n50,ann_sew_equal,0.521875,0.521875,0.04375000000000003,0.519578084035185
bnci2014_004,6,n50,sew_clif_ce,0.5197916666666667,0.5197916666666667,0.039583333333333304,0.519431056516631
bnci2014_004,6,n50,sew_clif_equal,0.5260416666666666,0.5260416666666666,0.052083333333333336,0.5229800416118013
bnci2014_004,7,all,ann_sew_ce,0.7760416666666666,0.7760416666666666,0.5520833333333334,0.775471075925604
bnci2014_004,7,all,ann_sew_equal,0.7791666666666668,0.7791666666666668,0.5583333333333333,0.7788263731623833
bnci2014_004,7,all,gru_stat,0.7947916666666668,0.7947916666666668,0.5895833333333333,0.7943794699893062
bnci2014_004,7,all,sew_clif_ce,0.775,0.775,0.55,0.7740226924793813
bnci2014_004,7,all,sew_clif_equal,0.796875,0.796875,0.59375,0.7960976548876583
bnci2014_004,7,all,soft_clif_exact,0.790625,0.790625,0.5812499999999999,0.7893128350371148
bnci2014_004,7,all,tcn_stat,0.8052083333333333,0.8052083333333333,0.6104166666666666,0.8045019870553247
bnci2014_004,7,n100,ann_sew_ce,0.7125,0.7125,0.42500000000000004,0.7119214219251925
bnci2014_004,7,n100,ann_sew_equal,0.7125,0.7125,0.42500000000000004,0.7119584603107144
bnci2014_004,7,n100,sew_clif_ce,0.7583333333333334,0.7583333333333334,0.5166666666666667,0.7575119651113651
bnci2014_004,7,n100,sew_clif_equal,0.75625,0.75625,0.5125000000000001,0.7555651990417801
bnci2014_004,7,n25,ann_sew_ce,0.6645833333333333,0.6645833333333333,0.32916666666666666,0.6617188511041064
bnci2014_004,7,n25,ann_sew_equal,0.6197916666666667,0.6197916666666666,0.2395833333333334,0.6174310849971639
bnci2014_004,7,n25,gru_stat,0.7354166666666666,0.7354166666666666,0.47083333333333327,0.7350716255145281
bnci2014_004,7,n25,sew_clif_ce,0.75,0.75,0.5,0.7490091623879601
bnci2014_004,7,n25,sew_clif_equal,0.7333333333333334,0.7333333333333334,0.4666666666666666,0.7323346603885571
bnci2014_004,7,n25,soft_clif_exact,0.7385416666666668,0.7385416666666668,0.4770833333333333,0.7376162856060735
bnci2014_004,7,n25,tcn_stat,0.7145833333333332,0.7145833333333332,0.42916666666666664,0.7142278964069312
bnci2014_004,7,n50,ann_sew_ce,0.6645833333333333,0.6645833333333333,0.32916666666666666,0.6637290733747915
bnci2014_004,7,n50,ann_sew_equal,0.6770833333333334,0.6770833333333334,0.3541666666666666,0.6769552739940036
bnci2014_004,7,n50,sew_clif_ce,0.7354166666666667,0.7354166666666666,0.4708333333333334,0.7348165390119128
bnci2014_004,7,n50,sew_clif_equal,0.7166666666666667,0.7166666666666667,0.43333333333333335,0.715425571664225
bnci2014_004,8,all,ann_sew_ce,0.828125,0.828125,0.65625,0.8264234812810726
bnci2014_004,8,all,ann_sew_equal,0.821875,0.8218749999999999,0.6437499999999999,0.8201634685460464
bnci2014_004,8,all,gru_stat,0.8364583333333333,0.8364583333333333,0.6729166666666666,0.8345314716597776
bnci2014_004,8,all,sew_clif_ce,0.8385416666666666,0.8385416666666666,0.6770833333333334,0.8379241581273508
bnci2014_004,8,all,sew_clif_equal,0.8385416666666666,0.8385416666666666,0.6770833333333334,0.8377483055633078
bnci2014_004,8,all,soft_clif_exact,0.8604166666666666,0.8604166666666666,0.7208333333333333,0.8594696899349645
bnci2014_004,8,all,tcn_stat,0.8291666666666666,0.8291666666666666,0.6583333333333333,0.827179845862798
bnci2014_004,8,n100,ann_sew_ce,0.7541666666666665,0.7541666666666668,0.5083333333333333,0.7492367232281997
bnci2014_004,8,n100,ann_sew_equal,0.7697916666666668,0.7697916666666668,0.5395833333333333,0.7661983148509023
bnci2014_004,8,n100,sew_clif_ce,0.7885416666666667,0.7885416666666667,0.5770833333333333,0.7846253854140602
bnci2014_004,8,n100,sew_clif_equal,0.80625,0.80625,0.6125,0.8028333498245438
bnci2014_004,8,n25,ann_sew_ce,0.6354166666666666,0.6354166666666666,0.2708333333333333,0.6342475670026367
bnci2014_004,8,n25,ann_sew_equal,0.6645833333333333,0.6645833333333333,0.3291666666666666,0.6605222310427538
bnci2014_004,8,n25,gru_stat,0.8177083333333334,0.8177083333333334,0.6354166666666666,0.8162014067229512
bnci2014_004,8,n25,sew_clif_ce,0.8114583333333334,0.8114583333333334,0.6229166666666667,0.8097352265585726
bnci2014_004,8,n25,sew_clif_equal,0.8072916666666666,0.8072916666666666,0.6145833333333334,0.8045851036837472
bnci2014_004,8,n25,soft_clif_exact,0.859375,0.859375,0.71875,0.8588900911791221
bnci2014_004,8,n25,tcn_stat,0.8104166666666667,0.8104166666666668,0.6208333333333333,0.8094718423141541
bnci2014_004,8,n50,ann_sew_ce,0.6947916666666667,0.6947916666666667,0.3895833333333334,0.6927233189994811
bnci2014_004,8,n50,ann_sew_equal,0.6947916666666666,0.6947916666666666,0.38958333333333334,0.6934754181825765
bnci2014_004,8,n50,sew_clif_ce,0.8322916666666668,0.8322916666666668,0.6645833333333333,0.8311700421754512
bnci2014_004,8,n50,sew_clif_equal,0.8333333333333334,0.8333333333333334,0.6666666666666666,0.8320718101650136
bnci2014_004,9,all,ann_sew_ce,0.7687499999999999,0.7687499999999999,0.5375,0.7676840191034687
bnci2014_004,9,all,ann_sew_equal,0.7677083333333333,0.7677083333333333,0.5354166666666668,0.7664564404356821
bnci2014_004,9,all,gru_stat,0.8010416666666668,0.8010416666666668,0.6020833333333334,0.8010051707942004
bnci2014_004,9,all,sew_clif_ce,0.771875,0.7718750000000001,0.54375,0.7712703904784659
bnci2014_004,9,all,sew_clif_equal,0.7802083333333334,0.7802083333333334,0.5604166666666667,0.7794594255044599
bnci2014_004,9,all,soft_clif_exact,0.7999999999999999,0.7999999999999999,0.6,0.7965177588600815
bnci2014_004,9,all,tcn_stat,0.775,0.7749999999999999,0.5499999999999999,0.7747621276158138
bnci2014_004,9,n100,ann_sew_ce,0.6979166666666666,0.6979166666666666,0.3958333333333333,0.6968239691632312
bnci2014_004,9,n100,ann_sew_equal,0.7385416666666668,0.7385416666666668,0.47708333333333336,0.7365329531007759
bnci2014_004,9,n100,sew_clif_ce,0.7333333333333334,0.7333333333333334,0.46666666666666673,0.7318150513374343
bnci2014_004,9,n100,sew_clif_equal,0.7333333333333334,0.7333333333333334,0.4666666666666666,0.7309557046694408
bnci2014_004,9,n25,ann_sew_ce,0.6062500000000001,0.6062500000000001,0.2125,0.6036988232050964
bnci2014_004,9,n25,ann_sew_equal,0.5895833333333332,0.5895833333333332,0.1791666666666666,0.5810329399981636
bnci2014_004,9,n25,gru_stat,0.7374999999999999,0.7374999999999999,0.4749999999999999,0.7270736352959464
bnci2014_004,9,n25,sew_clif_ce,0.7354166666666666,0.7354166666666666,0.4708333333333334,0.7230166846751906
bnci2014_004,9,n25,sew_clif_equal,0.7260416666666667,0.7260416666666667,0.45208333333333334,0.7146655809286472
bnci2014_004,9,n25,soft_clif_exact,0.71875,0.71875,0.4375,0.7030448442615019
bnci2014_004,9,n25,tcn_stat,0.7604166666666666,0.7604166666666666,0.5208333333333334,0.7518462988936406
bnci2014_004,9,n50,ann_sew_ce,0.65625,0.65625,0.31249999999999994,0.6481487821324193
bnci2014_004,9,n50,ann_sew_equal,0.6687500000000001,0.6687500000000001,0.33749999999999997,0.6589533865498527
bnci2014_004,9,n50,sew_clif_ce,0.7270833333333333,0.7270833333333334,0.45416666666666666,0.7171407386092709
bnci2014_004,9,n50,sew_clif_equal,0.7135416666666666,0.7135416666666666,0.4270833333333333,0.7020802905393699
openbmi,1,all,ann_sew_ce,0.6833333333333335,0.6833333333333332,0.3666666666666667,0.672321335564324
openbmi,1,all,ann_sew_equal,0.6733333333333333,0.6733333333333333,0.3466666666666666,0.6662204356175832
openbmi,1,all,gru_stat,0.8066666666666666,0.8066666666666666,0.6133333333333334,0.8056434533925664
openbmi,1,all,sew_clif_ce,0.8333333333333334,0.8333333333333334,0.6666666666666666,0.8327730354234824
openbmi,1,all,sew_clif_equal,0.7999999999999999,0.8000000000000002,0.6,0.7995661303087521
openbmi,1,all,soft_clif_exact,0.8099999999999999,0.81,0.62,0.807956581737234
openbmi,1,all,tcn_stat,0.79,0.79,0.58,0.7881377972670108
openbmi,1,n25,ann_sew_ce,0.6733333333333333,0.6733333333333333,0.3466666666666667,0.6687842915484863
openbmi,1,n25,ann_sew_equal,0.6999999999999998,0.6999999999999998,0.39999999999999997,0.6954637371559036
openbmi,1,n25,gru_stat,0.7733333333333334,0.7733333333333334,0.5466666666666667,0.7730176154497661
openbmi,1,n25,sew_clif_ce,0.7833333333333332,0.7833333333333333,0.5666666666666667,0.7820665242475441
openbmi,1,n25,sew_clif_equal,0.7766666666666667,0.7766666666666667,0.5533333333333333,0.7756831472620945
openbmi,1,n25,soft_clif_exact,0.7999999999999999,0.7999999999999999,0.6,0.7949349499361427
openbmi,1,n25,tcn_stat,0.7733333333333334,0.7733333333333334,0.5466666666666667,0.7715195579507101
openbmi,2,all,ann_sew_ce,0.7199999999999999,0.7199999999999999,0.43999999999999995,0.6860962301587302
openbmi,2,all,ann_sew_equal,0.6933333333333334,0.6933333333333334,0.38666666666666666,0.649152424982252
openbmi,2,all,gru_stat,0.7433333333333333,0.7433333333333333,0.48666666666666664,0.693951372402236
openbmi,2,all,sew_clif_ce,0.7666666666666666,0.7666666666666666,0.5333333333333333,0.7393884342968656
openbmi,2,all,sew_clif_equal,0.7333333333333334,0.7333333333333334,0.4666666666666666,0.6790221660121049
openbmi,2,all,soft_clif_exact,0.8233333333333333,0.8233333333333333,0.6466666666666666,0.8180483028256288
openbmi,2,all,tcn_stat,0.75,0.75,0.5,0.7039552988693965
openbmi,2,n25,ann_sew_ce,0.79,0.79,0.58,0.7777935668519894
openbmi,2,n25,ann_sew_equal,0.7600000000000001,0.7600000000000001,0.5200000000000001,0.7449124135104018
openbmi,2,n25,gru_stat,0.7233333333333333,0.7233333333333333,0.4466666666666666,0.6765439036498417
openbmi,2,n25,sew_clif_ce,0.7766666666666667,0.7766666666666667,0.5533333333333333,0.744898486263114
openbmi,2,n25,sew_clif_equal,0.82,0.82,0.64,0.8055775993805803
openbmi,2,n25,soft_clif_exact,0.7733333333333333,0.7733333333333333,0.5466666666666667,0.756600860351112
openbmi,2,n25,tcn_stat,0.68,0.68,0.36000000000000004,0.6375447848532838
openbmi,3,all,ann_sew_ce,0.89,0.89,0.7799999999999999,0.8898921839484596
openbmi,3,all,ann_sew_equal,0.9033333333333333,0.9033333333333333,0.8066666666666666,0.9032869312572283
openbmi,3,all,gru_stat,0.8733333333333334,0.8733333333333334,0.7466666666666667,0.8703184770866229
openbmi,3,all,sew_clif_ce,0.9066666666666667,0.9066666666666666,0.8133333333333335,0.9056350818484832
openbmi,3,all,sew_clif_equal,0.8933333333333334,0.8933333333333332,0.7866666666666667,0.8920067260992196
openbmi,3,all,soft_clif_exact,0.84,0.84,0.68,0.8326118552113266
openbmi,3,all,tcn_stat,0.86,0.86,0.7200000000000001,0.8558538942040786
openbmi,3,n25,ann_sew_ce,0.8233333333333334,0.8233333333333334,0.6466666666666667,0.8227510353952358
openbmi,3,n25,ann_sew_equal,0.7600000000000001,0.7600000000000001,0.52,0.755457201450425
openbmi,3,n25,gru_stat,0.91,0.9099999999999998,0.82,0.9095218471854554
openbmi,3,n25,sew_clif_ce,0.9,0.9,0.7999999999999999,0.8981605369510337
openbmi,3,n25,sew_clif_equal,0.8966666666666666,0.8966666666666666,0.7933333333333333,0.8953385342614228
openbmi,3,n25,soft_clif_exact,0.9099999999999998,0.91,0.82,0.907973894024205
openbmi,3,n25,tcn_stat,0.9133333333333334,0.9133333333333334,0.8266666666666667,0.9123402344314399
openbmi,4,all,ann_sew_ce,0.5166666666666667,0.5166666666666667,0.03333333333333336,0.45958235948637083
openbmi,4,all,ann_sew_equal,0.51,0.51,0.020000000000000018,0.4383283544835204
openbmi,4,all,gru_stat,0.4633333333333334,0.4633333333333333,-0.07333333333333332,0.41568704334311946
openbmi,4,all,sew_clif_ce,0.47333333333333333,0.47333333333333333,-0.053333333333333344,0.4317199667104947
openbmi,4,all,sew_clif_equal,0.47,0.47,-0.06000000000000002,0.4205071147104182
openbmi,4,all,soft_clif_exact,0.4766666666666666,0.4766666666666666,-0.04666666666666671,0.465434700928589
openbmi,4,all,tcn_stat,0.48,0.48,-0.04,0.4464406823787714
openbmi,4,n25,ann_sew_ce,0.5333333333333333,0.5333333333333333,0.06666666666666672,0.5077855552783229
openbmi,4,n25,ann_sew_equal,0.5033333333333333,0.5033333333333334,0.00666666666666671,0.4642469796717447
openbmi,4,n25,gru_stat,0.49666666666666665,0.49666666666666665,-0.006666666666666672,0.43002995471961
openbmi,4,n25,sew_clif_ce,0.48333333333333334,0.48333333333333334,-0.033333333333333326,0.4714203075054985
openbmi,4,n25,sew_clif_equal,0.47333333333333333,0.47333333333333333,-0.053333333333333344,0.43574580372732746
openbmi,4,n25,soft_clif_exact,0.4766666666666666,0.4766666666666666,-0.04666666666666667,0.4472594122499041
openbmi,4,n25,tcn_stat,0.48,0.48,-0.04,0.4201358900462151
openbmi,5,all,ann_sew_ce,0.75,0.75,0.5,0.7381885783524154
openbmi,5,all,ann_sew_equal,0.73,0.73,0.46,0.7157536608746641
openbmi,5,all,gru_stat,0.8133333333333334,0.8133333333333335,0.6266666666666667,0.8110306576911945
openbmi,5,all,sew_clif_ce,0.8366666666666666,0.8366666666666668,0.6733333333333332,0.8358412931279887
openbmi,5,all,sew_clif_equal,0.84,0.8400000000000002,0.68,0.8393264683704085
openbmi,5,all,soft_clif_exact,0.7733333333333334,0.7733333333333334,0.5466666666666666,0.7629897989172134
openbmi,5,all,tcn_stat,0.8033333333333333,0.8033333333333333,0.6066666666666668,0.8010953618651722
openbmi,5,n25,ann_sew_ce,0.6933333333333334,0.6933333333333334,0.3866666666666667,0.6724529634828132
openbmi,5,n25,ann_sew_equal,0.7399999999999999,0.7399999999999999,0.48,0.7347394735511555
openbmi,5,n25,gru_stat,0.8033333333333333,0.8033333333333333,0.6066666666666667,0.7980390048938016
openbmi,5,n25,sew_clif_ce,0.8099999999999999,0.81,0.62,0.808386180581302
openbmi,5,n25,sew_clif_equal,0.81,0.81,0.62,0.8082236858861513
openbmi,5,n25,soft_clif_exact,0.7999999999999999,0.8000000000000002,0.6,0.7969939483325628
openbmi,5,n25,tcn_stat,0.77,0.77,0.5399999999999999,0.7571915817001549
openbmi,6,all,ann_sew_ce,0.65,0.6499999999999999,0.30000000000000004,0.6471418489767115
openbmi,6,all,ann_sew_equal,0.6633333333333332,0.6633333333333332,0.32666666666666666,0.6595705063339333
openbmi,6,all,gru_stat,0.7733333333333334,0.7733333333333334,0.5466666666666667,0.7713598400727045
openbmi,6,all,sew_clif_ce,0.7966666666666667,0.7966666666666667,0.5933333333333334,0.7936929870410111
openbmi,6,all,sew_clif_equal,0.79,0.79,0.5800000000000001,0.7870957968828964
openbmi,6,all,soft_clif_exact,0.7799999999999999,0.7799999999999999,0.56,0.7785624940053341
openbmi,6,all,tcn_stat,0.7799999999999999,0.7799999999999999,0.56,0.777992908577687
openbmi,6,n25,ann_sew_ce,0.6299999999999999,0.63,0.25999999999999995,0.6225073249180069
openbmi,6,n25,ann_sew_equal,0.67,0.67,0.34,0.6658246254811164
openbmi,6,n25,gru_stat,0.7600000000000001,0.7600000000000001,0.52,0.7516733358487393
openbmi,6,n25,sew_clif_ce,0.7600000000000001,0.7600000000000001,0.52,0.7563965882889594
openbmi,6,n25,sew_clif_equal,0.7333333333333334,0.7333333333333334,0.46666666666666673,0.7245075068842594
openbmi,6,n25,soft_clif_exact,0.75,0.75,0.5,0.7459085934483066
openbmi,6,n25,tcn_stat,0.7333333333333334,0.7333333333333334,0.4666666666666666,0.722425677872602
openbmi,7,all,ann_sew_ce,0.49333333333333335,0.49333333333333335,-0.013333333333333345,0.48851041983645205
openbmi,7,all,ann_sew_equal,0.5166666666666667,0.5166666666666667,0.03333333333333336,0.5126001092044689
openbmi,7,all,gru_stat,0.6333333333333333,0.6333333333333333,0.26666666666666666,0.6325857035024405
openbmi,7,all,sew_clif_ce,0.62,0.62,0.24,0.6191201944913616
openbmi,7,all,sew_clif_equal,0.6133333333333334,0.6133333333333334,0.2266666666666667,0.6099455812386847
openbmi,7,all,soft_clif_exact,0.6433333333333334,0.6433333333333332,0.2866666666666667,0.6407766948902903
openbmi,7,all,tcn_stat,0.6533333333333333,0.6533333333333333,0.3066666666666667,0.6522852811757371
openbmi,7,n25,ann_sew_ce,0.49666666666666665,0.49666666666666665,-0.006666666666666636,0.4933083562531128
openbmi,7,n25,ann_sew_equal,0.5333333333333333,0.5333333333333333,0.06666666666666672,0.5296940602754431
openbmi,7,n25,gru_stat,0.6533333333333333,0.6533333333333333,0.3066666666666667,0.6448416138026095
openbmi,7,n25,sew_clif_ce,0.6133333333333334,0.6133333333333334,0.2266666666666667,0.6113859506251377
openbmi,7,n25,sew_clif_equal,0.6166666666666667,0.6166666666666666,0.2333333333333333,0.615779251022317
openbmi,7,n25,soft_clif_exact,0.6266666666666666,0.6266666666666666,0.25333333333333335,0.6197006371575192
openbmi,7,n25,tcn_stat,0.6033333333333334,0.6033333333333334,0.2066666666666667,0.5983169968226868
openbmi,8,all,ann_sew_ce,0.5966666666666667,0.5966666666666667,0.19333333333333327,0.5898464065113339
openbmi,8,all,ann_sew_equal,0.6066666666666666,0.6066666666666668,0.2133333333333333,0.6063409338094211
openbmi,8,all,gru_stat,0.6566666666666667,0.6566666666666666,0.3133333333333334,0.6542275124982565
openbmi,8,all,sew_clif_ce,0.6933333333333334,0.6933333333333334,0.38666666666666666,0.6909926232612039
openbmi,8,all,sew_clif_equal,0.66,0.66,0.32000000000000006,0.655370532537993
openbmi,8,all,soft_clif_exact,0.6166666666666667,0.6166666666666666,0.2333333333333333,0.6132768418535104
openbmi,8,all,tcn_stat,0.65,0.65,0.30000000000000004,0.6405852464442567
openbmi,8,n25,ann_sew_ce,0.5666666666666665,0.5666666666666667,0.1333333333333333,0.5438471509741215
openbmi,8,n25,ann_sew_equal,0.5800000000000001,0.5800000000000001,0.16,0.5683984063710955
openbmi,8,n25,gru_stat,0.6533333333333333,0.6533333333333333,0.30666666666666664,0.6494206574603422
openbmi,8,n25,sew_clif_ce,0.6833333333333332,0.6833333333333332,0.36666666666666664,0.6828031712828603
openbmi,8,n25,sew_clif_equal,0.6566666666666667,0.6566666666666667,0.3133333333333333,0.6546635956112619
openbmi,8,n25,soft_clif_exact,0.5866666666666668,0.5866666666666668,0.17333333333333342,0.5106629087116112
openbmi,8,n25,tcn_stat,0.6233333333333334,0.6233333333333334,0.24666666666666667,0.6114983403521034
openbmi,9,all,ann_sew_ce,0.6433333333333334,0.6433333333333334,0.2866666666666667,0.6346969510695845
openbmi,9,all,ann_sew_equal,0.65,0.6499999999999999,0.30000000000000004,0.6394868713473831
openbmi,9,all,gru_stat,0.7966666666666667,0.7966666666666667,0.5933333333333334,0.7949026799273634
openbmi,9,all,sew_clif_ce,0.8033333333333333,0.8033333333333333,0.6066666666666668,0.8022603353795645
openbmi,9,all,sew_clif_equal,0.7999999999999999,0.8000000000000002,0.6,0.7981542331675939
openbmi,9,all,soft_clif_exact,0.8099999999999999,0.8099999999999999,0.62,0.8093240507228036
openbmi,9,all,tcn_stat,0.7899999999999999,0.79,0.58,0.785151086304511
openbmi,9,n25,ann_sew_ce,0.5733333333333333,0.5733333333333334,0.14666666666666664,0.5642990597788294
openbmi,9,n25,ann_sew_equal,0.6066666666666666,0.6066666666666667,0.2133333333333333,0.595249734817206
openbmi,9,n25,gru_stat,0.8033333333333333,0.8033333333333333,0.6066666666666666,0.8032262649830226
openbmi,9,n25,sew_clif_ce,0.8166666666666668,0.8166666666666668,0.6333333333333333,0.8158909471269021
openbmi,9,n25,sew_clif_equal,0.7933333333333333,0.7933333333333333,0.5866666666666668,0.792204671304641
openbmi,9,n25,soft_clif_exact,0.8166666666666668,0.8166666666666668,0.6333333333333333,0.8158618277217394
openbmi,9,n25,tcn_stat,0.7733333333333334,0.7733333333333334,0.5466666666666667,0.7730502457393214
openbmi,10,all,ann_sew_ce,0.5566666666666666,0.5566666666666666,0.11333333333333336,0.540665053475511
openbmi,10,all,ann_sew_equal,0.5433333333333333,0.5433333333333333,0.08666666666666667,0.5235409743212555
openbmi,10,all,gru_stat,0.59,0.59,0.18000000000000002,0.5523967464265972
openbmi,10,all,sew_clif_ce,0.5833333333333334,0.5833333333333334,0.16666666666666666,0.5271711987411097
openbmi,10,all,sew_clif_equal,0.5933333333333333,0.5933333333333333,0.18666666666666668,0.5518914235534448
openbmi,10,all,soft_clif_exact,0.6366666666666667,0.6366666666666667,0.27333333333333326,0.6005653189834771
openbmi,10,all,tcn_stat,0.59,0.59,0.18000000000000002,0.5550864235284856
openbmi,10,n25,ann_sew_ce,0.5133333333333333,0.5133333333333333,0.02666666666666669,0.4956717934747719
openbmi,10,n25,ann_sew_equal,0.52,0.52,0.040000000000000036,0.5067103154553202
openbmi,10,n25,gru_stat,0.6166666666666667,0.6166666666666667,0.2333333333333333,0.5726745880000905
openbmi,10,n25,sew_clif_ce,0.6066666666666666,0.6066666666666666,0.2133333333333333,0.5861799847052657
openbmi,10,n25,sew_clif_equal,0.6233333333333334,0.6233333333333332,0.24666666666666667,0.5887322189502008
openbmi,10,n25,soft_clif_exact,0.6066666666666667,0.6066666666666667,0.21333333333333337,0.5568043571839839
openbmi,10,n25,tcn_stat,0.6133333333333334,0.6133333333333334,0.22666666666666666,0.5818676950983889
openbmi,11,all,ann_sew_ce,0.5533333333333332,0.5533333333333332,0.10666666666666662,0.5341530862364247
openbmi,11,all,ann_sew_equal,0.52,0.52,0.04,0.49609138535755753
openbmi,11,all,gru_stat,0.46,0.46,-0.07999999999999996,0.45407659130916295
openbmi,11,all,sew_clif_ce,0.4633333333333334,0.4633333333333334,-0.07333333333333332,0.45139587231949646
openbmi,11,all,sew_clif_equal,0.4466666666666666,0.4466666666666666,-0.10666666666666669,0.43786309213518954
openbmi,11,all,soft_clif_exact,0.48,0.48,-0.04,0.4779099607840531
openbmi,11,all,tcn_stat,0.4666666666666666,0.4666666666666666,-0.06666666666666665,0.46571428571428575
openbmi,11,n25,ann_sew_ce,0.52,0.52,0.04,0.506244385345509
openbmi,11,n25,ann_sew_equal,0.5133333333333333,0.5133333333333333,0.026666666666666727,0.47337104436584965
openbmi,11,n25,gru_stat,0.4566666666666667,0.4566666666666667,-0.08666666666666663,0.4436986928040789
openbmi,11,n25,sew_clif_ce,0.49666666666666676,0.49666666666666676,-0.006666666666666599,0.4768013311292571
openbmi,11,n25,sew_clif_equal,0.4766666666666666,0.47666666666666674,-0.04666666666666667,0.4617503677213823
openbmi,11,n25,soft_clif_exact,0.45999999999999996,0.45999999999999996,-0.08,0.4472461678294815
openbmi,11,n25,tcn_stat,0.47333333333333333,0.47333333333333333,-0.05333333333333331,0.44087942893096566
openbmi,12,all,ann_sew_ce,0.6333333333333333,0.6333333333333333,0.2666666666666666,0.6202523969753712
openbmi,12,all,ann_sew_equal,0.6466666666666666,0.6466666666666666,0.2933333333333333,0.6343293630328475
openbmi,12,all,gru_stat,0.7200000000000001,0.7200000000000001,0.44,0.7179797979797979
openbmi,12,all,sew_clif_ce,0.68,0.68,0.35999999999999993,0.6695297476486749
openbmi,12,all,sew_clif_equal,0.7066666666666667,0.7066666666666667,0.41333333333333333,0.7003189688768204
openbmi,12,all,soft_clif_exact,0.6966666666666667,0.6966666666666667,0.39333333333333337,0.6925061263326481
openbmi,12,all,tcn_stat,0.7066666666666667,0.7066666666666667,0.41333333333333333,0.7019367629126815
openbmi,12,n25,ann_sew_ce,0.6066666666666666,0.6066666666666667,0.2133333333333333,0.5842727270202422
openbmi,12,n25,ann_sew_equal,0.58,0.58,0.16,0.5391782712706349
openbmi,12,n25,gru_stat,0.6766666666666666,0.6766666666666666,0.3533333333333333,0.6705062356900675
openbmi,12,n25,sew_clif_ce,0.6666666666666666,0.6666666666666666,0.3333333333333334,0.6519961264788852
openbmi,12,n25,sew_clif_equal,0.6366666666666667,0.6366666666666667,0.2733333333333334,0.6172701494267967
openbmi,12,n25,soft_clif_exact,0.7000000000000001,0.6999999999999998,0.39999999999999997,0.698992270487994
openbmi,12,n25,tcn_stat,0.64,0.64,0.27999999999999997,0.6243939248365428
openbmi,13,all,ann_sew_ce,0.5666666666666665,0.5666666666666667,0.1333333333333333,0.5496489468962253
openbmi,13,all,ann_sew_equal,0.54,0.54,0.08000000000000007,0.5246529095899635
openbmi,13,all,gru_stat,0.5133333333333333,0.5133333333333333,0.02666666666666669,0.39204673391581385
openbmi,13,all,sew_clif_ce,0.51,0.51,0.020000000000000018,0.4063854848252973
openbmi,13,all,sew_clif_equal,0.52,0.52,0.040000000000000036,0.4245889393091304
openbmi,13,all,soft_clif_exact,0.5133333333333333,0.5133333333333333,0.02666666666666669,0.39585264985944923
openbmi,13,all,tcn_stat,0.5066666666666667,0.5066666666666667,0.013333333333333345,0.3875599568507831
openbmi,13,n25,ann_sew_ce,0.5133333333333333,0.5133333333333333,0.02666666666666669,0.4659173941501442
openbmi,13,n25,ann_sew_equal,0.5,0.5,3.700743415417188e-17,0.4489237168174192
openbmi,13,n25,gru_stat,0.5166666666666667,0.5166666666666667,0.03333333333333336,0.40025436841099066
openbmi,13,n25,sew_clif_ce,0.5366666666666666,0.5366666666666667,0.07333333333333332,0.44416871289201315
openbmi,13,n25,sew_clif_equal,0.51,0.51,0.020000000000000018,0.39320030947389434
openbmi,13,n25,soft_clif_exact,0.5533333333333333,0.5533333333333333,0.10666666666666669,0.4889083360311289
openbmi,13,n25,tcn_stat,0.51,0.51,0.020000000000000018,0.3753809791545641
openbmi,14,all,ann_sew_ce,0.6,0.6,0.20000000000000004,0.5646910669314033
openbmi,14,all,ann_sew_equal,0.6,0.6000000000000001,0.19999999999999996,0.575086429040871
openbmi,14,all,gru_stat,0.6433333333333334,0.6433333333333334,0.2866666666666667,0.6127821845490161
openbmi,14,all,sew_clif_ce,0.6166666666666667,0.6166666666666667,0.2333333333333333,0.5738398344617983
openbmi,14,all,sew_clif_equal,0.6233333333333332,0.6233333333333334,0.2466666666666666,0.5835102778064802
openbmi,14,all,soft_clif_exact,0.6,0.6,0.20000000000000004,0.5457830071516251
openbmi,14,all,tcn_stat,0.6366666666666667,0.6366666666666666,0.2733333333333334,0.6028322716146688
openbmi,14,n25,ann_sew_ce,0.5733333333333334,0.5733333333333334,0.14666666666666664,0.5252154561856054
openbmi,14,n25,ann_sew_equal,0.5800000000000001,0.5800000000000001,0.16,0.5481197248012027
openbmi,14,n25,gru_stat,0.6333333333333333,0.6333333333333333,0.26666666666666666,0.5929893110232113
openbmi,14,n25,sew_clif_ce,0.5866666666666668,0.5866666666666668,0.17333333333333334,0.5201143411515505
openbmi,14,n25,sew_clif_equal,0.61,0.61,0.21999999999999997,0.5608168821130529
openbmi,14,n25,soft_clif_exact,0.58,0.58,0.16000000000000006,0.5200238145514604
openbmi,14,n25,tcn_stat,0.63,0.63,0.25999999999999995,0.5893487195065042
openbmi,15,all,ann_sew_ce,0.49666666666666665,0.49666666666666665,-0.006666666666666672,0.4652688676978231
openbmi,15,all,ann_sew_equal,0.5133333333333333,0.5133333333333333,0.026666666666666727,0.4577622133410432
openbmi,15,all,gru_stat,0.4533333333333333,0.45333333333333337,-0.09333333333333334,0.4177545974382393
openbmi,15,all,sew_clif_ce,0.4566666666666667,0.4566666666666666,-0.08666666666666667,0.4217271588638439
openbmi,15,all,sew_clif_equal,0.4766666666666666,0.4766666666666666,-0.04666666666666667,0.42471087708521477
openbmi,15,all,soft_clif_exact,0.45999999999999996,0.45999999999999996,-0.08,0.4001486608762259
openbmi,15,all,tcn_stat,0.45,0.45,-0.09999999999999998,0.3993760308296523
openbmi,15,n25,ann_sew_ce,0.5499999999999999,0.5499999999999999,0.09999999999999994,0.5296557504571145
openbmi,15,n25,ann_sew_equal,0.5166666666666666,0.5166666666666667,0.03333333333333329,0.4917226338246239
openbmi,15,n25,gru_stat,0.4566666666666667,0.4566666666666667,-0.08666666666666667,0.4142342643903098
openbmi,15,n25,sew_clif_ce,0.4633333333333333,0.4633333333333334,-0.07333333333333336,0.4349822313555112
openbmi,15,n25,sew_clif_equal,0.48333333333333334,0.48333333333333334,-0.033333333333333326,0.44029351486102825
openbmi,15,n25,soft_clif_exact,0.4566666666666666,0.4566666666666666,-0.08666666666666667,0.4281861074989193
openbmi,15,n25,tcn_stat,0.48666666666666664,0.48666666666666664,-0.02666666666666669,0.42019667348440065
openbmi,16,all,ann_sew_ce,0.5433333333333333,0.5433333333333333,0.08666666666666667,0.5107671270018831
openbmi,16,all,ann_sew_equal,0.5433333333333333,0.5433333333333333,0.08666666666666674,0.4966698596382992
openbmi,16,all,gru_stat,0.6066666666666666,0.6066666666666666,0.21333333333333337,0.5875696366388096
openbmi,16,all,sew_clif_ce,0.5833333333333334,0.5833333333333334,0.16666666666666666,0.5656528856127575
openbmi,16,all,sew_clif_equal,0.5866666666666668,0.5866666666666668,0.17333333333333334,0.5722121457364137
openbmi,16,all,soft_clif_exact,0.5666666666666668,0.5666666666666668,0.1333333333333334,0.5607084864131677
openbmi,16,all,tcn_stat,0.5599999999999999,0.56,0.11999999999999995,0.5331630321343884
openbmi,16,n25,ann_sew_ce,0.5599999999999999,0.5599999999999999,0.12000000000000004,0.5298102148392595
openbmi,16,n25,ann_sew_equal,0.5533333333333332,0.5533333333333333,0.10666666666666662,0.5517619237947702
openbmi,16,n25,gru_stat,0.5566666666666668,0.5566666666666668,0.11333333333333336,0.5534774545470433
openbmi,16,n25,sew_clif_ce,0.5800000000000001,0.5800000000000001,0.16,0.5753144704037058
openbmi,16,n25,sew_clif_equal,0.5733333333333334,0.5733333333333334,0.14666666666666664,0.5684061665935747
openbmi,16,n25,soft_clif_exact,0.5433333333333333,0.5433333333333333,0.08666666666666667,0.5381283280002603
openbmi,16,n25,tcn_stat,0.5666666666666668,0.5666666666666668,0.1333333333333333,0.5636669994706752
openbmi,17,all,ann_sew_ce,0.6433333333333334,0.6433333333333334,0.2866666666666667,0.6278886241184002
openbmi,17,all,ann_sew_equal,0.6333333333333333,0.6333333333333333,0.26666666666666666,0.611041482002218
openbmi,17,all,gru_stat,0.6166666666666667,0.6166666666666667,0.2333333333333333,0.5602312629693026
openbmi,17,all,sew_clif_ce,0.6466666666666666,0.6466666666666666,0.2933333333333334,0.6009309691719827
openbmi,17,all,sew_clif_equal,0.6533333333333333,0.6533333333333333,0.30666666666666664,0.6069583660824537
openbmi,17,all,soft_clif_exact,0.6833333333333332,0.6833333333333332,0.36666666666666664,0.6569940974532079
openbmi,17,all,tcn_stat,0.63,0.63,0.26,0.5820004622065592
openbmi,17,n25,ann_sew_ce,0.6566666666666667,0.6566666666666666,0.3133333333333334,0.6436249415982848
openbmi,17,n25,ann_sew_equal,0.6366666666666666,0.6366666666666667,0.27333333333333326,0.6155366978102548
openbmi,17,n25,gru_stat,0.6866666666666666,0.6866666666666666,0.37333333333333335,0.6514274822759228
openbmi,17,n25,sew_clif_ce,0.68,0.68,0.35999999999999993,0.6500919634042298
openbmi,17,n25,sew_clif_equal,0.7133333333333334,0.7133333333333333,0.4266666666666667,0.6937195167947339
openbmi,17,n25,soft_clif_exact,0.6866666666666666,0.6866666666666666,0.37333333333333335,0.6481685483529692
openbmi,17,n25,tcn_stat,0.6566666666666666,0.6566666666666666,0.3133333333333333,0.6144162333591474
openbmi,18,all,ann_sew_ce,0.7366666666666667,0.7366666666666667,0.4733333333333334,0.7330566550272793
openbmi,18,all,ann_sew_equal,0.7200000000000001,0.7200000000000001,0.44,0.7164336909149238
openbmi,18,all,gru_stat,0.8266666666666667,0.8266666666666667,0.6533333333333332,0.824986812906981
openbmi,18,all,sew_clif_ce,0.82,0.82,0.64,0.8160654091099406
openbmi,18,all,sew_clif_equal,0.8133333333333334,0.8133333333333334,0.6266666666666667,0.810367562098088
openbmi,18,all,soft_clif_exact,0.8033333333333333,0.8033333333333333,0.6066666666666667,0.7961815594637921
openbmi,18,all,tcn_stat,0.8266666666666667,0.8266666666666667,0.6533333333333333,0.8241011202330162
openbmi,18,n25,ann_sew_ce,0.63,0.63,0.26000000000000006,0.605697484653181
openbmi,18,n25,ann_sew_equal,0.6333333333333334,0.6333333333333333,0.26666666666666666,0.6117622640669266
openbmi,18,n25,gru_stat,0.8366666666666668,0.8366666666666668,0.6733333333333333,0.8347701719267012
openbmi,18,n25,sew_clif_ce,0.8300000000000001,0.8300000000000001,0.66,0.8254425869253189
openbmi,18,n25,sew_clif_equal,0.8333333333333334,0.8333333333333334,0.6666666666666666,0.8315334619680247
openbmi,18,n25,soft_clif_exact,0.7633333333333333,0.7633333333333333,0.5266666666666667,0.7519017003822603
openbmi,18,n25,tcn_stat,0.83,0.8300000000000001,0.6599999999999999,0.8273936182028683
openbmi,19,all,ann_sew_ce,0.6699999999999999,0.6699999999999999,0.34,0.6452704876924443
openbmi,19,all,ann_sew_equal,0.6666666666666666,0.6666666666666666,0.3333333333333333,0.6412089112223026
openbmi,19,all,gru_stat,0.7399999999999999,0.7399999999999999,0.48,0.7350319678230112
openbmi,19,all,sew_clif_ce,0.7399999999999999,0.7399999999999999,0.48,0.7329880033388738
openbmi,19,all,sew_clif_equal,0.7366666666666667,0.7366666666666667,0.47333333333333333,0.7308950128462324
openbmi,19,all,soft_clif_exact,0.75,0.75,0.5,0.7488793856287485
openbmi,19,all,tcn_stat,0.7566666666666667,0.7566666666666667,0.5133333333333333,0.7550434920084346
openbmi,19,n25,ann_sew_ce,0.6533333333333333,0.6533333333333333,0.3066666666666667,0.6372708175624693
openbmi,19,n25,ann_sew_equal,0.64,0.64,0.27999999999999997,0.6296018381523506
openbmi,19,n25,gru_stat,0.7433333333333333,0.7433333333333333,0.48666666666666664,0.7415894555144945
openbmi,19,n25,sew_clif_ce,0.7633333333333333,0.7633333333333333,0.5266666666666667,0.762161592353956
openbmi,19,n25,sew_clif_equal,0.7333333333333334,0.7333333333333334,0.4666666666666666,0.7299341331043392
openbmi,19,n25,soft_clif_exact,0.77,0.77,0.54,0.7689574064968389
openbmi,19,n25,tcn_stat,0.7600000000000001,0.7600000000000001,0.52,0.7595414105368264
openbmi,20,all,ann_sew_ce,0.62,0.62,0.24,0.6093078196494822
openbmi,20,all,ann_sew_equal,0.6133333333333333,0.6133333333333334,0.22666666666666666,0.6053571870597515
openbmi,20,all,gru_stat,0.6699999999999999,0.6699999999999999,0.3399999999999999,0.6573405059612136
openbmi,20,all,sew_clif_ce,0.6833333333333335,0.6833333333333332,0.3666666666666667,0.680409274861522
openbmi,20,all,sew_clif_equal,0.6766666666666666,0.6766666666666666,0.3533333333333333,0.6757155442904342
openbmi,20,all,soft_clif_exact,0.6433333333333334,0.6433333333333334,0.2866666666666667,0.6350755293886008
openbmi,20,all,tcn_stat,0.6966666666666667,0.6966666666666667,0.3933333333333333,0.6887738194672691
openbmi,20,n25,ann_sew_ce,0.5633333333333334,0.5633333333333334,0.12666666666666662,0.5262797613965021
openbmi,20,n25,ann_sew_equal,0.5866666666666666,0.5866666666666668,0.17333333333333326,0.5798178461680278
openbmi,20,n25,gru_stat,0.63,0.6299999999999999,0.26,0.5912949980245418
openbmi,20,n25,sew_clif_ce,0.6,0.6,0.20000000000000004,0.5676064713515935
openbmi,20,n25,sew_clif_equal,0.5833333333333334,0.5833333333333334,0.16666666666666666,0.5154356909518404
openbmi,20,n25,soft_clif_exact,0.5966666666666667,0.5966666666666667,0.19333333333333336,0.5510051715536197
openbmi,20,n25,tcn_stat,0.5800000000000001,0.58,0.16000000000000006,0.5327324670426695
openbmi,21,all,ann_sew_ce,0.7799999999999999,0.7799999999999999,0.56,0.7686515219303721
openbmi,21,all,ann_sew_equal,0.7600000000000001,0.7600000000000001,0.52,0.7430067076370093
openbmi,21,all,gru_stat,0.9666666666666667,0.9666666666666667,0.9333333333333332,0.9664942339644593
openbmi,21,all,sew_clif_ce,0.94,0.94,0.8799999999999999,0.9390617119960999
openbmi,21,all,sew_clif_equal,0.9533333333333333,0.9533333333333333,0.9066666666666666,0.9529872915226664
openbmi,21,all,soft_clif_exact,0.9866666666666667,0.9866666666666667,0.9733333333333333,0.9866613311991462
openbmi,21,all,tcn_stat,0.9733333333333333,0.9733333333333333,0.9466666666666667,0.9732912288722607
openbmi,21,n25,ann_sew_ce,0.79,0.79,0.58,0.7806357623566216
openbmi,21,n25,ann_sew_equal,0.7566666666666667,0.7566666666666667,0.5133333333333333,0.7389686650097418
openbmi,21,n25,gru_stat,0.9466666666666667,0.9466666666666667,0.8933333333333332,0.946257706193475
openbmi,21,n25,sew_clif_ce,0.9733333333333333,0.9733333333333333,0.9466666666666667,0.9733026243379993
openbmi,21,n25,sew_clif_equal,0.9466666666666667,0.9466666666666667,0.8933333333333332,0.9460769156147307
openbmi,21,n25,soft_clif_exact,0.9833333333333334,0.9833333333333334,0.9666666666666667,0.9833236584926968
openbmi,21,n25,tcn_stat,0.9633333333333333,0.9633333333333333,0.9266666666666666,0.963249457777858
openbmi,22,all,ann_sew_ce,0.6433333333333333,0.6433333333333333,0.2866666666666666,0.6366190824063732
openbmi,22,all,ann_sew_equal,0.6733333333333333,0.6733333333333333,0.3466666666666667,0.6708984641352594
openbmi,22,all,gru_stat,0.7533333333333333,0.7533333333333333,0.5066666666666667,0.751305495971606
openbmi,22,all,sew_clif_ce,0.7433333333333333,0.7433333333333333,0.48666666666666664,0.7382520471177219
openbmi,22,all,sew_clif_equal,0.7799999999999999,0.7799999999999999,0.5599999999999999,0.7791955151176118
openbmi,22,all,soft_clif_exact,0.7833333333333333,0.7833333333333333,0.5666666666666668,0.780648041883997
openbmi,22,all,tcn_stat,0.7033333333333333,0.7033333333333333,0.40666666666666657,0.6944182829614286
openbmi,22,n25,ann_sew_ce,0.5966666666666667,0.5966666666666667,0.19333333333333336,0.5679763064366145
openbmi,22,n25,ann_sew_equal,0.5933333333333333,0.5933333333333333,0.18666666666666668,0.5820982101116371
openbmi,22,n25,gru_stat,0.73,0.73,0.45999999999999996,0.7267539668538027
openbmi,22,n25,sew_clif_ce,0.71,0.71,0.42,0.7023383195150475
openbmi,22,n25,sew_clif_equal,0.6966666666666667,0.6966666666666667,0.3933333333333333,0.6882042544693148
openbmi,22,n25,soft_clif_exact,0.7200000000000001,0.7200000000000001,0.43999999999999995,0.7164469411104225
openbmi,22,n25,tcn_stat,0.7033333333333335,0.7033333333333335,0.4066666666666667,0.6963894688072895
openbmi,23,all,ann_sew_ce,0.6,0.6,0.19999999999999996,0.556833213744447
openbmi,23,all,ann_sew_equal,0.61,0.61,0.21999999999999997,0.57550190253862
openbmi,23,all,gru_stat,0.7000000000000001,0.6999999999999998,0.4000000000000001,0.6736754926184068
openbmi,23,all,sew_clif_ce,0.7133333333333333,0.7133333333333333,0.4266666666666666,0.6895401481853831
openbmi,23,all,sew_clif_equal,0.6999999999999998,0.6999999999999998,0.3999999999999999,0.6731084020746749
openbmi,23,all,soft_clif_exact,0.7033333333333333,0.7033333333333333,0.40666666666666657,0.6811318371943372
openbmi,23,all,tcn_stat,0.6666666666666666,0.6666666666666666,0.3333333333333333,0.6264111937187207
openbmi,23,n25,ann_sew_ce,0.6266666666666666,0.6266666666666666,0.25333333333333335,0.5993764671257157
openbmi,23,n25,ann_sew_equal,0.6533333333333333,0.6533333333333333,0.3066666666666667,0.6396464090448407
openbmi,23,n25,gru_stat,0.7399999999999999,0.7399999999999999,0.48,0.7279505255044004
openbmi,23,n25,sew_clif_ce,0.7633333333333333,0.7633333333333333,0.5266666666666667,0.7531321551625876
openbmi,23,n25,sew_clif_equal,0.7233333333333333,0.7233333333333333,0.4466666666666666,0.7090733357073226
openbmi,23,n25,soft_clif_exact,0.7600000000000001,0.7600000000000001,0.52,0.7512676475561314
openbmi,23,n25,tcn_stat,0.7733333333333334,0.7733333333333334,0.5466666666666667,0.7673100174358846
openbmi,24,all,ann_sew_ce,0.5533333333333333,0.5533333333333333,0.10666666666666669,0.5089283673842497
openbmi,24,all,ann_sew_equal,0.5566666666666666,0.5566666666666668,0.11333333333333336,0.5240150440030896
openbmi,24,all,gru_stat,0.5533333333333333,0.5533333333333333,0.10666666666666669,0.4843075244356904
openbmi,24,all,sew_clif_ce,0.56,0.56,0.12000000000000004,0.501451471081351
openbmi,24,all,sew_clif_equal,0.56,0.56,0.12000000000000004,0.5011337279056369
openbmi,24,all,soft_clif_exact,0.5499999999999999,0.5499999999999999,0.10000000000000002,0.5171501068376069
openbmi,24,all,tcn_stat,0.5499999999999999,0.55,0.10000000000000002,0.4726903631385533
openbmi,24,n25,ann_sew_ce,0.52,0.52,0.040000000000000036,0.4972685123028821
openbmi,24,n25,ann_sew_equal,0.49666666666666665,0.49666666666666665,-0.006666666666666672,0.47180333533178603
openbmi,24,n25,gru_stat,0.5566666666666666,0.5566666666666668,0.11333333333333329,0.540852458321274
openbmi,24,n25,sew_clif_ce,0.5533333333333333,0.5533333333333333,0.10666666666666669,0.5042209017166571
openbmi,24,n25,sew_clif_equal,0.5533333333333332,0.5533333333333333,0.10666666666666662,0.4770619421914779
openbmi,24,n25,soft_clif_exact,0.6,0.6,0.20000000000000004,0.5744416073515589
openbmi,24,n25,tcn_stat,0.5766666666666667,0.5766666666666667,0.1533333333333334,0.535113872383211
openbmi,25,all,ann_sew_ce,0.57,0.57,0.13999999999999999,0.5678073663447948
openbmi,25,all,ann_sew_equal,0.5666666666666668,0.5666666666666668,0.1333333333333333,0.5664685275533891
openbmi,25,all,gru_stat,0.5333333333333333,0.5333333333333333,0.06666666666666672,0.5229386941500874
openbmi,25,all,sew_clif_ce,0.5766666666666667,0.5766666666666668,0.15333333333333332,0.5683724268603342
openbmi,25,all,sew_clif_equal,0.5733333333333333,0.5733333333333334,0.14666666666666664,0.5572207218878026
openbmi,25,all,soft_clif_exact,0.55,0.55,0.10000000000000002,0.5428945332089593
openbmi,25,all,tcn_stat,0.5466666666666667,0.5466666666666667,0.09333333333333342,0.5189175046693509
openbmi,25,n25,ann_sew_ce,0.5399999999999999,0.54,0.08,0.5273889554804886
openbmi,25,n25,ann_sew_equal,0.5366666666666667,0.5366666666666667,0.07333333333333332,0.5216444369637853
openbmi,25,n25,gru_stat,0.5333333333333333,0.5333333333333333,0.06666666666666672,0.528338166584111
openbmi,25,n25,sew_clif_ce,0.5533333333333333,0.5533333333333333,0.10666666666666662,0.5395458250798851
openbmi,25,n25,sew_clif_equal,0.5566666666666668,0.5566666666666668,0.11333333333333336,0.543015589363904
openbmi,25,n25,soft_clif_exact,0.5800000000000001,0.5800000000000001,0.16000000000000006,0.5702393886621326
openbmi,25,n25,tcn_stat,0.5466666666666667,0.5466666666666667,0.09333333333333334,0.5401853448124913
openbmi,26,all,ann_sew_ce,0.49666666666666665,0.49666666666666665,-0.006666666666666672,0.4361476555225725
openbmi,26,all,ann_sew_equal,0.51,0.51,0.020000000000000018,0.4626169709625592
openbmi,26,all,gru_stat,0.5466666666666667,0.5466666666666667,0.09333333333333334,0.538069288495824
openbmi,26,all,sew_clif_ce,0.6166666666666667,0.6166666666666667,0.2333333333333333,0.6027468597536157
openbmi,26,all,sew_clif_equal,0.5766666666666667,0.5766666666666667,0.15333333333333332,0.5470850768661205
openbmi,26,all,soft_clif_exact,0.56,0.56,0.12000000000000004,0.5530251810345441
openbmi,26,all,tcn_stat,0.5666666666666668,0.5666666666666668,0.1333333333333334,0.558621019622186
openbmi,26,n25,ann_sew_ce,0.51,0.51,0.020000000000000018,0.491359691743605
openbmi,26,n25,ann_sew_equal,0.49,0.49,-0.01999999999999998,0.467928878695781
openbmi,26,n25,gru_stat,0.49333333333333335,0.49333333333333335,-0.013333333333333345,0.48201809324945133
openbmi,26,n25,sew_clif_ce,0.5499999999999999,0.5499999999999999,0.09999999999999994,0.5431444349448549
openbmi,26,n25,sew_clif_equal,0.5599999999999999,0.56,0.11999999999999995,0.5567619070251856
openbmi,26,n25,soft_clif_exact,0.53,0.53,0.05999999999999998,0.5225465387443222
openbmi,26,n25,tcn_stat,0.5166666666666667,0.5166666666666667,0.03333333333333336,0.5158625499772368
openbmi,27,all,ann_sew_ce,0.5666666666666668,0.5666666666666668,0.1333333333333334,0.5548245614035088
openbmi,27,all,ann_sew_equal,0.59,0.59,0.18000000000000002,0.5546645293264013
openbmi,27,all,gru_stat,0.5033333333333333,0.5033333333333333,0.006666666666666672,0.4439834238506705
openbmi,27,all,sew_clif_ce,0.5033333333333333,0.5033333333333333,0.006666666666666672,0.42011553565829884
openbmi,27,all,sew_clif_equal,0.5133333333333333,0.5133333333333333,0.02666666666666669,0.45286738327794823
openbmi,27,all,soft_clif_exact,0.5033333333333333,0.5033333333333333,0.006666666666666672,0.4664042643105568
openbmi,27,all,tcn_stat,0.49,0.49,-0.01999999999999998,0.41539721533540924
openbmi,27,n25,ann_sew_ce,0.5266666666666667,0.5266666666666667,0.05333333333333338,0.4995747399089048
openbmi,27,n25,ann_sew_equal,0.5533333333333333,0.5533333333333333,0.10666666666666669,0.5304773661597096
openbmi,27,n25,gru_stat,0.48333333333333334,0.4833333333333334,-0.033333333333333326,0.4546011896954991
openbmi,27,n25,sew_clif_ce,0.5133333333333333,0.5133333333333333,0.02666666666666669,0.46034997088276014
openbmi,27,n25,sew_clif_equal,0.49333333333333335,0.49333333333333335,-0.013333333333333308,0.4402848411479318
openbmi,27,n25,soft_clif_exact,0.48333333333333334,0.48333333333333334,-0.033333333333333326,0.4478919516923585
openbmi,27,n25,tcn_stat,0.49333333333333335,0.49333333333333335,-0.013333333333333345,0.4441051048499532
openbmi,28,all,ann_sew_ce,0.77,0.77,0.54,0.76429772524477
openbmi,28,all,ann_sew_equal,0.7733333333333334,0.7733333333333334,0.5466666666666667,0.7708687921181175
openbmi,28,all,gru_stat,0.9466666666666667,0.9466666666666667,0.8933333333333332,0.9465409877267565
openbmi,28,all,sew_clif_ce,0.9633333333333333,0.9633333333333333,0.9266666666666666,0.963300281951272
openbmi,28,all,sew_clif_equal,0.96,0.96,0.9199999999999999,0.9599257396634887
openbmi,28,all,soft_clif_exact,0.9433333333333334,0.9433333333333334,0.8866666666666667,0.9432542172570697
openbmi,28,all,tcn_stat,0.96,0.96,0.9199999999999999,0.9599164578111946
openbmi,28,n25,ann_sew_ce,0.7600000000000001,0.7600000000000001,0.52,0.754057398877622
openbmi,28,n25,ann_sew_equal,0.79,0.79,0.58,0.7895910725562736
openbmi,28,n25,gru_stat,0.9333333333333332,0.9333333333333332,0.8666666666666666,0.933256406063462
openbmi,28,n25,sew_clif_ce,0.9566666666666667,0.9566666666666667,0.9133333333333334,0.9566202637901613
openbmi,28,n25,sew_clif_equal,0.9466666666666667,0.9466666666666667,0.8933333333333332,0.946638645448771
openbmi,28,n25,soft_clif_exact,0.94,0.94,0.8799999999999999,0.9399639483179087
openbmi,28,n25,tcn_stat,0.9199999999999999,0.9199999999999999,0.84,0.9197626073748536
openbmi,29,all,ann_sew_ce,0.82,0.82,0.64,0.8176693276729571
openbmi,29,all,ann_sew_equal,0.8633333333333333,0.8633333333333333,0.7266666666666666,0.862669611792828
openbmi,29,all,gru_stat,0.87,0.87,0.7399999999999999,0.8680171728524878
openbmi,29,all,sew_clif_ce,0.88,0.8799999999999999,0.7600000000000001,0.8781125910104576
openbmi,29,all,sew_clif_equal,0.8933333333333334,0.8933333333333332,0.7866666666666667,0.8925665051682538
openbmi,29,all,soft_clif_exact,0.8933333333333334,0.8933333333333332,0.7866666666666667,0.8926373066281323
openbmi,29,all,tcn_stat,0.8566666666666668,0.8566666666666666,0.7133333333333334,0.853411596337577
openbmi,29,n25,ann_sew_ce,0.8133333333333334,0.8133333333333335,0.6266666666666667,0.8097432788471662
openbmi,29,n25,ann_sew_equal,0.7999999999999999,0.7999999999999999,0.6,0.7931650266804221
openbmi,29,n25,gru_stat,0.9,0.8999999999999999,0.8000000000000002,0.8990954054013572
openbmi,29,n25,sew_clif_ce,0.9,0.9,0.8000000000000002,0.8993277920475801
openbmi,29,n25,sew_clif_equal,0.8733333333333334,0.8733333333333334,0.7466666666666667,0.8700231332476299
openbmi,29,n25,soft_clif_exact,0.91,0.91,0.82,0.9093083451636085
openbmi,29,n25,tcn_stat,0.88,0.8799999999999999,0.7600000000000001,0.8785214226805188
openbmi,30,all,ann_sew_ce,0.7366666666666667,0.7366666666666667,0.47333333333333333,0.735987210921751
openbmi,30,all,ann_sew_equal,0.7200000000000001,0.7200000000000001,0.44,0.7173833111333111
openbmi,30,all,gru_stat,0.6999999999999998,0.6999999999999998,0.3999999999999999,0.6947336671941274
openbmi,30,all,sew_clif_ce,0.7066666666666667,0.7066666666666667,0.41333333333333333,0.7055528992863156
openbmi,30,all,sew_clif_equal,0.73,0.73,0.45999999999999996,0.7295559129847823
openbmi,30,all,soft_clif_exact,0.6766666666666666,0.6766666666666667,0.3533333333333333,0.6677793120021315
openbmi,30,all,tcn_stat,0.7200000000000001,0.7200000000000001,0.44,0.7185296070226914
openbmi,30,n25,ann_sew_ce,0.6966666666666667,0.6966666666666667,0.3933333333333333,0.6929555961800419
openbmi,30,n25,ann_sew_equal,0.7166666666666667,0.7166666666666667,0.4333333333333333,0.7108051225023703
openbmi,30,n25,gru_stat,0.7066666666666667,0.7066666666666667,0.41333333333333333,0.7008250122554894
openbmi,30,n25,sew_clif_ce,0.71,0.71,0.42,0.7092107310379058
openbmi,30,n25,sew_clif_equal,0.7266666666666666,0.7266666666666666,0.4533333333333333,0.7234442368008812
openbmi,30,n25,soft_clif_exact,0.6666666666666666,0.6666666666666666,0.3333333333333333,0.6594884241907439
openbmi,30,n25,tcn_stat,0.6966666666666667,0.6966666666666667,0.3933333333333333,0.6945967548268678
openbmi,31,all,ann_sew_ce,0.6066666666666666,0.6066666666666666,0.2133333333333333,0.5931152745857299
openbmi,31,all,ann_sew_equal,0.6366666666666667,0.6366666666666666,0.2733333333333334,0.633523059758751
openbmi,31,all,gru_stat,0.6533333333333333,0.6533333333333333,0.30666666666666664,0.6311851690934321
openbmi,31,all,sew_clif_ce,0.6266666666666667,0.6266666666666667,0.2533333333333334,0.5836780106992251
openbmi,31,all,sew_clif_equal,0.65,0.65,0.30000000000000004,0.6253589078125378
openbmi,31,all,soft_clif_exact,0.63,0.6299999999999999,0.26,0.597528447795267
openbmi,31,all,tcn_stat,0.6833333333333332,0.6833333333333332,0.3666666666666667,0.6688930534239317
openbmi,31,n25,ann_sew_ce,0.5666666666666667,0.5666666666666667,0.1333333333333333,0.5256818660213868
openbmi,31,n25,ann_sew_equal,0.55,0.55,0.10000000000000002,0.528799358169064
openbmi,31,n25,gru_stat,0.65,0.65,0.3,0.6355503600548358
openbmi,31,n25,sew_clif_ce,0.6,0.6,0.19999999999999996,0.5376865779919592
openbmi,31,n25,sew_clif_equal,0.6233333333333334,0.6233333333333332,0.24666666666666667,0.5818312014996794
openbmi,31,n25,soft_clif_exact,0.6533333333333333,0.6533333333333333,0.3066666666666667,0.6337502516773496
openbmi,31,n25,tcn_stat,0.66,0.66,0.32,0.6412163925696939
openbmi,32,all,ann_sew_ce,0.8333333333333334,0.8333333333333334,0.6666666666666666,0.8331061989705816
openbmi,32,all,ann_sew_equal,0.79,0.79,0.58,0.7893392482845879
openbmi,32,all,gru_stat,0.9633333333333333,0.9633333333333333,0.9266666666666666,0.9633296662999632
openbmi,32,all,sew_clif_ce,0.9666666666666667,0.9666666666666667,0.9333333333333332,0.9666586634653861
openbmi,32,all,sew_clif_equal,0.9666666666666667,0.9666666666666667,0.9333333333333332,0.9666506530544957
openbmi,32,all,soft_clif_exact,0.9433333333333334,0.9433333333333334,0.8866666666666667,0.943234123743951
openbmi,32,all,tcn_stat,0.9533333333333335,0.9533333333333333,0.9066666666666666,0.9532491372561119
openbmi,32,n25,ann_sew_ce,0.7733333333333334,0.7733333333333334,0.5466666666666667,0.7732399209960699
openbmi,32,n25,ann_sew_equal,0.79,0.79,0.58,0.7896339691539364
openbmi,32,n25,gru_stat,0.9366666666666666,0.9366666666666665,0.8733333333333334,0.9366041867344629
openbmi,32,n25,sew_clif_ce,0.9433333333333334,0.9433333333333334,0.8866666666666667,0.943311658096582
openbmi,32,n25,sew_clif_equal,0.9400000000000001,0.94,0.88,0.9398734326396219
openbmi,32,n25,soft_clif_exact,0.9366666666666666,0.9366666666666665,0.8733333333333334,0.9364782772970145
openbmi,32,n25,tcn_stat,0.9333333333333332,0.9333333333333332,0.8666666666666667,0.9330966068552137
openbmi,33,all,ann_sew_ce,0.8366666666666666,0.8366666666666666,0.6733333333333332,0.8358577301126887
openbmi,33,all,ann_sew_equal,0.85,0.85,0.7000000000000001,0.8495500472050009
openbmi,33,all,gru_stat,0.9566666666666667,0.9566666666666667,0.9133333333333334,0.9566028516669826
openbmi,33,all,sew_clif_ce,0.9633333333333333,0.9633333333333333,0.9266666666666666,0.9633029577046693
openbmi,33,all,sew_clif_equal,0.9500000000000001,0.9499999999999998,0.9,0.9498238994640223
openbmi,33,all,soft_clif_exact,0.9666666666666667,0.9666666666666667,0.9333333333333332,0.9666513229918398
openbmi,33,all,tcn_stat,0.9500000000000001,0.9499999999999998,0.9,0.9499415204678362
openbmi,33,n25,ann_sew_ce,0.8466666666666667,0.8466666666666667,0.6933333333333334,0.8446213401235889
openbmi,33,n25,ann_sew_equal,0.8466666666666667,0.8466666666666667,0.6933333333333334,0.8447340565206541
openbmi,33,n25,gru_stat,0.96,0.96,0.9199999999999999,0.9599899965986994
openbmi,33,n25,sew_clif_ce,0.96,0.96,0.9199999999999999,0.9599439134628209
openbmi,33,n25,sew_clif_equal,0.9633333333333333,0.9633333333333333,0.9266666666666666,0.9633036292440152
openbmi,33,n25,soft_clif_exact,0.9166666666666666,0.9166666666666666,0.8333333333333334,0.9165332286041171
openbmi,33,n25,tcn_stat,0.9633333333333333,0.9633333333333333,0.9266666666666666,0.963260073096832
openbmi,34,all,ann_sew_ce,0.5166666666666667,0.5166666666666667,0.03333333333333336,0.5004906403189563
openbmi,34,all,ann_sew_equal,0.5266666666666667,0.5266666666666667,0.05333333333333338,0.5020131000173765
openbmi,34,all,gru_stat,0.5566666666666668,0.5566666666666668,0.11333333333333336,0.5427468986078231
openbmi,34,all,sew_clif_ce,0.5266666666666667,0.5266666666666667,0.05333333333333338,0.5179134669430033
openbmi,34,all,sew_clif_equal,0.52,0.52,0.040000000000000036,0.5003665776339339
openbmi,34,all,soft_clif_exact,0.5,0.5,0.0,0.3781910666085461
openbmi,34,all,tcn_stat,0.5700000000000001,0.5700000000000001,0.14000000000000004,0.5623313839023881
openbmi,34,n25,ann_sew_ce,0.49333333333333335,0.49333333333333335,-0.013333333333333345,0.4745867852467363
openbmi,34,n25,ann_sew_equal,0.4666666666666666,0.4666666666666666,-0.06666666666666665,0.4426240454434682
openbmi,34,n25,gru_stat,0.5266666666666667,0.5266666666666667,0.05333333333333338,0.4937195118354539
openbmi,34,n25,sew_clif_ce,0.53,0.53,0.06000000000000005,0.5183848268996784
openbmi,34,n25,sew_clif_equal,0.5366666666666666,0.5366666666666666,0.07333333333333332,0.5296120115511126
openbmi,34,n25,soft_clif_exact,0.48333333333333334,0.48333333333333334,-0.03333333333333336,0.37060533425126163
openbmi,34,n25,tcn_stat,0.54,0.54,0.08,0.5110038556473454
openbmi,35,all,ann_sew_ce,0.5266666666666667,0.5266666666666667,0.05333333333333338,0.4148951189028664
openbmi,35,all,ann_sew_equal,0.5266666666666667,0.5266666666666667,0.05333333333333338,0.40328628827467033
openbmi,35,all,gru_stat,0.51,0.51,0.020000000000000018,0.382677549344216
openbmi,35,all,sew_clif_ce,0.51,0.51,0.020000000000000018,0.3633501001922054
openbmi,35,all,sew_clif_equal,0.51,0.51,0.020000000000000018,0.3672316384180791
openbmi,35,all,soft_clif_exact,0.5,0.5,0.0,0.36422634035011026
openbmi,35,all,tcn_stat,0.5066666666666667,0.5066666666666667,0.013333333333333345,0.4009917381915322
openbmi,35,n25,ann_sew_ce,0.5466666666666666,0.5466666666666666,0.09333333333333334,0.4609524200976862
openbmi,35,n25,ann_sew_equal,0.54,0.54,0.08000000000000007,0.44939137266221896
openbmi,35,n25,gru_stat,0.51,0.51,0.020000000000000018,0.35910832462556597
openbmi,35,n25,sew_clif_ce,0.49666666666666665,0.49666666666666665,-0.006666666666666672,0.34738423706544513
openbmi,35,n25,sew_clif_equal,0.5133333333333333,0.5133333333333333,0.02666666666666669,0.36938103718094
openbmi,35,n25,soft_clif_exact,0.49333333333333335,0.49333333333333335,-0.013333333333333345,0.38227530185952713
openbmi,35,n25,tcn_stat,0.51,0.51,0.020000000000000018,0.3976653824353298
openbmi,36,all,ann_sew_ce,0.9466666666666667,0.9466666666666667,0.8933333333333332,0.9465878381548216
openbmi,36,all,ann_sew_equal,0.9466666666666667,0.9466666666666667,0.8933333333333332,0.9466079180117606
openbmi,36,all,gru_stat,0.9833333333333334,0.9833333333333334,0.9666666666666667,0.9833329999666632
openbmi,36,all,sew_clif_ce,0.9866666666666667,0.9866666666666667,0.9733333333333333,0.9866659999333266
openbmi,36,all,sew_clif_equal,0.9866666666666667,0.9866666666666667,0.9733333333333333,0.9866659999333266
openbmi,36,all,soft_clif_exact,0.9966666666666667,0.9966666666666667,0.9933333333333333,0.9966663332999967
openbmi,36,all,tcn_stat,0.9899999999999999,0.9899999999999999,0.98,0.98999899989999
openbmi,36,n25,ann_sew_ce,0.9166666666666666,0.9166666666666666,0.8333333333333334,0.9165240320149652
openbmi,36,n25,ann_sew_equal,0.9166666666666666,0.9166666666666666,0.8333333333333334,0.9162414722930304
openbmi,36,n25,gru_stat,0.9833333333333334,0.9833333333333334,0.9666666666666667,0.983330332232903
openbmi,36,n25,sew_clif_ce,0.9833333333333334,0.9833333333333334,0.9666666666666667,0.983330332232903
openbmi,36,n25,sew_clif_equal,0.9833333333333334,0.9833333333333334,0.9666666666666667,0.983330332232903
openbmi,36,n25,soft_clif_exact,0.9866666666666667,0.9866666666666667,0.9733333333333333,0.9866633321995665
openbmi,36,n25,tcn_stat,0.9899999999999999,0.9899999999999999,0.98,0.98999899989999
openbmi,37,all,ann_sew_ce,0.8366666666666666,0.8366666666666666,0.6733333333333332,0.8346245979672946
openbmi,37,all,ann_sew_equal,0.7966666666666665,0.7966666666666667,0.5933333333333334,0.7919494980543008
openbmi,37,all,gru_stat,0.93,0.93,0.86,0.9295618821363404
openbmi,37,all,sew_clif_ce,0.91,0.91,0.82,0.9086924374396049
openbmi,37,all,sew_clif_equal,0.9166666666666666,0.9166666666666666,0.8333333333333334,0.9159735397751284
openbmi,37,all,soft_clif_exact,0.8833333333333333,0.8833333333333333,0.7666666666666666,0.8809897719576009
openbmi,37,all,tcn_stat,0.9066666666666667,0.9066666666666666,0.8133333333333335,0.905816247791801
openbmi,37,n25,ann_sew_ce,0.7933333333333333,0.7933333333333333,0.5866666666666667,0.7873358207631128
openbmi,37,n25,ann_sew_equal,0.8099999999999999,0.81,0.62,0.8085845258469337
openbmi,37,n25,gru_stat,0.8933333333333334,0.8933333333333334,0.7866666666666667,0.8918363836854466
openbmi,37,n25,sew_clif_ce,0.89,0.89,0.7799999999999999,0.8881471991781474
openbmi,37,n25,sew_clif_equal,0.8966666666666666,0.8966666666666666,0.7933333333333333,0.8956731561617657
openbmi,37,n25,soft_clif_exact,0.8366666666666666,0.8366666666666666,0.6733333333333332,0.8286245765121526
openbmi,37,n25,tcn_stat,0.87,0.87,0.7399999999999999,0.8676802736905039
openbmi,38,all,ann_sew_ce,0.49,0.49,-0.01999999999999998,0.48867036537652425
openbmi,38,all,ann_sew_equal,0.53,0.53,0.06000000000000005,0.5275853115523638
openbmi,38,all,gru_stat,0.52,0.52,0.040000000000000036,0.509803543253541
openbmi,38,all,sew_clif_ce,0.5166666666666667,0.5166666666666667,0.03333333333333336,0.4954291030093316
openbmi,38,all,sew_clif_equal,0.52,0.52,0.040000000000000036,0.5007627014865582
openbmi,38,all,soft_clif_exact,0.53,0.53,0.06000000000000005,0.5119551803674943
openbmi,38,all,tcn_stat,0.5133333333333333,0.5133333333333333,0.02666666666666669,0.5005527149657069
openbmi,38,n25,ann_sew_ce,0.48666666666666664,0.48666666666666664,-0.026666666666666655,0.48385039604734853
openbmi,38,n25,ann_sew_equal,0.5233333333333333,0.5233333333333333,0.046666666666666634,0.5204804670097649
openbmi,38,n25,gru_stat,0.53,0.53,0.06000000000000005,0.5087112717831672
openbmi,38,n25,sew_clif_ce,0.52,0.52,0.040000000000000036,0.5042777291269392
openbmi,38,n25,sew_clif_equal,0.5366666666666667,0.5366666666666667,0.0733333333333334,0.516036397503247
openbmi,38,n25,soft_clif_exact,0.5333333333333333,0.5333333333333333,0.06666666666666672,0.5139810327840548
openbmi,38,n25,tcn_stat,0.5066666666666667,0.5066666666666667,0.013333333333333345,0.4876536582065776
openbmi,39,all,ann_sew_ce,0.6433333333333333,0.6433333333333334,0.2866666666666666,0.6320571336425862
openbmi,39,all,ann_sew_equal,0.6266666666666666,0.6266666666666667,0.25333333333333324,0.6126505199781062
openbmi,39,all,gru_stat,0.71,0.71,0.41999999999999993,0.7075119453930364
openbmi,39,all,sew_clif_ce,0.73,0.73,0.45999999999999996,0.7250014754991451
openbmi,39,all,sew_clif_equal,0.7066666666666667,0.7066666666666667,0.4133333333333333,0.6995004908451418
openbmi,39,all,soft_clif_exact,0.7266666666666666,0.7266666666666666,0.4533333333333333,0.7247920269804006
openbmi,39,all,tcn_stat,0.7166666666666667,0.7166666666666667,0.4333333333333333,0.71421185632726
openbmi,39,n25,ann_sew_ce,0.64,0.64,0.28,0.6274360020311088
openbmi,39,n25,ann_sew_equal,0.6566666666666667,0.6566666666666666,0.3133333333333334,0.64655964925754
openbmi,39,n25,gru_stat,0.7166666666666667,0.7166666666666667,0.4333333333333333,0.7134907149967392
openbmi,39,n25,sew_clif_ce,0.7466666666666667,0.7466666666666667,0.49333333333333335,0.7409538102620147
openbmi,39,n25,sew_clif_equal,0.7200000000000001,0.7200000000000001,0.43999999999999995,0.7143337367814354
openbmi,39,n25,soft_clif_exact,0.6933333333333334,0.6933333333333334,0.38666666666666666,0.6843180181191949
openbmi,39,n25,tcn_stat,0.7166666666666667,0.7166666666666667,0.4333333333333333,0.7100111265876728
openbmi,40,all,ann_sew_ce,0.6066666666666666,0.6066666666666668,0.2133333333333333,0.6013730425817599
openbmi,40,all,ann_sew_equal,0.6066666666666666,0.6066666666666666,0.21333333333333337,0.5991256670116759
openbmi,40,all,gru_stat,0.5633333333333334,0.5633333333333334,0.1266666666666667,0.5579391042874189
openbmi,40,all,sew_clif_ce,0.5599999999999999,0.56,0.11999999999999995,0.5491749834164245
openbmi,40,all,sew_clif_equal,0.5633333333333334,0.5633333333333334,0.1266666666666667,0.561469127681999
openbmi,40,all,soft_clif_exact,0.5266666666666666,0.5266666666666667,0.05333333333333331,0.511756072108367
openbmi,40,all,tcn_stat,0.5566666666666666,0.5566666666666666,0.11333333333333336,0.5439379916659468
openbmi,40,n25,ann_sew_ce,0.52,0.52,0.03999999999999996,0.5045292642140468
openbmi,40,n25,ann_sew_equal,0.5733333333333334,0.5733333333333334,0.14666666666666672,0.5576720782023519
openbmi,40,n25,gru_stat,0.5433333333333333,0.5433333333333333,0.08666666666666667,0.4880854097105076
openbmi,40,n25,sew_clif_ce,0.5133333333333333,0.5133333333333333,0.026666666666666616,0.4986441904731997
openbmi,40,n25,sew_clif_equal,0.5266666666666667,0.5266666666666667,0.05333333333333331,0.5007228219206566
openbmi,40,n25,soft_clif_exact,0.52,0.52,0.040000000000000036,0.48393536977962626
openbmi,40,n25,tcn_stat,0.5466666666666667,0.5466666666666667,0.09333333333333334,0.5221482444523174
openbmi,41,all,ann_sew_ce,0.63,0.63,0.26,0.6286553596505741
openbmi,41,all,ann_sew_equal,0.5633333333333334,0.5633333333333334,0.12666666666666662,0.5526938222931215
openbmi,41,all,gru_stat,0.6233333333333334,0.6233333333333334,0.24666666666666667,0.6209932028377224
openbmi,41,all,sew_clif_ce,0.6633333333333334,0.6633333333333332,0.3266666666666667,0.6622096761546302
openbmi,41,all,sew_clif_equal,0.66,0.66,0.32,0.6580384776288137
openbmi,41,all,soft_clif_exact,0.6433333333333334,0.6433333333333334,0.2866666666666667,0.6375744461645488
openbmi,41,all,tcn_stat,0.68,0.68,0.36000000000000004,0.6686400983275984
openbmi,41,n25,ann_sew_ce,0.56,0.56,0.1200000000000001,0.5522698391888032
openbmi,41,n25,ann_sew_equal,0.53,0.53,0.06000000000000005,0.5178776295518568
openbmi,41,n25,gru_stat,0.63,0.63,0.26,0.6285439749781984
openbmi,41,n25,sew_clif_ce,0.6566666666666666,0.6566666666666666,0.3133333333333333,0.6526238586122298
openbmi,41,n25,sew_clif_equal,0.6133333333333333,0.6133333333333333,0.22666666666666666,0.6073291992637109
openbmi,41,n25,soft_clif_exact,0.5966666666666667,0.5966666666666667,0.19333333333333327,0.5769666213169226
openbmi,41,n25,tcn_stat,0.6466666666666666,0.6466666666666666,0.2933333333333334,0.6357317201786138
openbmi,42,all,ann_sew_ce,0.6,0.6,0.20000000000000004,0.5948829835791345
openbmi,42,all,ann_sew_equal,0.5966666666666667,0.5966666666666667,0.19333333333333336,0.5915391736940506
openbmi,42,all,gru_stat,0.6633333333333334,0.6633333333333333,0.32666666666666666,0.6543329240667662
openbmi,42,all,sew_clif_ce,0.6533333333333333,0.6533333333333333,0.3066666666666667,0.6386611060251585
openbmi,42,all,sew_clif_equal,0.65,0.6499999999999999,0.30000000000000004,0.6358187485333819
openbmi,42,all,soft_clif_exact,0.69,0.69,0.37999999999999995,0.6816068918534741
openbmi,42,all,tcn_stat,0.6933333333333334,0.6933333333333334,0.38666666666666655,0.6870207338510976
openbmi,42,n25,ann_sew_ce,0.5833333333333334,0.5833333333333334,0.16666666666666666,0.575524516737388
openbmi,42,n25,ann_sew_equal,0.57,0.57,0.13999999999999999,0.5601892863545908
openbmi,42,n25,gru_stat,0.6633333333333333,0.6633333333333333,0.3266666666666666,0.653038792284299
openbmi,42,n25,sew_clif_ce,0.6866666666666666,0.6866666666666666,0.37333333333333335,0.6797487851951706
openbmi,42,n25,sew_clif_equal,0.6966666666666667,0.6966666666666667,0.39333333333333326,0.6876588517265305
openbmi,42,n25,soft_clif_exact,0.6766666666666666,0.6766666666666666,0.3533333333333333,0.6710288980025823
openbmi,42,n25,tcn_stat,0.6999999999999998,0.6999999999999998,0.39999999999999997,0.6944688403531732
openbmi,43,all,ann_sew_ce,0.5966666666666667,0.5966666666666667,0.19333333333333336,0.5933013851591834
openbmi,43,all,ann_sew_equal,0.6166666666666667,0.6166666666666667,0.2333333333333333,0.6093958955289799
openbmi,43,all,gru_stat,0.8166666666666668,0.8166666666666668,0.6333333333333333,0.8160372088144568
openbmi,43,all,sew_clif_ce,0.7933333333333333,0.7933333333333333,0.5866666666666667,0.7901140365953347
openbmi,43,all,sew_clif_equal,0.8099999999999999,0.81,0.62,0.8072241225893757
openbmi,43,all,soft_clif_exact,0.7866666666666667,0.7866666666666667,0.5733333333333334,0.7830517428233427
openbmi,43,all,tcn_stat,0.79,0.79,0.5800000000000001,0.7873381644819472
openbmi,43,n25,ann_sew_ce,0.6366666666666667,0.6366666666666666,0.2733333333333334,0.623058711539619
openbmi,43,n25,ann_sew_equal,0.62,0.62,0.24,0.6094061885356921
openbmi,43,n25,gru_stat,0.7666666666666666,0.7666666666666666,0.5333333333333333,0.75626485001485
openbmi,43,n25,sew_clif_ce,0.7766666666666667,0.7766666666666667,0.5533333333333333,0.7747442117251596
openbmi,43,n25,sew_clif_equal,0.79,0.79,0.5800000000000001,0.7876534032057796
openbmi,43,n25,soft_clif_exact,0.7566666666666667,0.7566666666666667,0.5133333333333333,0.7539649811680947
openbmi,43,n25,tcn_stat,0.7833333333333333,0.7833333333333333,0.5666666666666668,0.7770937228571371
openbmi,44,all,ann_sew_ce,0.7566666666666667,0.7566666666666667,0.5133333333333333,0.7519373145507448
openbmi,44,all,ann_sew_equal,0.7533333333333333,0.7533333333333333,0.5066666666666667,0.7505701113811379
openbmi,44,all,gru_stat,0.92,0.9199999999999999,0.8400000000000002,0.9196683334745882
openbmi,44,all,sew_clif_ce,0.93,0.93,0.86,0.9299228463315151
openbmi,44,all,sew_clif_equal,0.9233333333333333,0.9233333333333332,0.8466666666666667,0.9232154231463167
openbmi,44,all,soft_clif_exact,0.9133333333333332,0.9133333333333332,0.8266666666666667,0.9132130847446857
openbmi,44,all,tcn_stat,0.9233333333333333,0.9233333333333332,0.8466666666666667,0.9231919178752531
openbmi,44,n25,ann_sew_ce,0.69,0.69,0.37999999999999995,0.6777729006350112
openbmi,44,n25,ann_sew_equal,0.68,0.68,0.36000000000000004,0.6755200130727027
openbmi,44,n25,gru_stat,0.8966666666666666,0.8966666666666666,0.7933333333333333,0.8963926787445345
openbmi,44,n25,sew_clif_ce,0.9233333333333333,0.9233333333333333,0.8466666666666667,0.9233223298320228
openbmi,44,n25,sew_clif_equal,0.9,0.8999999999999999,0.8000000000000002,0.8996282263282159
openbmi,44,n25,soft_clif_exact,0.9433333333333334,0.9433333333333334,0.8866666666666667,0.9432615151323688
openbmi,44,n25,tcn_stat,0.8933333333333334,0.8933333333333334,0.7866666666666667,0.8929022466823252
openbmi,45,all,ann_sew_ce,0.6733333333333333,0.6733333333333333,0.3466666666666667,0.646347968813483
openbmi,45,all,ann_sew_equal,0.71,0.71,0.4200000000000001,0.6868060241071318
openbmi,45,all,gru_stat,0.8766666666666666,0.8766666666666666,0.7533333333333333,0.8750269643908064
openbmi,45,all,sew_clif_ce,0.8733333333333334,0.8733333333333332,0.7466666666666667,0.8716714449395552
openbmi,45,all,sew_clif_equal,0.89,0.89,0.7799999999999999,0.8888101584730799
openbmi,45,all,soft_clif_exact,0.88,0.88,0.7600000000000001,0.8782467532467533
openbmi,45,all,tcn_stat,0.8666666666666667,0.8666666666666667,0.7333333333333334,0.8648801867608512
openbmi,45,n25,ann_sew_ce,0.6499999999999999,0.6499999999999999,0.3,0.6102237160429439
openbmi,45,n25,ann_sew_equal,0.6333333333333333,0.6333333333333333,0.26666666666666666,0.5904881815219011
openbmi,45,n25,gru_stat,0.8533333333333334,0.8533333333333334,0.7066666666666667,0.8505005981724633
openbmi,45,n25,sew_clif_ce,0.8666666666666667,0.8666666666666667,0.7333333333333334,0.8645819166779999
openbmi,45,n25,sew_clif_equal,0.86,0.86,0.7200000000000001,0.8575427904487262
openbmi,45,n25,soft_clif_exact,0.87,0.87,0.7399999999999999,0.8681776046666488
openbmi,45,n25,tcn_stat,0.8633333333333333,0.8633333333333333,0.7266666666666666,0.8606027910651042
openbmi,46,all,ann_sew_ce,0.7133333333333333,0.7133333333333333,0.4266666666666666,0.7083648352359836
openbmi,46,all,ann_sew_equal,0.6633333333333332,0.6633333333333332,0.32666666666666666,0.6439614035204415
openbmi,46,all,gru_stat,0.6499999999999999,0.6499999999999999,0.3,0.6352202195838265
openbmi,46,all,sew_clif_ce,0.66,0.66,0.32,0.6416544855869969
openbmi,46,all,sew_clif_equal,0.6466666666666666,0.6466666666666666,0.2933333333333334,0.6322390762775613
openbmi,46,all,soft_clif_exact,0.6133333333333333,0.6133333333333333,0.22666666666666666,0.5971812635157244
openbmi,46,all,tcn_stat,0.6566666666666667,0.6566666666666667,0.3133333333333333,0.649119542384999
openbmi,46,n25,ann_sew_ce,0.6166666666666667,0.6166666666666667,0.2333333333333333,0.6058844355332114
openbmi,46,n25,ann_sew_equal,0.6699999999999999,0.6699999999999999,0.34,0.6665489270924313
openbmi,46,n25,gru_stat,0.6066666666666668,0.6066666666666666,0.21333333333333337,0.592969869082454
openbmi,46,n25,sew_clif_ce,0.6466666666666666,0.6466666666666666,0.2933333333333334,0.6332031835548199
openbmi,46,n25,sew_clif_equal,0.66,0.66,0.32,0.6536614033618343
openbmi,46,n25,soft_clif_exact,0.63,0.63,0.26000000000000006,0.6050850628535717
openbmi,46,n25,tcn_stat,0.6666666666666666,0.6666666666666666,0.3333333333333333,0.6653651769763265
openbmi,47,all,ann_sew_ce,0.5966666666666667,0.5966666666666667,0.19333333333333336,0.5950058146840325
openbmi,47,all,ann_sew_equal,0.61,0.61,0.21999999999999997,0.6024593451881894
openbmi,47,all,gru_stat,0.5633333333333334,0.5633333333333334,0.1266666666666667,0.5618691195603153
openbmi,47,all,sew_clif_ce,0.6233333333333334,0.6233333333333334,0.24666666666666667,0.6216305067005631
openbmi,47,all,sew_clif_equal,0.6366666666666666,0.6366666666666666,0.2733333333333334,0.6283723589805876
openbmi,47,all,soft_clif_exact,0.5666666666666667,0.5666666666666667,0.1333333333333334,0.5484699323400143
openbmi,47,all,tcn_stat,0.5566666666666666,0.5566666666666668,0.11333333333333336,0.5563874273524839
openbmi,47,n25,ann_sew_ce,0.6066666666666666,0.6066666666666668,0.2133333333333333,0.6052490071323547
openbmi,47,n25,ann_sew_equal,0.61,0.61,0.21999999999999997,0.5996312457886396
openbmi,47,n25,gru_stat,0.5700000000000001,0.5700000000000001,0.14000000000000004,0.5546247310687359
openbmi,47,n25,sew_clif_ce,0.5700000000000001,0.5700000000000001,0.14000000000000004,0.5527927507217633
openbmi,47,n25,sew_clif_equal,0.58,0.58,0.15999999999999992,0.5708701013754803
openbmi,47,n25,soft_clif_exact,0.5099999999999999,0.51,0.019999999999999945,0.468202028536187
openbmi,47,n25,tcn_stat,0.54,0.54,0.08000000000000007,0.530758098497452
openbmi,48,all,ann_sew_ce,0.51,0.51,0.020000000000000056,0.5068928707044503
openbmi,48,all,ann_sew_equal,0.5233333333333333,0.5233333333333333,0.04666666666666671,0.5188714997324243
openbmi,48,all,gru_stat,0.5533333333333333,0.5533333333333333,0.10666666666666669,0.550277208171945
openbmi,48,all,sew_clif_ce,0.5499999999999999,0.55,0.10000000000000002,0.5445458333693329
openbmi,48,all,sew_clif_equal,0.5433333333333333,0.5433333333333333,0.08666666666666667,0.5346840565629761
openbmi,48,all,soft_clif_exact,0.5399999999999999,0.54,0.08,0.5279616775286545
openbmi,48,all,tcn_stat,0.5833333333333334,0.5833333333333334,0.16666666666666666,0.5796413145141225
openbmi,48,n25,ann_sew_ce,0.5333333333333333,0.5333333333333333,0.06666666666666672,0.5200736450736451
openbmi,48,n25,ann_sew_equal,0.5266666666666667,0.5266666666666667,0.05333333333333338,0.5175375163299007
openbmi,48,n25,gru_stat,0.5499999999999999,0.5499999999999999,0.10000000000000002,0.5422093940793858
openbmi,48,n25,sew_clif_ce,0.5666666666666668,0.5666666666666668,0.1333333333333334,0.5348806082158399
openbmi,48,n25,sew_clif_equal,0.5299999999999999,0.5299999999999999,0.05999999999999998,0.5010812941847425
openbmi,48,n25,soft_clif_exact,0.5233333333333333,0.5233333333333333,0.046666666666666634,0.4966153202796484
openbmi,48,n25,tcn_stat,0.5266666666666667,0.5266666666666666,0.053333333333333344,0.5072720668866795
openbmi,49,all,ann_sew_ce,0.6466666666666666,0.6466666666666667,0.2933333333333333,0.643106285182495
openbmi,49,all,ann_sew_equal,0.7200000000000001,0.7200000000000001,0.44,0.7169776261638822
openbmi,49,all,gru_stat,0.7466666666666667,0.7466666666666667,0.4933333333333334,0.7423913465835131
openbmi,49,all,sew_clif_ce,0.73,0.73,0.45999999999999996,0.7241389333306394
openbmi,49,all,sew_clif_equal,0.7466666666666667,0.7466666666666667,0.49333333333333335,0.7421490147783252
openbmi,49,all,soft_clif_exact,0.7033333333333333,0.7033333333333333,0.4066666666666667,0.6979568253278812
openbmi,49,all,tcn_stat,0.7200000000000001,0.7200000000000001,0.43999999999999995,0.7135563765736178
openbmi,49,n25,ann_sew_ce,0.68,0.68,0.35999999999999993,0.6789842406922749
openbmi,49,n25,ann_sew_equal,0.66,0.66,0.32,0.6587398595801958
openbmi,49,n25,gru_stat,0.6966666666666667,0.6966666666666667,0.39333333333333337,0.6752985724058772
openbmi,49,n25,sew_clif_ce,0.7466666666666667,0.7466666666666667,0.49333333333333335,0.7401117035217157
openbmi,49,n25,sew_clif_equal,0.7133333333333333,0.7133333333333333,0.4266666666666666,0.7008759358313038
openbmi,49,n25,soft_clif_exact,0.6666666666666666,0.6666666666666666,0.33333333333333326,0.6403514802537787
openbmi,49,n25,tcn_stat,0.6766666666666666,0.6766666666666666,0.35333333333333333,0.6512146439162362
openbmi,50,all,ann_sew_ce,0.5066666666666667,0.5066666666666667,0.013333333333333345,0.4104225085960245
openbmi,50,all,ann_sew_equal,0.5133333333333333,0.5133333333333333,0.026666666666666616,0.46914851544656805
openbmi,50,all,gru_stat,0.5233333333333333,0.5233333333333333,0.04666666666666671,0.46509152685378213
openbmi,50,all,sew_clif_ce,0.5333333333333333,0.5333333333333333,0.06666666666666672,0.47883815194213825
openbmi,50,all,sew_clif_equal,0.53,0.53,0.06000000000000005,0.4782202544076324
openbmi,50,all,soft_clif_exact,0.5433333333333333,0.5433333333333333,0.08666666666666667,0.45652736330381205
openbmi,50,all,tcn_stat,0.5466666666666666,0.5466666666666667,0.09333333333333334,0.4971050222269217
openbmi,50,n25,ann_sew_ce,0.5233333333333333,0.5233333333333333,0.04666666666666671,0.455714416055538
openbmi,50,n25,ann_sew_equal,0.51,0.51,0.020000000000000018,0.44050835819093165
openbmi,50,n25,gru_stat,0.52,0.52,0.040000000000000036,0.4245227531668087
openbmi,50,n25,sew_clif_ce,0.5266666666666667,0.5266666666666667,0.05333333333333338,0.46025550413147737
openbmi,50,n25,sew_clif_equal,0.5433333333333333,0.5433333333333333,0.08666666666666674,0.4861425937901262
openbmi,50,n25,soft_clif_exact,0.5333333333333333,0.5333333333333333,0.06666666666666665,0.47227106075905967
openbmi,50,n25,tcn_stat,0.54,0.54,0.08000000000000007,0.43713312134364773
openbmi,51,all,ann_sew_ce,0.49,0.49,-0.020000000000000018,0.4673199104854045
openbmi,51,all,ann_sew_equal,0.4666666666666666,0.4666666666666666,-0.06666666666666665,0.46066100688257694
openbmi,51,all,gru_stat,0.53,0.53,0.06000000000000005,0.5255488501597747
openbmi,51,all,sew_clif_ce,0.5033333333333333,0.5033333333333333,0.006666666666666672,0.5019397423901957
openbmi,51,all,sew_clif_equal,0.5,0.5,0.0,0.49394741061407726
openbmi,51,all,soft_clif_exact,0.5366666666666667,0.5366666666666667,0.07333333333333332,0.5333303699358746
openbmi,51,all,tcn_stat,0.5,0.5,0.0,0.49386174940275424
openbmi,51,n25,ann_sew_ce,0.5,0.5,3.700743415417188e-17,0.4805798859010833
openbmi,51,n25,ann_sew_equal,0.48333333333333334,0.48333333333333334,-0.033333333333333326,0.468976539238471
openbmi,51,n25,gru_stat,0.49666666666666665,0.49666666666666665,-0.006666666666666636,0.4879354699068336
openbmi,51,n25,sew_clif_ce,0.51,0.51,0.020000000000000018,0.5059317593721263
openbmi,51,n25,sew_clif_equal,0.5066666666666667,0.5066666666666667,0.013333333333333345,0.48859064327485385
openbmi,51,n25,soft_clif_exact,0.5,0.5,0.0,0.48259282917132235
openbmi,51,n25,tcn_stat,0.5133333333333333,0.5133333333333333,0.02666666666666669,0.512745803449585
openbmi,52,all,ann_sew_ce,0.5933333333333333,0.5933333333333334,0.18666666666666662,0.588409492570401
openbmi,52,all,ann_sew_equal,0.5800000000000001,0.5800000000000001,0.16000000000000006,0.5701741111797677
openbmi,52,all,gru_stat,0.7233333333333333,0.7233333333333333,0.4466666666666666,0.7148836519505805
openbmi,52,all,sew_clif_ce,0.7133333333333333,0.7133333333333333,0.4266666666666666,0.705316606983434
openbmi,52,all,sew_clif_equal,0.7033333333333333,0.7033333333333333,0.40666666666666657,0.6968744778130488
openbmi,52,all,soft_clif_exact,0.7333333333333334,0.7333333333333334,0.4666666666666666,0.7296021500551927
openbmi,52,all,tcn_stat,0.71,0.71,0.42,0.7011641414141415
openbmi,52,n25,ann_sew_ce,0.5633333333333334,0.5633333333333334,0.12666666666666668,0.5625220904826168
openbmi,52,n25,ann_sew_equal,0.5733333333333334,0.5733333333333334,0.14666666666666664,0.5676146727896
openbmi,52,n25,gru_stat,0.6566666666666667,0.6566666666666667,0.3133333333333334,0.6320485778317103
openbmi,52,n25,sew_clif_ce,0.7133333333333334,0.7133333333333333,0.4266666666666667,0.6982237784158637
openbmi,52,n25,sew_clif_equal,0.6933333333333334,0.6933333333333334,0.38666666666666666,0.6790039362644361
openbmi,52,n25,soft_clif_exact,0.6699999999999999,0.6699999999999999,0.3399999999999999,0.6481616661275625
openbmi,52,n25,tcn_stat,0.68,0.68,0.36000000000000004,0.6605744205744205
openbmi,53,all,ann_sew_ce,0.6900000000000001,0.6900000000000001,0.38000000000000006,0.6856833759923647
openbmi,53,all,ann_sew_equal,0.68,0.68,0.35999999999999993,0.6686377877030912
openbmi,53,all,gru_stat,0.7033333333333333,0.7033333333333333,0.40666666666666657,0.700985899641506
openbmi,53,all,sew_clif_ce,0.7399999999999999,0.7399999999999999,0.48,0.7393723995234165
openbmi,53,all,sew_clif_equal,0.7000000000000001,0.6999999999999998,0.39999999999999997,0.6989772973209334
openbmi,53,all,soft_clif_exact,0.6900000000000001,0.69,0.38000000000000006,0.686703017611729
openbmi,53,all,tcn_stat,0.7133333333333333,0.7133333333333333,0.4266666666666666,0.7122164156495053
openbmi,53,n25,ann_sew_ce,0.6833333333333332,0.6833333333333332,0.36666666666666664,0.6752239733827929
openbmi,53,n25,ann_sew_equal,0.6699999999999999,0.6699999999999999,0.3399999999999999,0.6639220005441897
openbmi,53,n25,gru_stat,0.7000000000000001,0.6999999999999998,0.39999999999999997,0.694030175656703
openbmi,53,n25,sew_clif_ce,0.7166666666666667,0.7166666666666667,0.4333333333333333,0.7114894905277077
openbmi,53,n25,sew_clif_equal,0.69,0.69,0.37999999999999995,0.6870162134104737
openbmi,53,n25,soft_clif_exact,0.6766666666666666,0.6766666666666666,0.3533333333333333,0.661297433097025
openbmi,53,n25,tcn_stat,0.7233333333333333,0.7233333333333333,0.4466666666666666,0.7201101948635728
openbmi,54,all,ann_sew_ce,0.54,0.54,0.08,0.5290602887833226
openbmi,54,all,ann_sew_equal,0.5333333333333333,0.5333333333333333,0.06666666666666665,0.5116544029035811
openbmi,54,all,gru_stat,0.56,0.56,0.12000000000000004,0.5523740283521347
openbmi,54,all,sew_clif_ce,0.5866666666666666,0.5866666666666667,0.17333333333333334,0.5785880754053049
openbmi,54,all,sew_clif_equal,0.5533333333333333,0.5533333333333333,0.10666666666666669,0.5413340237898905
openbmi,54,all,soft_clif_exact,0.57,0.57,0.14000000000000004,0.5578713598515578
openbmi,54,all,tcn_stat,0.5599999999999999,0.5599999999999999,0.12000000000000004,0.5482156430152587
openbmi,54,n25,ann_sew_ce,0.5366666666666667,0.5366666666666667,0.07333333333333332,0.531404324052353
openbmi,54,n25,ann_sew_equal,0.5499999999999999,0.55,0.09999999999999998,0.5424229160821664
openbmi,54,n25,gru_stat,0.5733333333333333,0.5733333333333334,0.14666666666666664,0.5647607405817937
openbmi,54,n25,sew_clif_ce,0.5566666666666666,0.5566666666666668,0.11333333333333336,0.5542677456151412
openbmi,54,n25,sew_clif_equal,0.61,0.61,0.21999999999999997,0.6079175750353877
openbmi,54,n25,soft_clif_exact,0.5466666666666667,0.5466666666666667,0.09333333333333334,0.5397522541375515
openbmi,54,n25,tcn_stat,0.57,0.57,0.13999999999999999,0.555967159935742
