dataset,subject,seed,budget,variant,experiment,accuracy,balanced_accuracy,kappa,macro_f1
bci2a,1,0,n25,soft_clif_exact,REV-E1,0.8298611111111112,0.829861111111111,0.7731481481481483,0.8303337814567299
bci2a,1,0,all,soft_clif_exact,REV-E1,0.8645833333333334,0.8645833333333333,0.8194444444444445,0.86561494022393
bci2a,1,0,n25,gru_stat,REV-E2,0.8333333333333334,0.8333333333333333,0.7777777777777778,0.8334602780506141
bci2a,1,0,all,gru_stat,REV-E2,0.8645833333333334,0.8645833333333333,0.8194444444444445,0.8653706821776621
bci2a,1,0,n25,tcn_stat,REV-E2,0.8194444444444444,0.8194444444444445,0.7592592592592592,0.8183366789770754
bci2a,1,0,all,tcn_stat,REV-E2,0.8576388888888888,0.8576388888888888,0.8101851851851851,0.8582198041991036
bci2a,1,0,n25,ann_sew_equal,REV-E3,0.6493055555555556,0.6493055555555556,0.5324074074074074,0.6503203630399326
bci2a,1,0,n50,ann_sew_equal,REV-E3,0.7118055555555556,0.7118055555555556,0.6157407407407408,0.7126460144180904
bci2a,1,0,all,ann_sew_equal,REV-E3,0.7395833333333334,0.7395833333333334,0.6527777777777778,0.7374094085799594
bci2a,1,0,n25,sew_clif_equal,REV-E3,0.8229166666666666,0.8229166666666667,0.7638888888888888,0.8238399221956643
bci2a,1,0,n50,sew_clif_equal,REV-E3,0.8368055555555556,0.8368055555555556,0.7824074074074074,0.8382145346374353
bci2a,1,0,all,sew_clif_equal,REV-E3,0.8472222222222222,0.8472222222222222,0.7962962962962963,0.8478756369646054
bci2a,1,0,n25,ann_sew_ce,RECOVERED_PARENT,0.6354166666666666,0.6354166666666666,0.5138888888888888,0.6359391320305665
bci2a,1,0,n25,sew_clif_ce,RECOVERED_PARENT,0.8368055555555556,0.8368055555555556,0.7824074074074074,0.8383770416379113
bci2a,1,0,all,ann_sew_ce,RECOVERED_PARENT,0.7395833333333334,0.7395833333333333,0.6527777777777778,0.7386206471782586
bci2a,1,0,all,sew_clif_ce,RECOVERED_PARENT,0.84375,0.84375,0.7916666666666666,0.8446932064676533
bci2a,1,0,n50,ann_sew_ce,RECOVERED_PARENT,0.7152777777777778,0.7152777777777778,0.6203703703703703,0.7148098472919031
bci2a,1,0,n50,sew_clif_ce,RECOVERED_PARENT,0.8611111111111112,0.8611111111111112,0.8148148148148149,0.8623828603419461
bci2a,1,1,n25,soft_clif_exact,REV-E1,0.8333333333333334,0.8333333333333333,0.7777777777777778,0.8342443990532697
bci2a,1,1,all,soft_clif_exact,REV-E1,0.8506944444444444,0.8506944444444445,0.8009259259259259,0.8513938512585927
bci2a,1,1,n25,gru_stat,REV-E2,0.8784722222222222,0.8784722222222222,0.8379629629629629,0.8787805802599858
bci2a,1,1,all,gru_stat,REV-E2,0.8680555555555556,0.8680555555555556,0.8240740740740741,0.8678146393520889
bci2a,1,1,n25,tcn_stat,REV-E2,0.8472222222222222,0.8472222222222223,0.7962962962962963,0.8478444452751451
bci2a,1,1,all,tcn_stat,REV-E2,0.8576388888888888,0.8576388888888888,0.8101851851851851,0.8582930126314521
bci2a,1,1,n25,ann_sew_equal,REV-E3,0.6805555555555556,0.6805555555555556,0.5740740740740741,0.6835868150076932
bci2a,1,1,n50,ann_sew_equal,REV-E3,0.7395833333333334,0.7395833333333333,0.6527777777777778,0.740737211281325
bci2a,1,1,all,ann_sew_equal,REV-E3,0.7604166666666666,0.7604166666666667,0.6805555555555555,0.7612119687075498
bci2a,1,1,n25,sew_clif_equal,REV-E3,0.8611111111111112,0.8611111111111112,0.8148148148148149,0.8615025252525252
bci2a,1,1,n50,sew_clif_equal,REV-E3,0.8263888888888888,0.8263888888888888,0.7685185185185185,0.8266718414357652
bci2a,1,1,all,sew_clif_equal,REV-E3,0.84375,0.84375,0.7916666666666666,0.8446686280537212
bci2a,1,1,n25,ann_sew_ce,RECOVERED_PARENT,0.6805555555555556,0.6805555555555556,0.5740740740740741,0.6809441239918349
bci2a,1,1,n25,sew_clif_ce,RECOVERED_PARENT,0.8333333333333334,0.8333333333333334,0.7777777777777778,0.8336020101360466
bci2a,1,1,all,ann_sew_ce,RECOVERED_PARENT,0.7430555555555556,0.7430555555555556,0.6574074074074074,0.7414197068702562
bci2a,1,1,all,sew_clif_ce,RECOVERED_PARENT,0.84375,0.84375,0.7916666666666666,0.8444288685751147
bci2a,1,1,n50,ann_sew_ce,RECOVERED_PARENT,0.71875,0.7187499999999999,0.625,0.7197259669999986
bci2a,1,1,n50,sew_clif_ce,RECOVERED_PARENT,0.8194444444444444,0.8194444444444444,0.7592592592592592,0.8191527851992968
bci2a,1,2,n25,soft_clif_exact,REV-E1,0.7951388888888888,0.7951388888888888,0.7268518518518517,0.792312716945343
bci2a,1,2,all,soft_clif_exact,REV-E1,0.84375,0.84375,0.7916666666666666,0.8440212682392039
bci2a,1,2,n25,gru_stat,REV-E2,0.8506944444444444,0.8506944444444444,0.8009259259259259,0.8512891672003605
bci2a,1,2,all,gru_stat,REV-E2,0.84375,0.84375,0.7916666666666666,0.8437181795400792
bci2a,1,2,n25,tcn_stat,REV-E2,0.8159722222222222,0.8159722222222222,0.7546296296296297,0.8163192541979566
bci2a,1,2,all,tcn_stat,REV-E2,0.8368055555555556,0.8368055555555556,0.7824074074074074,0.8365145799779505
bci2a,1,2,n25,ann_sew_equal,REV-E3,0.625,0.625,0.5,0.6257866793749515
bci2a,1,2,n50,ann_sew_equal,REV-E3,0.6840277777777778,0.6840277777777777,0.5787037037037037,0.6844700541927022
bci2a,1,2,all,ann_sew_equal,REV-E3,0.6840277777777778,0.6840277777777778,0.5787037037037037,0.6869371096583562
bci2a,1,2,n25,sew_clif_equal,REV-E3,0.8159722222222222,0.8159722222222222,0.7546296296296297,0.8158472135423743
bci2a,1,2,n50,sew_clif_equal,REV-E3,0.8368055555555556,0.8368055555555556,0.7824074074074074,0.8372637944066516
bci2a,1,2,all,sew_clif_equal,REV-E3,0.8472222222222222,0.8472222222222222,0.7962962962962963,0.8476145493728693
bci2a,1,2,n25,ann_sew_ce,RECOVERED_PARENT,0.65625,0.65625,0.5416666666666666,0.6572084032071414
bci2a,1,2,n25,sew_clif_ce,RECOVERED_PARENT,0.8194444444444444,0.8194444444444444,0.7592592592592592,0.8201639045342194
bci2a,1,2,all,ann_sew_ce,RECOVERED_PARENT,0.6875,0.6875000000000001,0.5833333333333334,0.686719067969068
bci2a,1,2,all,sew_clif_ce,RECOVERED_PARENT,0.84375,0.84375,0.7916666666666666,0.843837049942239
bci2a,1,2,n50,ann_sew_ce,RECOVERED_PARENT,0.7083333333333334,0.7083333333333333,0.6111111111111112,0.7054758016075342
bci2a,1,2,n50,sew_clif_ce,RECOVERED_PARENT,0.8576388888888888,0.857638888888889,0.8101851851851851,0.8577525252525252
bci2a,2,0,n25,soft_clif_exact,REV-E1,0.5243055555555556,0.5243055555555556,0.36574074074074076,0.5146532534578941
bci2a,2,0,all,soft_clif_exact,REV-E1,0.5694444444444444,0.5694444444444444,0.4259259259259259,0.5478864911750218
bci2a,2,0,n25,gru_stat,REV-E2,0.5034722222222222,0.5034722222222222,0.33796296296296297,0.4808404995904996
bci2a,2,0,all,gru_stat,REV-E2,0.53125,0.53125,0.375,0.4818145851422986
bci2a,2,0,n25,tcn_stat,REV-E2,0.5451388888888888,0.5451388888888888,0.39351851851851843,0.5295428265083096
bci2a,2,0,all,tcn_stat,REV-E2,0.53125,0.53125,0.375,0.4966411922586651
bci2a,2,0,n25,ann_sew_equal,REV-E3,0.3645833333333333,0.3645833333333333,0.15277777777777776,0.3518889976169498
bci2a,2,0,n50,ann_sew_equal,REV-E3,0.4305555555555556,0.4305555555555555,0.24074074074074078,0.4295881520639069
bci2a,2,0,all,ann_sew_equal,REV-E3,0.4236111111111111,0.4236111111111111,0.23148148148148148,0.4127229403158701
bci2a,2,0,n25,sew_clif_equal,REV-E3,0.4965277777777778,0.49652777777777773,0.3287037037037037,0.47176630002917985
bci2a,2,0,n50,sew_clif_equal,REV-E3,0.5,0.5,0.3333333333333333,0.4586162618164966
bci2a,2,0,all,sew_clif_equal,REV-E3,0.5138888888888888,0.5138888888888888,0.3518518518518518,0.4839053690920907
bci2a,2,0,n25,ann_sew_ce,RECOVERED_PARENT,0.3645833333333333,0.3645833333333333,0.15277777777777776,0.3504403582704981
bci2a,2,0,n25,sew_clif_ce,RECOVERED_PARENT,0.5,0.5,0.3333333333333333,0.4690083615073035
bci2a,2,0,all,ann_sew_ce,RECOVERED_PARENT,0.4652777777777778,0.4652777777777778,0.28703703703703703,0.4585907371543336
bci2a,2,0,all,sew_clif_ce,RECOVERED_PARENT,0.5208333333333334,0.5208333333333333,0.36111111111111116,0.49294053172212554
bci2a,2,0,n50,ann_sew_ce,RECOVERED_PARENT,0.4618055555555556,0.4618055555555556,0.28240740740740744,0.45364222952491173
bci2a,2,0,n50,sew_clif_ce,RECOVERED_PARENT,0.5173611111111112,0.5173611111111112,0.35648148148148157,0.485671756537625
bci2a,2,1,n25,soft_clif_exact,REV-E1,0.5763888888888888,0.5763888888888888,0.4351851851851851,0.5623236678951103
bci2a,2,1,all,soft_clif_exact,REV-E1,0.5416666666666666,0.5416666666666667,0.38888888888888884,0.5063567042691383
bci2a,2,1,n25,gru_stat,REV-E2,0.5520833333333334,0.5520833333333333,0.40277777777777785,0.5400399290150844
bci2a,2,1,all,gru_stat,REV-E2,0.5798611111111112,0.579861111111111,0.4398148148148149,0.5576021446073476
bci2a,2,1,n25,tcn_stat,REV-E2,0.5555555555555556,0.5555555555555556,0.40740740740740744,0.5290706049492847
bci2a,2,1,all,tcn_stat,REV-E2,0.6041666666666666,0.6041666666666666,0.47222222222222215,0.5759011420453977
bci2a,2,1,n25,ann_sew_equal,REV-E3,0.4305555555555556,0.4305555555555556,0.24074074074074078,0.4284514544822976
bci2a,2,1,n50,ann_sew_equal,REV-E3,0.4826388888888889,0.48263888888888895,0.3101851851851852,0.4762412585228426
bci2a,2,1,all,ann_sew_equal,REV-E3,0.5069444444444444,0.5069444444444444,0.34259259259259256,0.4945548539140354
bci2a,2,1,n25,sew_clif_equal,REV-E3,0.5381944444444444,0.5381944444444444,0.38425925925925924,0.5195405028963246
bci2a,2,1,n50,sew_clif_equal,REV-E3,0.5486111111111112,0.5486111111111112,0.3981481481481482,0.522042892379758
bci2a,2,1,all,sew_clif_equal,REV-E3,0.5868055555555556,0.5868055555555556,0.4490740740740741,0.5567581616772636
bci2a,2,1,n25,ann_sew_ce,RECOVERED_PARENT,0.4305555555555556,0.4305555555555556,0.24074074074074078,0.4294117647058823
bci2a,2,1,n25,sew_clif_ce,RECOVERED_PARENT,0.5451388888888888,0.5451388888888888,0.39351851851851843,0.5217417455885629
bci2a,2,1,all,ann_sew_ce,RECOVERED_PARENT,0.46875,0.46875000000000006,0.2916666666666667,0.4549905167666129
bci2a,2,1,all,sew_clif_ce,RECOVERED_PARENT,0.59375,0.59375,0.4583333333333333,0.5578234016627032
bci2a,2,1,n50,ann_sew_ce,RECOVERED_PARENT,0.4444444444444444,0.4444444444444444,0.25925925925925924,0.44095033017513635
bci2a,2,1,n50,sew_clif_ce,RECOVERED_PARENT,0.5555555555555556,0.5555555555555556,0.40740740740740744,0.5309702062643239
bci2a,2,2,n25,soft_clif_exact,REV-E1,0.5381944444444444,0.5381944444444444,0.38425925925925924,0.5140589674825223
bci2a,2,2,all,soft_clif_exact,REV-E1,0.5555555555555556,0.5555555555555556,0.40740740740740744,0.5257057086400452
bci2a,2,2,n25,gru_stat,REV-E2,0.5173611111111112,0.5173611111111112,0.35648148148148157,0.5056126889311603
bci2a,2,2,all,gru_stat,REV-E2,0.5833333333333334,0.5833333333333334,0.4444444444444445,0.5619116095223387
bci2a,2,2,n25,tcn_stat,REV-E2,0.5451388888888888,0.5451388888888888,0.39351851851851843,0.5251444246894074
bci2a,2,2,all,tcn_stat,REV-E2,0.5798611111111112,0.5798611111111112,0.4398148148148149,0.5468520494709053
bci2a,2,2,n25,ann_sew_equal,REV-E3,0.3784722222222222,0.3784722222222222,0.17129629629629628,0.3694270196693765
bci2a,2,2,n50,ann_sew_equal,REV-E3,0.4166666666666667,0.41666666666666663,0.22222222222222224,0.38420887195102493
bci2a,2,2,all,ann_sew_equal,REV-E3,0.4340277777777778,0.4340277777777778,0.24537037037037038,0.4068401398518384
bci2a,2,2,n25,sew_clif_equal,REV-E3,0.5243055555555556,0.5243055555555556,0.36574074074074076,0.4972074192644412
bci2a,2,2,n50,sew_clif_equal,REV-E3,0.53125,0.53125,0.375,0.4900190340877941
bci2a,2,2,all,sew_clif_equal,REV-E3,0.5590277777777778,0.5590277777777778,0.41203703703703703,0.5355729469535441
bci2a,2,2,n25,ann_sew_ce,RECOVERED_PARENT,0.3854166666666667,0.3854166666666667,0.18055555555555558,0.37386225832536535
bci2a,2,2,n25,sew_clif_ce,RECOVERED_PARENT,0.5208333333333334,0.5208333333333334,0.36111111111111116,0.488500985573454
bci2a,2,2,all,ann_sew_ce,RECOVERED_PARENT,0.4166666666666667,0.4166666666666667,0.22222222222222224,0.3907822426211853
bci2a,2,2,all,sew_clif_ce,RECOVERED_PARENT,0.5520833333333334,0.5520833333333333,0.40277777777777785,0.5245036638433153
bci2a,2,2,n50,ann_sew_ce,RECOVERED_PARENT,0.4131944444444444,0.4131944444444444,0.21759259259259256,0.3729376326821272
bci2a,2,2,n50,sew_clif_ce,RECOVERED_PARENT,0.53125,0.53125,0.375,0.495545403670212
bci2a,3,0,n25,soft_clif_exact,REV-E1,0.8263888888888888,0.826388888888889,0.7685185185185185,0.8259171663632353
bci2a,3,0,all,soft_clif_exact,REV-E1,0.84375,0.84375,0.7916666666666666,0.8424642642886462
bci2a,3,0,n25,gru_stat,REV-E2,0.8298611111111112,0.829861111111111,0.7731481481481483,0.8302193329837578
bci2a,3,0,all,gru_stat,REV-E2,0.8645833333333334,0.8645833333333334,0.8194444444444445,0.8638346947170477
bci2a,3,0,n25,tcn_stat,REV-E2,0.7951388888888888,0.795138888888889,0.7268518518518517,0.7950824277084605
bci2a,3,0,all,tcn_stat,REV-E2,0.8576388888888888,0.8576388888888888,0.8101851851851851,0.8567193984414639
bci2a,3,0,n25,ann_sew_equal,REV-E3,0.6805555555555556,0.6805555555555556,0.5740740740740741,0.6795455170405997
bci2a,3,0,n50,ann_sew_equal,REV-E3,0.7326388888888888,0.7326388888888888,0.6435185185185185,0.7338255203786673
bci2a,3,0,all,ann_sew_equal,REV-E3,0.7673611111111112,0.7673611111111112,0.6898148148148149,0.7672001960475414
bci2a,3,0,n25,sew_clif_equal,REV-E3,0.8541666666666666,0.8541666666666667,0.8055555555555555,0.8539650542700101
bci2a,3,0,n50,sew_clif_equal,REV-E3,0.8576388888888888,0.857638888888889,0.8101851851851851,0.8576227589932216
bci2a,3,0,all,sew_clif_equal,REV-E3,0.8645833333333334,0.8645833333333333,0.8194444444444445,0.8638914513800882
bci2a,3,0,n25,ann_sew_ce,RECOVERED_PARENT,0.6215277777777778,0.6215277777777778,0.4953703703703704,0.6177750873403047
bci2a,3,0,n25,sew_clif_ce,RECOVERED_PARENT,0.8541666666666666,0.8541666666666666,0.8055555555555555,0.8535591793091454
bci2a,3,0,all,ann_sew_ce,RECOVERED_PARENT,0.7673611111111112,0.7673611111111112,0.6898148148148149,0.7677238257960897
bci2a,3,0,all,sew_clif_ce,RECOVERED_PARENT,0.8645833333333334,0.8645833333333335,0.8194444444444445,0.8639812041925422
bci2a,3,0,n50,ann_sew_ce,RECOVERED_PARENT,0.7256944444444444,0.7256944444444444,0.6342592592592592,0.7268293707027765
bci2a,3,0,n50,sew_clif_ce,RECOVERED_PARENT,0.8611111111111112,0.8611111111111112,0.8148148148148149,0.8601405327759774
bci2a,3,1,n25,soft_clif_exact,REV-E1,0.78125,0.78125,0.7083333333333334,0.7795078050334502
bci2a,3,1,all,soft_clif_exact,REV-E1,0.8576388888888888,0.857638888888889,0.8101851851851851,0.8568479615723711
bci2a,3,1,n25,gru_stat,REV-E2,0.8229166666666666,0.8229166666666666,0.7638888888888888,0.8224728023299726
bci2a,3,1,all,gru_stat,REV-E2,0.8611111111111112,0.8611111111111112,0.8148148148148149,0.8601511437908498
bci2a,3,1,n25,tcn_stat,REV-E2,0.8368055555555556,0.8368055555555556,0.7824074074074074,0.8359401622718052
bci2a,3,1,all,tcn_stat,REV-E2,0.8645833333333334,0.8645833333333334,0.8194444444444445,0.8635486194611165
bci2a,3,1,n25,ann_sew_equal,REV-E3,0.6840277777777778,0.6840277777777778,0.5787037037037037,0.6810620714937303
bci2a,3,1,n50,ann_sew_equal,REV-E3,0.7465277777777778,0.7465277777777778,0.6620370370370371,0.7456748254704072
bci2a,3,1,all,ann_sew_equal,REV-E3,0.78125,0.78125,0.7083333333333334,0.7799161690481614
bci2a,3,1,n25,sew_clif_equal,REV-E3,0.8645833333333334,0.8645833333333334,0.8194444444444445,0.8632427999079522
bci2a,3,1,n50,sew_clif_equal,REV-E3,0.8611111111111112,0.8611111111111112,0.8148148148148149,0.8601420886305422
bci2a,3,1,all,sew_clif_equal,REV-E3,0.8576388888888888,0.8576388888888888,0.8101851851851851,0.8571269465136582
bci2a,3,1,n25,ann_sew_ce,RECOVERED_PARENT,0.6944444444444444,0.6944444444444444,0.5925925925925926,0.6910301245062567
bci2a,3,1,n25,sew_clif_ce,RECOVERED_PARENT,0.84375,0.84375,0.7916666666666666,0.8432431403019639
bci2a,3,1,all,ann_sew_ce,RECOVERED_PARENT,0.7708333333333334,0.7708333333333333,0.6944444444444445,0.7695800903058425
bci2a,3,1,all,sew_clif_ce,RECOVERED_PARENT,0.8680555555555556,0.8680555555555556,0.8240740740740741,0.8674504585217936
bci2a,3,1,n50,ann_sew_ce,RECOVERED_PARENT,0.7291666666666666,0.7291666666666667,0.6388888888888888,0.7284901298851961
bci2a,3,1,n50,sew_clif_ce,RECOVERED_PARENT,0.8645833333333334,0.8645833333333334,0.8194444444444445,0.8634980011695255
bci2a,3,2,n25,soft_clif_exact,REV-E1,0.8472222222222222,0.8472222222222222,0.7962962962962963,0.8446015814036855
bci2a,3,2,all,soft_clif_exact,REV-E1,0.8611111111111112,0.8611111111111112,0.8148148148148149,0.8613972851474597
bci2a,3,2,n25,gru_stat,REV-E2,0.875,0.875,0.8333333333333334,0.8745026683831517
bci2a,3,2,all,gru_stat,REV-E2,0.8645833333333334,0.8645833333333334,0.8194444444444445,0.8638792513683939
bci2a,3,2,n25,tcn_stat,REV-E2,0.8680555555555556,0.8680555555555556,0.8240740740740741,0.8672295605514415
bci2a,3,2,all,tcn_stat,REV-E2,0.8645833333333334,0.8645833333333334,0.8194444444444445,0.862177439652052
bci2a,3,2,n25,ann_sew_equal,REV-E3,0.6944444444444444,0.6944444444444445,0.5925925925925926,0.6939541742286751
bci2a,3,2,n50,ann_sew_equal,REV-E3,0.7430555555555556,0.7430555555555556,0.6574074074074074,0.7399666739332313
bci2a,3,2,all,ann_sew_equal,REV-E3,0.7951388888888888,0.795138888888889,0.7268518518518517,0.791210412970085
bci2a,3,2,n25,sew_clif_equal,REV-E3,0.8263888888888888,0.8263888888888888,0.7685185185185185,0.8232404099064443
bci2a,3,2,n50,sew_clif_equal,REV-E3,0.8402777777777778,0.8402777777777778,0.7870370370370371,0.8380579826939284
bci2a,3,2,all,sew_clif_equal,REV-E3,0.8368055555555556,0.8368055555555556,0.7824074074074074,0.8344903720241048
bci2a,3,2,n25,ann_sew_ce,RECOVERED_PARENT,0.7222222222222222,0.7222222222222222,0.6296296296296297,0.7224737028798813
bci2a,3,2,n25,sew_clif_ce,RECOVERED_PARENT,0.8576388888888888,0.8576388888888888,0.8101851851851851,0.8564886700424817
bci2a,3,2,all,ann_sew_ce,RECOVERED_PARENT,0.7777777777777778,0.7777777777777778,0.7037037037037037,0.7753808557297499
bci2a,3,2,all,sew_clif_ce,RECOVERED_PARENT,0.8611111111111112,0.8611111111111112,0.8148148148148149,0.860107041507677
bci2a,3,2,n50,ann_sew_ce,RECOVERED_PARENT,0.7569444444444444,0.7569444444444444,0.6759259259259259,0.7533853278400562
bci2a,3,2,n50,sew_clif_ce,RECOVERED_PARENT,0.8368055555555556,0.8368055555555556,0.7824074074074074,0.8337339661779521
bci2a,4,0,n25,soft_clif_exact,REV-E1,0.5833333333333334,0.5833333333333333,0.4444444444444445,0.5739871460708029
bci2a,4,0,all,soft_clif_exact,REV-E1,0.6319444444444444,0.6319444444444444,0.5092592592592592,0.6259536438752108
bci2a,4,0,n25,gru_stat,REV-E2,0.5833333333333334,0.5833333333333334,0.4444444444444445,0.572994706737898
bci2a,4,0,all,gru_stat,REV-E2,0.6458333333333334,0.6458333333333334,0.5277777777777778,0.6410748523659789
bci2a,4,0,n25,tcn_stat,REV-E2,0.6388888888888888,0.6388888888888888,0.5185185185185185,0.6369322341210589
bci2a,4,0,all,tcn_stat,REV-E2,0.625,0.625,0.5,0.6130968296409472
bci2a,4,0,n25,ann_sew_equal,REV-E3,0.5034722222222222,0.5034722222222222,0.33796296296296297,0.48953432895421073
bci2a,4,0,n50,ann_sew_equal,REV-E3,0.5277777777777778,0.5277777777777778,0.3703703703703704,0.5187546355159991
bci2a,4,0,all,ann_sew_equal,REV-E3,0.5659722222222222,0.5659722222222222,0.4212962962962963,0.5624332848901779
bci2a,4,0,n25,sew_clif_equal,REV-E3,0.6354166666666666,0.6354166666666667,0.5138888888888888,0.6278939217963608
bci2a,4,0,n50,sew_clif_equal,REV-E3,0.6041666666666666,0.6041666666666667,0.47222222222222215,0.5955061431623933
bci2a,4,0,all,sew_clif_equal,REV-E3,0.6388888888888888,0.6388888888888888,0.5185185185185185,0.6302360008377601
bci2a,4,0,n25,ann_sew_ce,RECOVERED_PARENT,0.5104166666666666,0.5104166666666666,0.34722222222222215,0.499480104154179
bci2a,4,0,n25,sew_clif_ce,RECOVERED_PARENT,0.6145833333333334,0.6145833333333333,0.48611111111111116,0.602111639770442
bci2a,4,0,all,ann_sew_ce,RECOVERED_PARENT,0.5208333333333334,0.5208333333333334,0.36111111111111116,0.5170448119875601
bci2a,4,0,all,sew_clif_ce,RECOVERED_PARENT,0.6076388888888888,0.6076388888888888,0.4768518518518518,0.6000044354552552
bci2a,4,0,n50,ann_sew_ce,RECOVERED_PARENT,0.5104166666666666,0.5104166666666666,0.34722222222222215,0.4971678974321122
bci2a,4,0,n50,sew_clif_ce,RECOVERED_PARENT,0.5902777777777778,0.5902777777777778,0.4537037037037037,0.5803500650030123
bci2a,4,1,n25,soft_clif_exact,REV-E1,0.6215277777777778,0.6215277777777778,0.4953703703703704,0.6146549060646977
bci2a,4,1,all,soft_clif_exact,REV-E1,0.6493055555555556,0.6493055555555556,0.5324074074074074,0.6422178702928415
bci2a,4,1,n25,gru_stat,REV-E2,0.5972222222222222,0.5972222222222222,0.46296296296296297,0.5859315755702036
bci2a,4,1,all,gru_stat,REV-E2,0.6284722222222222,0.6284722222222222,0.5046296296296297,0.6197488214634512
bci2a,4,1,n25,tcn_stat,REV-E2,0.6215277777777778,0.6215277777777778,0.4953703703703704,0.6096867858079502
bci2a,4,1,all,tcn_stat,REV-E2,0.6076388888888888,0.607638888888889,0.4768518518518518,0.594728200200464
bci2a,4,1,n25,ann_sew_equal,REV-E3,0.5069444444444444,0.5069444444444444,0.34259259259259256,0.4991997839558815
bci2a,4,1,n50,ann_sew_equal,REV-E3,0.5277777777777778,0.5277777777777778,0.3703703703703704,0.525125229800221
bci2a,4,1,all,ann_sew_equal,REV-E3,0.6041666666666666,0.6041666666666666,0.47222222222222215,0.6008822771914214
bci2a,4,1,n25,sew_clif_equal,REV-E3,0.5972222222222222,0.5972222222222222,0.46296296296296297,0.5925873570885092
bci2a,4,1,n50,sew_clif_equal,REV-E3,0.6180555555555556,0.6180555555555555,0.49074074074074076,0.6103937712619785
bci2a,4,1,all,sew_clif_equal,REV-E3,0.6284722222222222,0.6284722222222221,0.5046296296296297,0.6242663003973639
bci2a,4,1,n25,ann_sew_ce,RECOVERED_PARENT,0.4826388888888889,0.4826388888888889,0.3101851851851852,0.47372925557136086
bci2a,4,1,n25,sew_clif_ce,RECOVERED_PARENT,0.6388888888888888,0.638888888888889,0.5185185185185185,0.6335374164082186
bci2a,4,1,all,ann_sew_ce,RECOVERED_PARENT,0.5868055555555556,0.5868055555555556,0.4490740740740741,0.581745941201752
bci2a,4,1,all,sew_clif_ce,RECOVERED_PARENT,0.6319444444444444,0.6319444444444444,0.5092592592592592,0.6272200103998188
bci2a,4,1,n50,ann_sew_ce,RECOVERED_PARENT,0.5486111111111112,0.5486111111111112,0.3981481481481482,0.5469570410514257
bci2a,4,1,n50,sew_clif_ce,RECOVERED_PARENT,0.6284722222222222,0.6284722222222222,0.5046296296296297,0.6215053675988371
bci2a,4,2,n25,soft_clif_exact,REV-E1,0.5659722222222222,0.5659722222222222,0.4212962962962963,0.5591614906832298
bci2a,4,2,all,soft_clif_exact,REV-E1,0.6180555555555556,0.6180555555555556,0.49074074074074076,0.6048291119981449
bci2a,4,2,n25,gru_stat,REV-E2,0.5625,0.5625,0.4166666666666667,0.535434964072735
bci2a,4,2,all,gru_stat,REV-E2,0.6111111111111112,0.611111111111111,0.48148148148148157,0.6002483458276141
bci2a,4,2,n25,tcn_stat,REV-E2,0.6284722222222222,0.6284722222222221,0.5046296296296297,0.6209245435073875
bci2a,4,2,all,tcn_stat,REV-E2,0.6631944444444444,0.6631944444444444,0.5509259259259259,0.6577720468643428
bci2a,4,2,n25,ann_sew_equal,REV-E3,0.5347222222222222,0.5347222222222222,0.3796296296296296,0.5182262094592671
bci2a,4,2,n50,ann_sew_equal,REV-E3,0.5798611111111112,0.5798611111111112,0.4398148148148149,0.5740606782775458
bci2a,4,2,all,ann_sew_equal,REV-E3,0.6145833333333334,0.6145833333333334,0.48611111111111116,0.6070601003324434
bci2a,4,2,n25,sew_clif_equal,REV-E3,0.6006944444444444,0.6006944444444444,0.46759259259259256,0.5862058300032083
bci2a,4,2,n50,sew_clif_equal,REV-E3,0.6597222222222222,0.6597222222222222,0.5462962962962963,0.6520847563595138
bci2a,4,2,all,sew_clif_equal,REV-E3,0.6736111111111112,0.6736111111111112,0.5648148148148149,0.668999496386119
bci2a,4,2,n25,ann_sew_ce,RECOVERED_PARENT,0.5104166666666666,0.5104166666666666,0.34722222222222215,0.49654482771864306
bci2a,4,2,n25,sew_clif_ce,RECOVERED_PARENT,0.5868055555555556,0.5868055555555556,0.4490740740740741,0.5713235894422223
bci2a,4,2,all,ann_sew_ce,RECOVERED_PARENT,0.5868055555555556,0.5868055555555556,0.4490740740740741,0.5786500339066046
bci2a,4,2,all,sew_clif_ce,RECOVERED_PARENT,0.65625,0.65625,0.5416666666666666,0.6492451790633609
bci2a,4,2,n50,ann_sew_ce,RECOVERED_PARENT,0.5694444444444444,0.5694444444444444,0.4259259259259259,0.5620663228110159
bci2a,4,2,n50,sew_clif_ce,RECOVERED_PARENT,0.6319444444444444,0.6319444444444444,0.5092592592592592,0.6223750801158102
bci2a,5,0,n25,soft_clif_exact,REV-E1,0.5868055555555556,0.5868055555555556,0.4490740740740741,0.5577098944612555
bci2a,5,0,all,soft_clif_exact,REV-E1,0.6354166666666666,0.6354166666666667,0.5138888888888888,0.6054777692859408
bci2a,5,0,n25,gru_stat,REV-E2,0.6111111111111112,0.6111111111111112,0.48148148148148157,0.5892122887539737
bci2a,5,0,all,gru_stat,REV-E2,0.625,0.625,0.5,0.6114935225825062
bci2a,5,0,n25,tcn_stat,REV-E2,0.5625,0.5625,0.4166666666666667,0.5303405207144916
bci2a,5,0,all,tcn_stat,REV-E2,0.6284722222222222,0.6284722222222222,0.5046296296296297,0.5964696337296831
bci2a,5,0,n25,ann_sew_equal,REV-E3,0.5069444444444444,0.5069444444444444,0.34259259259259256,0.5023923306448015
bci2a,5,0,n50,ann_sew_equal,REV-E3,0.4791666666666667,0.47916666666666663,0.3055555555555556,0.47510156264762016
bci2a,5,0,all,ann_sew_equal,REV-E3,0.5902777777777778,0.5902777777777778,0.4537037037037037,0.5841258508027174
bci2a,5,0,n25,sew_clif_equal,REV-E3,0.5763888888888888,0.5763888888888888,0.4351851851851851,0.5401212715709075
bci2a,5,0,n50,sew_clif_equal,REV-E3,0.6076388888888888,0.6076388888888888,0.4768518518518518,0.5904188281100827
bci2a,5,0,all,sew_clif_equal,REV-E3,0.6006944444444444,0.6006944444444444,0.46759259259259256,0.5752029686318593
bci2a,5,0,n25,ann_sew_ce,RECOVERED_PARENT,0.5034722222222222,0.5034722222222222,0.33796296296296297,0.4882912908007226
bci2a,5,0,n25,sew_clif_ce,RECOVERED_PARENT,0.5798611111111112,0.5798611111111112,0.4398148148148149,0.5389586769172499
bci2a,5,0,all,ann_sew_ce,RECOVERED_PARENT,0.5625,0.5625,0.4166666666666667,0.5555806003068662
bci2a,5,0,all,sew_clif_ce,RECOVERED_PARENT,0.6145833333333334,0.6145833333333334,0.48611111111111116,0.5991970727685014
bci2a,5,0,n50,ann_sew_ce,RECOVERED_PARENT,0.5138888888888888,0.5138888888888888,0.3518518518518518,0.5092104056923458
bci2a,5,0,n50,sew_clif_ce,RECOVERED_PARENT,0.6111111111111112,0.6111111111111112,0.48148148148148157,0.601837350955247
bci2a,5,1,n25,soft_clif_exact,REV-E1,0.5347222222222222,0.5347222222222222,0.3796296296296296,0.4710395963675211
bci2a,5,1,all,soft_clif_exact,REV-E1,0.59375,0.59375,0.4583333333333333,0.5359749798955317
bci2a,5,1,n25,gru_stat,REV-E2,0.5972222222222222,0.5972222222222222,0.46296296296296297,0.552485032244678
bci2a,5,1,all,gru_stat,REV-E2,0.6388888888888888,0.6388888888888888,0.5185185185185185,0.6052649107939695
bci2a,5,1,n25,tcn_stat,REV-E2,0.5694444444444444,0.5694444444444444,0.4259259259259259,0.5281578019222614
bci2a,5,1,all,tcn_stat,REV-E2,0.625,0.625,0.5,0.583264183497326
bci2a,5,1,n25,ann_sew_equal,REV-E3,0.5208333333333334,0.5208333333333334,0.36111111111111116,0.5002393496150696
bci2a,5,1,n50,ann_sew_equal,REV-E3,0.5416666666666666,0.5416666666666667,0.38888888888888884,0.5268195027121492
bci2a,5,1,all,ann_sew_equal,REV-E3,0.5868055555555556,0.5868055555555556,0.4490740740740741,0.563226978372684
bci2a,5,1,n25,sew_clif_equal,REV-E3,0.5659722222222222,0.5659722222222222,0.4212962962962963,0.5150829631726376
bci2a,5,1,n50,sew_clif_equal,REV-E3,0.6284722222222222,0.6284722222222222,0.5046296296296297,0.5740195593038602
bci2a,5,1,all,sew_clif_equal,REV-E3,0.6423611111111112,0.6423611111111112,0.5231481481481483,0.600712593402588
bci2a,5,1,n25,ann_sew_ce,RECOVERED_PARENT,0.5,0.5,0.3333333333333333,0.46166819291819283
bci2a,5,1,n25,sew_clif_ce,RECOVERED_PARENT,0.5729166666666666,0.5729166666666667,0.4305555555555555,0.502099183861102
bci2a,5,1,all,ann_sew_ce,RECOVERED_PARENT,0.5833333333333334,0.5833333333333333,0.4444444444444445,0.5628362035337522
bci2a,5,1,all,sew_clif_ce,RECOVERED_PARENT,0.6354166666666666,0.6354166666666666,0.5138888888888888,0.5963483854144032
bci2a,5,1,n50,ann_sew_ce,RECOVERED_PARENT,0.5694444444444444,0.5694444444444444,0.4259259259259259,0.555106998264893
bci2a,5,1,n50,sew_clif_ce,RECOVERED_PARENT,0.6180555555555556,0.6180555555555556,0.49074074074074076,0.5728967863026647
bci2a,5,2,n25,soft_clif_exact,REV-E1,0.5520833333333334,0.5520833333333333,0.40277777777777785,0.5171524783522788
bci2a,5,2,all,soft_clif_exact,REV-E1,0.59375,0.59375,0.4583333333333333,0.5529522082868511
bci2a,5,2,n25,gru_stat,REV-E2,0.5590277777777778,0.5590277777777777,0.41203703703703703,0.535971779113153
bci2a,5,2,all,gru_stat,REV-E2,0.6284722222222222,0.6284722222222222,0.5046296296296297,0.6117262231213467
bci2a,5,2,n25,tcn_stat,REV-E2,0.6006944444444444,0.6006944444444444,0.46759259259259256,0.569335164273297
bci2a,5,2,all,tcn_stat,REV-E2,0.6215277777777778,0.6215277777777778,0.4953703703703704,0.5852926325183776
bci2a,5,2,n25,ann_sew_equal,REV-E3,0.4826388888888889,0.4826388888888889,0.3101851851851852,0.4565135967887833
bci2a,5,2,n50,ann_sew_equal,REV-E3,0.5208333333333334,0.5208333333333333,0.36111111111111116,0.49276246242420274
bci2a,5,2,all,ann_sew_equal,REV-E3,0.4826388888888889,0.4826388888888889,0.3101851851851852,0.4527925209173509
bci2a,5,2,n25,sew_clif_equal,REV-E3,0.5347222222222222,0.5347222222222222,0.3796296296296296,0.5049037674037674
bci2a,5,2,n50,sew_clif_equal,REV-E3,0.5625,0.5625,0.4166666666666667,0.5343265306122449
bci2a,5,2,all,sew_clif_equal,REV-E3,0.6041666666666666,0.6041666666666666,0.47222222222222215,0.5836594567742108
bci2a,5,2,n25,ann_sew_ce,RECOVERED_PARENT,0.4513888888888889,0.45138888888888884,0.26851851851851855,0.4353089681321935
bci2a,5,2,n25,sew_clif_ce,RECOVERED_PARENT,0.5486111111111112,0.548611111111111,0.3981481481481482,0.5151888646261494
bci2a,5,2,all,ann_sew_ce,RECOVERED_PARENT,0.5208333333333334,0.5208333333333333,0.36111111111111116,0.4926521549438216
bci2a,5,2,all,sew_clif_ce,RECOVERED_PARENT,0.6006944444444444,0.6006944444444444,0.46759259259259256,0.5741593237901137
bci2a,5,2,n50,ann_sew_ce,RECOVERED_PARENT,0.5486111111111112,0.5486111111111112,0.3981481481481482,0.5212830629904994
bci2a,5,2,n50,sew_clif_ce,RECOVERED_PARENT,0.5694444444444444,0.5694444444444444,0.4259259259259259,0.5389004474008546
bci2a,6,0,n25,soft_clif_exact,REV-E1,0.5,0.5,0.3333333333333333,0.4929019152750074
bci2a,6,0,all,soft_clif_exact,REV-E1,0.5347222222222222,0.5347222222222222,0.3796296296296296,0.526243403939056
bci2a,6,0,n25,gru_stat,REV-E2,0.4722222222222222,0.47222222222222227,0.2962962962962963,0.463575156732261
bci2a,6,0,all,gru_stat,REV-E2,0.5277777777777778,0.5277777777777778,0.3703703703703704,0.5292939785964346
bci2a,6,0,n25,tcn_stat,REV-E2,0.4930555555555556,0.4930555555555555,0.3240740740740741,0.4886342393772159
bci2a,6,0,all,tcn_stat,REV-E2,0.5069444444444444,0.5069444444444444,0.34259259259259256,0.5071847986335745
bci2a,6,0,n25,ann_sew_equal,REV-E3,0.40625,0.40624999999999994,0.20833333333333334,0.40209692140498804
bci2a,6,0,n50,ann_sew_equal,REV-E3,0.4548611111111111,0.4548611111111111,0.27314814814814814,0.45117936829904376
bci2a,6,0,all,ann_sew_equal,REV-E3,0.4965277777777778,0.4965277777777778,0.3287037037037037,0.4950366435301873
bci2a,6,0,n25,sew_clif_equal,REV-E3,0.5243055555555556,0.5243055555555556,0.36574074074074076,0.5178558496184842
bci2a,6,0,n50,sew_clif_equal,REV-E3,0.5555555555555556,0.5555555555555556,0.40740740740740744,0.5517152066305975
bci2a,6,0,all,sew_clif_equal,REV-E3,0.5451388888888888,0.5451388888888888,0.39351851851851843,0.5425956909531545
bci2a,6,0,n25,ann_sew_ce,RECOVERED_PARENT,0.4236111111111111,0.4236111111111111,0.23148148148148148,0.41888431406874027
bci2a,6,0,n25,sew_clif_ce,RECOVERED_PARENT,0.5069444444444444,0.5069444444444444,0.34259259259259256,0.5027205489616036
bci2a,6,0,all,ann_sew_ce,RECOVERED_PARENT,0.4930555555555556,0.4930555555555555,0.3240740740740741,0.4901187363834423
bci2a,6,0,all,sew_clif_ce,RECOVERED_PARENT,0.53125,0.53125,0.375,0.5301490210546494
bci2a,6,0,n50,ann_sew_ce,RECOVERED_PARENT,0.4652777777777778,0.4652777777777778,0.28703703703703703,0.46387232854810256
bci2a,6,0,n50,sew_clif_ce,RECOVERED_PARENT,0.5243055555555556,0.5243055555555556,0.36574074074074076,0.5246519691670462
bci2a,6,1,n25,soft_clif_exact,REV-E1,0.4652777777777778,0.46527777777777773,0.28703703703703703,0.4488939503582948
bci2a,6,1,all,soft_clif_exact,REV-E1,0.4861111111111111,0.48611111111111116,0.3148148148148148,0.4841713624185595
bci2a,6,1,n25,gru_stat,REV-E2,0.4756944444444444,0.4756944444444444,0.3009259259259259,0.4680956022657271
bci2a,6,1,all,gru_stat,REV-E2,0.4791666666666667,0.47916666666666663,0.3055555555555556,0.47842970017704467
bci2a,6,1,n25,tcn_stat,REV-E2,0.4722222222222222,0.4722222222222222,0.2962962962962963,0.44554443640500885
bci2a,6,1,all,tcn_stat,REV-E2,0.46875,0.46875000000000006,0.2916666666666667,0.4662210408595922
bci2a,6,1,n25,ann_sew_equal,REV-E3,0.4097222222222222,0.4097222222222222,0.21296296296296294,0.40345871637007674
bci2a,6,1,n50,ann_sew_equal,REV-E3,0.4305555555555556,0.4305555555555555,0.24074074074074078,0.42946126175074417
bci2a,6,1,all,ann_sew_equal,REV-E3,0.4340277777777778,0.4340277777777778,0.24537037037037038,0.435054945054945
bci2a,6,1,n25,sew_clif_equal,REV-E3,0.4722222222222222,0.47222222222222227,0.2962962962962963,0.45114193006277664
bci2a,6,1,n50,sew_clif_equal,REV-E3,0.4722222222222222,0.4722222222222222,0.2962962962962963,0.45908514381890525
bci2a,6,1,all,sew_clif_equal,REV-E3,0.4895833333333333,0.4895833333333333,0.3194444444444444,0.4869944467533498
bci2a,6,1,n25,ann_sew_ce,RECOVERED_PARENT,0.3993055555555556,0.3993055555555556,0.1990740740740741,0.3922899460198444
bci2a,6,1,n25,sew_clif_ce,RECOVERED_PARENT,0.4756944444444444,0.4756944444444444,0.3009259259259259,0.46117380848707273
bci2a,6,1,all,ann_sew_ce,RECOVERED_PARENT,0.4652777777777778,0.4652777777777778,0.28703703703703703,0.4666344652838961
bci2a,6,1,all,sew_clif_ce,RECOVERED_PARENT,0.4756944444444444,0.4756944444444444,0.3009259259259259,0.4680283498178264
bci2a,6,1,n50,ann_sew_ce,RECOVERED_PARENT,0.4097222222222222,0.40972222222222227,0.21296296296296294,0.40703442934852097
bci2a,6,1,n50,sew_clif_ce,RECOVERED_PARENT,0.4652777777777778,0.4652777777777778,0.28703703703703703,0.4530996657519717
bci2a,6,2,n25,soft_clif_exact,REV-E1,0.5069444444444444,0.5069444444444444,0.34259259259259256,0.5007493690426956
bci2a,6,2,all,soft_clif_exact,REV-E1,0.5138888888888888,0.5138888888888888,0.3518518518518518,0.5082327468888288
bci2a,6,2,n25,gru_stat,REV-E2,0.4930555555555556,0.4930555555555556,0.3240740740740741,0.4779059297080114
bci2a,6,2,all,gru_stat,REV-E2,0.5,0.49999999999999994,0.3333333333333333,0.4936233497229944
bci2a,6,2,n25,tcn_stat,REV-E2,0.4930555555555556,0.4930555555555556,0.3240740740740741,0.48570157824279575
bci2a,6,2,all,tcn_stat,REV-E2,0.5416666666666666,0.5416666666666667,0.38888888888888884,0.5375638459592462
bci2a,6,2,n25,ann_sew_equal,REV-E3,0.4027777777777778,0.4027777777777778,0.20370370370370372,0.3931293029997512
bci2a,6,2,n50,ann_sew_equal,REV-E3,0.4375,0.4375,0.25,0.43062576548764997
bci2a,6,2,all,ann_sew_equal,REV-E3,0.4722222222222222,0.4722222222222222,0.2962962962962963,0.4710306402432819
bci2a,6,2,n25,sew_clif_equal,REV-E3,0.53125,0.53125,0.375,0.5146790574925132
bci2a,6,2,n50,sew_clif_equal,REV-E3,0.5277777777777778,0.5277777777777778,0.3703703703703704,0.5145159374957508
bci2a,6,2,all,sew_clif_equal,REV-E3,0.5277777777777778,0.5277777777777778,0.3703703703703704,0.5222705397664897
bci2a,6,2,n25,ann_sew_ce,RECOVERED_PARENT,0.3923611111111111,0.3923611111111111,0.1898148148148148,0.37740048795144926
bci2a,6,2,n25,sew_clif_ce,RECOVERED_PARENT,0.53125,0.53125,0.375,0.5174105103156647
bci2a,6,2,all,ann_sew_ce,RECOVERED_PARENT,0.4791666666666667,0.47916666666666663,0.3055555555555556,0.4784779416112528
bci2a,6,2,all,sew_clif_ce,RECOVERED_PARENT,0.5173611111111112,0.5173611111111112,0.35648148148148157,0.5092838367780895
bci2a,6,2,n50,ann_sew_ce,RECOVERED_PARENT,0.4548611111111111,0.4548611111111111,0.27314814814814814,0.45417008008500026
bci2a,6,2,n50,sew_clif_ce,RECOVERED_PARENT,0.5347222222222222,0.5347222222222222,0.3796296296296296,0.5251163936017228
bci2a,7,0,n25,soft_clif_exact,REV-E1,0.7326388888888888,0.7326388888888888,0.6435185185185185,0.7278377962664095
bci2a,7,0,all,soft_clif_exact,REV-E1,0.7326388888888888,0.7326388888888888,0.6435185185185185,0.7320435713397349
bci2a,7,0,n25,gru_stat,REV-E2,0.7916666666666666,0.7916666666666667,0.7222222222222222,0.7755237299422497
bci2a,7,0,all,gru_stat,REV-E2,0.7916666666666666,0.7916666666666666,0.7222222222222222,0.7845832920227638
bci2a,7,0,n25,tcn_stat,REV-E2,0.7708333333333334,0.7708333333333333,0.6944444444444445,0.7650533436900423
bci2a,7,0,all,tcn_stat,REV-E2,0.7673611111111112,0.767361111111111,0.6898148148148149,0.7625771403486448
bci2a,7,0,n25,ann_sew_equal,REV-E3,0.6006944444444444,0.6006944444444444,0.46759259259259256,0.5936819972892011
bci2a,7,0,n50,ann_sew_equal,REV-E3,0.7152777777777778,0.7152777777777778,0.6203703703703703,0.7101940041506433
bci2a,7,0,all,ann_sew_equal,REV-E3,0.6805555555555556,0.6805555555555556,0.5740740740740741,0.6747080526060717
bci2a,7,0,n25,sew_clif_equal,REV-E3,0.7951388888888888,0.7951388888888888,0.7268518518518517,0.792190999722296
bci2a,7,0,n50,sew_clif_equal,REV-E3,0.8090277777777778,0.8090277777777777,0.7453703703703703,0.808054646536096
bci2a,7,0,all,sew_clif_equal,REV-E3,0.8090277777777778,0.8090277777777777,0.7453703703703703,0.8077127914482718
bci2a,7,0,n25,ann_sew_ce,RECOVERED_PARENT,0.5833333333333334,0.5833333333333333,0.4444444444444445,0.5731391489354611
bci2a,7,0,n25,sew_clif_ce,RECOVERED_PARENT,0.7673611111111112,0.7673611111111112,0.6898148148148149,0.7651252245645697
bci2a,7,0,all,ann_sew_ce,RECOVERED_PARENT,0.7083333333333334,0.7083333333333334,0.6111111111111112,0.7043704718420883
bci2a,7,0,all,sew_clif_ce,RECOVERED_PARENT,0.8055555555555556,0.8055555555555555,0.7407407407407408,0.802687978656587
bci2a,7,0,n50,ann_sew_ce,RECOVERED_PARENT,0.7083333333333334,0.7083333333333334,0.6111111111111112,0.706207925351613
bci2a,7,0,n50,sew_clif_ce,RECOVERED_PARENT,0.7916666666666666,0.7916666666666667,0.7222222222222222,0.7924577477879753
bci2a,7,1,n25,soft_clif_exact,REV-E1,0.7291666666666666,0.7291666666666667,0.6388888888888888,0.7308692086512474
bci2a,7,1,all,soft_clif_exact,REV-E1,0.8229166666666666,0.8229166666666667,0.7638888888888888,0.8263233937405019
bci2a,7,1,n25,gru_stat,REV-E2,0.7604166666666666,0.7604166666666666,0.6805555555555555,0.7596666261513114
bci2a,7,1,all,gru_stat,REV-E2,0.8090277777777778,0.8090277777777778,0.7453703703703703,0.8087830687830688
bci2a,7,1,n25,tcn_stat,REV-E2,0.7673611111111112,0.7673611111111112,0.6898148148148149,0.7678912422866099
bci2a,7,1,all,tcn_stat,REV-E2,0.8194444444444444,0.8194444444444444,0.7592592592592592,0.8184315416554502
bci2a,7,1,n25,ann_sew_equal,REV-E3,0.6770833333333334,0.6770833333333333,0.5694444444444445,0.6754462859257921
bci2a,7,1,n50,ann_sew_equal,REV-E3,0.6979166666666666,0.6979166666666666,0.5972222222222222,0.6968088462989708
bci2a,7,1,all,ann_sew_equal,REV-E3,0.7430555555555556,0.7430555555555555,0.6574074074074074,0.7430418167922264
bci2a,7,1,n25,sew_clif_equal,REV-E3,0.7569444444444444,0.7569444444444445,0.6759259259259259,0.759107153997665
bci2a,7,1,n50,sew_clif_equal,REV-E3,0.78125,0.78125,0.7083333333333334,0.7819288956364355
bci2a,7,1,all,sew_clif_equal,REV-E3,0.8402777777777778,0.8402777777777778,0.7870370370370371,0.8401702273459163
bci2a,7,1,n25,ann_sew_ce,RECOVERED_PARENT,0.6666666666666666,0.6666666666666667,0.5555555555555555,0.6626091658480158
bci2a,7,1,n25,sew_clif_ce,RECOVERED_PARENT,0.7986111111111112,0.7986111111111112,0.7314814814814815,0.7959866694163693
bci2a,7,1,all,ann_sew_ce,RECOVERED_PARENT,0.7152777777777778,0.7152777777777778,0.6203703703703703,0.7131616030231099
bci2a,7,1,all,sew_clif_ce,RECOVERED_PARENT,0.84375,0.84375,0.7916666666666666,0.8437805599676104
bci2a,7,1,n50,ann_sew_ce,RECOVERED_PARENT,0.6631944444444444,0.6631944444444444,0.5509259259259259,0.6588888888888889
bci2a,7,1,n50,sew_clif_ce,RECOVERED_PARENT,0.7916666666666666,0.7916666666666667,0.7222222222222222,0.7913515949517043
bci2a,7,2,n25,soft_clif_exact,REV-E1,0.6701388888888888,0.6701388888888888,0.5601851851851851,0.6669444526996015
bci2a,7,2,all,soft_clif_exact,REV-E1,0.7465277777777778,0.7465277777777777,0.6620370370370371,0.7390658257382752
bci2a,7,2,n25,gru_stat,REV-E2,0.7222222222222222,0.7222222222222222,0.6296296296296297,0.7254534119152981
bci2a,7,2,all,gru_stat,REV-E2,0.8125,0.8125,0.75,0.8111140807234029
bci2a,7,2,n25,tcn_stat,REV-E2,0.7256944444444444,0.7256944444444444,0.6342592592592592,0.7281449795618908
bci2a,7,2,all,tcn_stat,REV-E2,0.8263888888888888,0.8263888888888888,0.7685185185185185,0.8257279522790144
bci2a,7,2,n25,ann_sew_equal,REV-E3,0.6284722222222222,0.6284722222222222,0.5046296296296297,0.627639090639865
bci2a,7,2,n50,ann_sew_equal,REV-E3,0.7152777777777778,0.7152777777777778,0.6203703703703703,0.7139380227615523
bci2a,7,2,all,ann_sew_equal,REV-E3,0.7430555555555556,0.7430555555555555,0.6574074074074074,0.7362905747942244
bci2a,7,2,n25,sew_clif_equal,REV-E3,0.7118055555555556,0.7118055555555556,0.6157407407407408,0.7118776780215064
bci2a,7,2,n50,sew_clif_equal,REV-E3,0.7951388888888888,0.795138888888889,0.7268518518518517,0.7956370507426845
bci2a,7,2,all,sew_clif_equal,REV-E3,0.7951388888888888,0.7951388888888888,0.7268518518518517,0.7964802361562627
bci2a,7,2,n25,ann_sew_ce,RECOVERED_PARENT,0.6631944444444444,0.6631944444444444,0.5509259259259259,0.660885337830481
bci2a,7,2,n25,sew_clif_ce,RECOVERED_PARENT,0.6979166666666666,0.6979166666666667,0.5972222222222222,0.6926587301587301
bci2a,7,2,all,ann_sew_ce,RECOVERED_PARENT,0.7604166666666666,0.7604166666666667,0.6805555555555555,0.7528674396057765
bci2a,7,2,all,sew_clif_ce,RECOVERED_PARENT,0.7881944444444444,0.7881944444444444,0.7175925925925926,0.7880188697142352
bci2a,7,2,n50,ann_sew_ce,RECOVERED_PARENT,0.7152777777777778,0.7152777777777778,0.6203703703703703,0.7075224877395159
bci2a,7,2,n50,sew_clif_ce,RECOVERED_PARENT,0.7465277777777778,0.7465277777777779,0.6620370370370371,0.7389937653548416
bci2a,8,0,n25,soft_clif_exact,REV-E1,0.7013888888888888,0.7013888888888888,0.6018518518518517,0.7010267740802429
bci2a,8,0,all,soft_clif_exact,REV-E1,0.7673611111111112,0.7673611111111112,0.6898148148148149,0.7687646451432111
bci2a,8,0,n25,gru_stat,REV-E2,0.7638888888888888,0.763888888888889,0.6851851851851851,0.7635109379074828
bci2a,8,0,all,gru_stat,REV-E2,0.7881944444444444,0.7881944444444444,0.7175925925925926,0.7857757256382935
bci2a,8,0,n25,tcn_stat,REV-E2,0.7986111111111112,0.798611111111111,0.7314814814814815,0.7978791657956013
bci2a,8,0,all,tcn_stat,REV-E2,0.7951388888888888,0.7951388888888888,0.7268518518518517,0.7930184707234944
bci2a,8,0,n25,ann_sew_equal,REV-E3,0.6145833333333334,0.6145833333333334,0.48611111111111116,0.6129718143839349
bci2a,8,0,n50,ann_sew_equal,REV-E3,0.7256944444444444,0.7256944444444445,0.6342592592592592,0.7255360135002343
bci2a,8,0,all,ann_sew_equal,REV-E3,0.7118055555555556,0.7118055555555556,0.6157407407407408,0.7091717850396462
bci2a,8,0,n25,sew_clif_equal,REV-E3,0.7708333333333334,0.7708333333333334,0.6944444444444445,0.7691186894023925
bci2a,8,0,n50,sew_clif_equal,REV-E3,0.8020833333333334,0.8020833333333333,0.7361111111111112,0.8005354365282985
bci2a,8,0,all,sew_clif_equal,REV-E3,0.7465277777777778,0.7465277777777778,0.6620370370370371,0.7441802948618549
bci2a,8,0,n25,ann_sew_ce,RECOVERED_PARENT,0.6284722222222222,0.6284722222222222,0.5046296296296297,0.6291391608421938
bci2a,8,0,n25,sew_clif_ce,RECOVERED_PARENT,0.7743055555555556,0.7743055555555556,0.6990740740740741,0.7729873360470374
bci2a,8,0,all,ann_sew_ce,RECOVERED_PARENT,0.7291666666666666,0.7291666666666667,0.6388888888888888,0.7264442991061695
bci2a,8,0,all,sew_clif_ce,RECOVERED_PARENT,0.7638888888888888,0.763888888888889,0.6851851851851851,0.7616206718687732
bci2a,8,0,n50,ann_sew_ce,RECOVERED_PARENT,0.7118055555555556,0.7118055555555556,0.6157407407407408,0.7080431555565351
bci2a,8,0,n50,sew_clif_ce,RECOVERED_PARENT,0.78125,0.78125,0.7083333333333334,0.7798572511734009
bci2a,8,1,n25,soft_clif_exact,REV-E1,0.7708333333333334,0.7708333333333334,0.6944444444444445,0.7641856263523876
bci2a,8,1,all,soft_clif_exact,REV-E1,0.7673611111111112,0.7673611111111112,0.6898148148148149,0.7592308556227136
bci2a,8,1,n25,gru_stat,REV-E2,0.7638888888888888,0.7638888888888888,0.6851851851851851,0.7564754211305935
bci2a,8,1,all,gru_stat,REV-E2,0.7638888888888888,0.7638888888888888,0.6851851851851851,0.7543040293040293
bci2a,8,1,n25,tcn_stat,REV-E2,0.7777777777777778,0.7777777777777778,0.7037037037037037,0.7719152940083173
bci2a,8,1,all,tcn_stat,REV-E2,0.7465277777777778,0.7465277777777778,0.6620370370370371,0.7387579517572407
bci2a,8,1,n25,ann_sew_equal,REV-E3,0.6458333333333334,0.6458333333333333,0.5277777777777778,0.6430135592368513
bci2a,8,1,n50,ann_sew_equal,REV-E3,0.6840277777777778,0.6840277777777778,0.5787037037037037,0.6802953568087866
bci2a,8,1,all,ann_sew_equal,REV-E3,0.6979166666666666,0.6979166666666666,0.5972222222222222,0.6880978343230104
bci2a,8,1,n25,sew_clif_equal,REV-E3,0.7395833333333334,0.7395833333333333,0.6527777777777778,0.7320305683772375
bci2a,8,1,n50,sew_clif_equal,REV-E3,0.7326388888888888,0.732638888888889,0.6435185185185185,0.7223741452063441
bci2a,8,1,all,sew_clif_equal,REV-E3,0.71875,0.71875,0.625,0.7081037320167756
bci2a,8,1,n25,ann_sew_ce,RECOVERED_PARENT,0.6180555555555556,0.6180555555555556,0.49074074074074076,0.6163152584828874
bci2a,8,1,n25,sew_clif_ce,RECOVERED_PARENT,0.7326388888888888,0.732638888888889,0.6435185185185185,0.7231985952137561
bci2a,8,1,all,ann_sew_ce,RECOVERED_PARENT,0.7395833333333334,0.7395833333333333,0.6527777777777778,0.7318907069491994
bci2a,8,1,all,sew_clif_ce,RECOVERED_PARENT,0.7222222222222222,0.7222222222222223,0.6296296296296297,0.7111787416123698
bci2a,8,1,n50,ann_sew_ce,RECOVERED_PARENT,0.7013888888888888,0.7013888888888888,0.6018518518518517,0.7012330594416498
bci2a,8,1,n50,sew_clif_ce,RECOVERED_PARENT,0.7395833333333334,0.7395833333333334,0.6527777777777778,0.7307633256337646
bci2a,8,2,n25,soft_clif_exact,REV-E1,0.75,0.75,0.6666666666666666,0.7455999114018946
bci2a,8,2,all,soft_clif_exact,REV-E1,0.7708333333333334,0.7708333333333333,0.6944444444444445,0.7649680051131466
bci2a,8,2,n25,gru_stat,REV-E2,0.7777777777777778,0.7777777777777778,0.7037037037037037,0.7668352606684488
bci2a,8,2,all,gru_stat,REV-E2,0.8020833333333334,0.8020833333333333,0.7361111111111112,0.7989976141785958
bci2a,8,2,n25,tcn_stat,REV-E2,0.7673611111111112,0.767361111111111,0.6898148148148149,0.7568802521008403
bci2a,8,2,all,tcn_stat,REV-E2,0.8020833333333334,0.8020833333333333,0.7361111111111112,0.7978616878580242
bci2a,8,2,n25,ann_sew_equal,REV-E3,0.6319444444444444,0.6319444444444444,0.5092592592592592,0.6012930175805569
bci2a,8,2,n50,ann_sew_equal,REV-E3,0.7673611111111112,0.767361111111111,0.6898148148148149,0.7630540273552238
bci2a,8,2,all,ann_sew_equal,REV-E3,0.7291666666666666,0.7291666666666667,0.6388888888888888,0.7238814231284111
bci2a,8,2,n25,sew_clif_equal,REV-E3,0.7291666666666666,0.7291666666666667,0.6388888888888888,0.7033433974952442
bci2a,8,2,n50,sew_clif_equal,REV-E3,0.7743055555555556,0.7743055555555556,0.6990740740740741,0.7698668051640903
bci2a,8,2,all,sew_clif_equal,REV-E3,0.7916666666666666,0.7916666666666666,0.7222222222222222,0.7875992063492063
bci2a,8,2,n25,ann_sew_ce,RECOVERED_PARENT,0.6180555555555556,0.6180555555555556,0.49074074074074076,0.5885014495814648
bci2a,8,2,n25,sew_clif_ce,RECOVERED_PARENT,0.7291666666666666,0.7291666666666666,0.6388888888888888,0.7053962092278866
bci2a,8,2,all,ann_sew_ce,RECOVERED_PARENT,0.71875,0.71875,0.625,0.7165156771816616
bci2a,8,2,all,sew_clif_ce,RECOVERED_PARENT,0.7951388888888888,0.7951388888888888,0.7268518518518517,0.7928574465421203
bci2a,8,2,n50,ann_sew_ce,RECOVERED_PARENT,0.7395833333333334,0.7395833333333333,0.6527777777777778,0.7342755953035756
bci2a,8,2,n50,sew_clif_ce,RECOVERED_PARENT,0.7916666666666666,0.7916666666666666,0.7222222222222222,0.7880895005353281
bci2a,9,0,n25,soft_clif_exact,REV-E1,0.7604166666666666,0.7604166666666667,0.6805555555555555,0.7532372792001972
bci2a,9,0,all,soft_clif_exact,REV-E1,0.7708333333333334,0.7708333333333333,0.6944444444444445,0.7719296693295581
bci2a,9,0,n25,gru_stat,REV-E2,0.8020833333333334,0.8020833333333333,0.7361111111111112,0.802968586103528
bci2a,9,0,all,gru_stat,REV-E2,0.7986111111111112,0.7986111111111112,0.7314814814814815,0.7983482749152199
bci2a,9,0,n25,tcn_stat,REV-E2,0.7847222222222222,0.7847222222222223,0.7129629629629629,0.7845657496416154
bci2a,9,0,all,tcn_stat,REV-E2,0.7986111111111112,0.798611111111111,0.7314814814814815,0.7983679303438426
bci2a,9,0,n25,ann_sew_equal,REV-E3,0.6597222222222222,0.6597222222222222,0.5462962962962963,0.6608099225678997
bci2a,9,0,n50,ann_sew_equal,REV-E3,0.7256944444444444,0.7256944444444444,0.6342592592592592,0.7275517559836078
bci2a,9,0,all,ann_sew_equal,REV-E3,0.7395833333333334,0.7395833333333333,0.6527777777777778,0.7417286783051644
bci2a,9,0,n25,sew_clif_equal,REV-E3,0.7743055555555556,0.7743055555555555,0.6990740740740741,0.7757185404244227
bci2a,9,0,n50,sew_clif_equal,REV-E3,0.7534722222222222,0.7534722222222223,0.6712962962962963,0.7545232950292328
bci2a,9,0,all,sew_clif_equal,REV-E3,0.7951388888888888,0.795138888888889,0.7268518518518517,0.797425038271503
bci2a,9,0,n25,ann_sew_ce,RECOVERED_PARENT,0.6736111111111112,0.6736111111111112,0.5648148148148149,0.6748317042434689
bci2a,9,0,n25,sew_clif_ce,RECOVERED_PARENT,0.7708333333333334,0.7708333333333333,0.6944444444444445,0.7725900295456747
bci2a,9,0,all,ann_sew_ce,RECOVERED_PARENT,0.7430555555555556,0.7430555555555556,0.6574074074074074,0.7458144642904427
bci2a,9,0,all,sew_clif_ce,RECOVERED_PARENT,0.7951388888888888,0.795138888888889,0.7268518518518517,0.7972542023371556
bci2a,9,0,n50,ann_sew_ce,RECOVERED_PARENT,0.7395833333333334,0.7395833333333334,0.6527777777777778,0.7409751285369999
bci2a,9,0,n50,sew_clif_ce,RECOVERED_PARENT,0.7777777777777778,0.7777777777777778,0.7037037037037037,0.7788949278109165
bci2a,9,1,n25,soft_clif_exact,REV-E1,0.7951388888888888,0.795138888888889,0.7268518518518517,0.7895797258297259
bci2a,9,1,all,soft_clif_exact,REV-E1,0.7534722222222222,0.7534722222222222,0.6712962962962963,0.7542363702667764
bci2a,9,1,n25,gru_stat,REV-E2,0.7673611111111112,0.7673611111111112,0.6898148148148149,0.7639873883531589
bci2a,9,1,all,gru_stat,REV-E2,0.8055555555555556,0.8055555555555556,0.7407407407407408,0.8055707762557078
bci2a,9,1,n25,tcn_stat,REV-E2,0.7222222222222222,0.7222222222222223,0.6296296296296297,0.7237324335134114
bci2a,9,1,all,tcn_stat,REV-E2,0.7743055555555556,0.7743055555555556,0.6990740740740741,0.7748087802386143
bci2a,9,1,n25,ann_sew_equal,REV-E3,0.6736111111111112,0.6736111111111112,0.5648148148148149,0.6752964251142477
bci2a,9,1,n50,ann_sew_equal,REV-E3,0.6979166666666666,0.6979166666666667,0.5972222222222222,0.6973638757663593
bci2a,9,1,all,ann_sew_equal,REV-E3,0.7222222222222222,0.7222222222222223,0.6296296296296297,0.7241099037136457
bci2a,9,1,n25,sew_clif_equal,REV-E3,0.7291666666666666,0.7291666666666667,0.6388888888888888,0.7311375878473017
bci2a,9,1,n50,sew_clif_equal,REV-E3,0.8090277777777778,0.8090277777777778,0.7453703703703703,0.8094655344655345
bci2a,9,1,all,sew_clif_equal,REV-E3,0.8090277777777778,0.8090277777777779,0.7453703703703703,0.8098280650387691
bci2a,9,1,n25,ann_sew_ce,RECOVERED_PARENT,0.6736111111111112,0.6736111111111112,0.5648148148148149,0.6769434125901893
bci2a,9,1,n25,sew_clif_ce,RECOVERED_PARENT,0.7951388888888888,0.7951388888888888,0.7268518518518517,0.7970144303961346
bci2a,9,1,all,ann_sew_ce,RECOVERED_PARENT,0.7256944444444444,0.7256944444444445,0.6342592592592592,0.7247456743588013
bci2a,9,1,all,sew_clif_ce,RECOVERED_PARENT,0.8159722222222222,0.8159722222222223,0.7546296296296297,0.8172785804115048
bci2a,9,1,n50,ann_sew_ce,RECOVERED_PARENT,0.71875,0.71875,0.625,0.7180845591190419
bci2a,9,1,n50,sew_clif_ce,RECOVERED_PARENT,0.8194444444444444,0.8194444444444444,0.7592592592592592,0.8179104392339687
bci2a,9,2,n25,soft_clif_exact,REV-E1,0.7638888888888888,0.7638888888888888,0.6851851851851851,0.7656999742084518
bci2a,9,2,all,soft_clif_exact,REV-E1,0.7986111111111112,0.7986111111111112,0.7314814814814815,0.7978858063675626
bci2a,9,2,n25,gru_stat,REV-E2,0.7777777777777778,0.7777777777777777,0.7037037037037037,0.7785717274107368
bci2a,9,2,all,gru_stat,REV-E2,0.8090277777777778,0.8090277777777778,0.7453703703703703,0.8059737881166451
bci2a,9,2,n25,tcn_stat,REV-E2,0.7708333333333334,0.7708333333333334,0.6944444444444445,0.7712234827344213
bci2a,9,2,all,tcn_stat,REV-E2,0.7951388888888888,0.7951388888888888,0.7268518518518517,0.7937204687816195
bci2a,9,2,n25,ann_sew_equal,REV-E3,0.6909722222222222,0.6909722222222222,0.5879629629629629,0.6905138266778682
bci2a,9,2,n50,ann_sew_equal,REV-E3,0.7222222222222222,0.7222222222222222,0.6296296296296297,0.7219616968255094
bci2a,9,2,all,ann_sew_equal,REV-E3,0.7222222222222222,0.7222222222222222,0.6296296296296297,0.7209656226395207
bci2a,9,2,n25,sew_clif_equal,REV-E3,0.7847222222222222,0.7847222222222222,0.7129629629629629,0.7820308431327486
bci2a,9,2,n50,sew_clif_equal,REV-E3,0.7951388888888888,0.795138888888889,0.7268518518518517,0.7945270054330458
bci2a,9,2,all,sew_clif_equal,REV-E3,0.8020833333333334,0.8020833333333334,0.7361111111111112,0.8028959014106423
bci2a,9,2,n25,ann_sew_ce,RECOVERED_PARENT,0.6597222222222222,0.6597222222222223,0.5462962962962963,0.6602181466584842
bci2a,9,2,n25,sew_clif_ce,RECOVERED_PARENT,0.7569444444444444,0.7569444444444444,0.6759259259259259,0.7539733625021923
bci2a,9,2,all,ann_sew_ce,RECOVERED_PARENT,0.7048611111111112,0.7048611111111112,0.6064814814814815,0.7067252017085904
bci2a,9,2,all,sew_clif_ce,RECOVERED_PARENT,0.7916666666666666,0.7916666666666666,0.7222222222222222,0.7914177747004495
bci2a,9,2,n50,ann_sew_ce,RECOVERED_PARENT,0.7048611111111112,0.7048611111111112,0.6064814814814815,0.7010511531504712
bci2a,9,2,n50,sew_clif_ce,RECOVERED_PARENT,0.8055555555555556,0.8055555555555556,0.7407407407407408,0.8043210800261945
openbmi,1,0,n25,soft_clif_exact,REV-E1,0.77,0.77,0.54,0.7631551848419318
openbmi,1,0,all,soft_clif_exact,REV-E1,0.83,0.8300000000000001,0.6599999999999999,0.8298468621759585
openbmi,1,0,n25,gru_stat,REV-E2,0.76,0.76,0.52,0.76
openbmi,1,0,all,gru_stat,REV-E2,0.87,0.87,0.74,0.8696741854636592
openbmi,1,0,n25,tcn_stat,REV-E2,0.78,0.78,0.56,0.779205138498595
openbmi,1,0,all,tcn_stat,REV-E2,0.82,0.82,0.6399999999999999,0.8173701298701298
openbmi,1,0,n25,ann_sew_equal,REV-E3,0.72,0.72,0.43999999999999995,0.7171717171717171
openbmi,1,0,all,ann_sew_equal,REV-E3,0.69,0.69,0.3799999999999999,0.6783898744683057
openbmi,1,0,n25,sew_clif_equal,REV-E3,0.76,0.76,0.52,0.7575757575757576
openbmi,1,0,all,sew_clif_equal,REV-E3,0.83,0.8300000000000001,0.6599999999999999,0.8295739348370927
openbmi,1,0,n25,ann_sew_ce,RECOVERED_PARENT,0.67,0.67,0.3400000000000001,0.6659580929243851
openbmi,1,0,n25,sew_clif_ce,RECOVERED_PARENT,0.82,0.8200000000000001,0.6399999999999999,0.8193496587715776
openbmi,1,0,all,ann_sew_ce,RECOVERED_PARENT,0.7,0.7,0.3999999999999999,0.6875
openbmi,1,0,all,sew_clif_ce,RECOVERED_PARENT,0.85,0.85,0.7,0.8487750781328762
openbmi,1,1,n25,soft_clif_exact,REV-E1,0.8,0.8,0.6000000000000001,0.7916666666666665
openbmi,1,1,all,soft_clif_exact,REV-E1,0.8,0.8,0.6000000000000001,0.794745484400657
openbmi,1,1,n25,gru_stat,REV-E2,0.76,0.76,0.52,0.7591328783621035
openbmi,1,1,all,gru_stat,REV-E2,0.81,0.81,0.6200000000000001,0.8076728413807065
openbmi,1,1,n25,tcn_stat,REV-E2,0.78,0.78,0.56,0.7777777777777779
openbmi,1,1,all,tcn_stat,REV-E2,0.79,0.79,0.5800000000000001,0.7874278773155178
openbmi,1,1,n25,ann_sew_equal,REV-E3,0.68,0.6799999999999999,0.3600000000000001,0.6736026111791106
openbmi,1,1,all,ann_sew_equal,REV-E3,0.64,0.64,0.28,0.6328029375764994
openbmi,1,1,n25,sew_clif_equal,REV-E3,0.79,0.79,0.5800000000000001,0.7894736842105263
openbmi,1,1,all,sew_clif_equal,REV-E3,0.82,0.8200000000000001,0.6399999999999999,0.8193496587715776
openbmi,1,1,n25,ann_sew_ce,RECOVERED_PARENT,0.7,0.7,0.3999999999999999,0.6921182266009853
openbmi,1,1,n25,sew_clif_ce,RECOVERED_PARENT,0.75,0.75,0.5,0.7469379491851402
openbmi,1,1,all,ann_sew_ce,RECOVERED_PARENT,0.67,0.6699999999999999,0.3400000000000001,0.6601791782514674
openbmi,1,1,all,sew_clif_ce,RECOVERED_PARENT,0.85,0.8500000000000001,0.7,0.849624060150376
openbmi,1,2,n25,soft_clif_exact,REV-E1,0.83,0.83,0.6599999999999999,0.8299829982998299
openbmi,1,2,all,soft_clif_exact,REV-E1,0.8,0.8,0.6000000000000001,0.7992773986350863
openbmi,1,2,n25,gru_stat,REV-E2,0.8,0.8,0.6000000000000001,0.7999199679871949
openbmi,1,2,all,gru_stat,REV-E2,0.74,0.74,0.48,0.7395833333333335
openbmi,1,2,n25,tcn_stat,REV-E2,0.76,0.76,0.52,0.7575757575757576
openbmi,1,2,all,tcn_stat,REV-E2,0.76,0.76,0.52,0.7596153846153846
openbmi,1,2,n25,ann_sew_equal,REV-E3,0.7,0.7,0.3999999999999999,0.6956168831168832
openbmi,1,2,all,ann_sew_equal,REV-E3,0.69,0.69,0.3799999999999999,0.6874684948079444
openbmi,1,2,n25,sew_clif_equal,REV-E3,0.78,0.78,0.56,0.78
openbmi,1,2,all,sew_clif_equal,REV-E3,0.75,0.75,0.5,0.7497747973175859
openbmi,1,2,n25,ann_sew_ce,RECOVERED_PARENT,0.65,0.6499999999999999,0.30000000000000004,0.6482765551200884
openbmi,1,2,n25,sew_clif_ce,RECOVERED_PARENT,0.78,0.78,0.56,0.7799119647859143
openbmi,1,2,all,ann_sew_ce,RECOVERED_PARENT,0.68,0.6799999999999999,0.3600000000000001,0.6692848284415047
openbmi,1,2,all,sew_clif_ce,RECOVERED_PARENT,0.8,0.8,0.6000000000000001,0.7999199679871949
openbmi,2,0,n25,soft_clif_exact,REV-E1,0.67,0.6699999999999999,0.3400000000000001,0.6349153667441089
openbmi,2,0,all,soft_clif_exact,REV-E1,0.77,0.77,0.54,0.7593890574327858
openbmi,2,0,n25,gru_stat,REV-E2,0.62,0.62,0.24,0.5558672276764843
openbmi,2,0,all,gru_stat,REV-E2,0.53,0.53,0.06000000000000005,0.39673982800667434
openbmi,2,0,n25,tcn_stat,REV-E2,0.6,0.6,0.19999999999999996,0.5238095238095238
openbmi,2,0,all,tcn_stat,REV-E2,0.54,0.54,0.08000000000000007,0.4165398274987316
openbmi,2,0,n25,ann_sew_equal,REV-E3,0.81,0.81,0.6200000000000001,0.8090644156366193
openbmi,2,0,all,ann_sew_equal,REV-E3,0.6,0.6,0.19999999999999996,0.5324918186068256
openbmi,2,0,n25,sew_clif_equal,REV-E3,0.83,0.83,0.6599999999999999,0.8270776116366596
openbmi,2,0,all,sew_clif_equal,REV-E3,0.53,0.53,0.06000000000000005,0.39673982800667434
openbmi,2,0,n25,ann_sew_ce,RECOVERED_PARENT,0.83,0.83,0.6599999999999999,0.8270776116366596
openbmi,2,0,n25,sew_clif_ce,RECOVERED_PARENT,0.83,0.8300000000000001,0.6599999999999999,0.8249407887962106
openbmi,2,0,all,ann_sew_ce,RECOVERED_PARENT,0.7,0.7,0.3999999999999999,0.6744791666666667
openbmi,2,0,all,sew_clif_ce,RECOVERED_PARENT,0.65,0.65,0.30000000000000004,0.6011396011396011
openbmi,2,1,n25,soft_clif_exact,REV-E1,0.73,0.73,0.45999999999999996,0.7149192271143491
openbmi,2,1,all,soft_clif_exact,REV-E1,0.84,0.84,0.6799999999999999,0.8368013055895552
openbmi,2,1,n25,gru_stat,REV-E2,0.6,0.6,0.19999999999999996,0.5238095238095238
openbmi,2,1,all,gru_stat,REV-E2,0.76,0.76,0.52,0.7453310696095077
openbmi,2,1,n25,tcn_stat,REV-E2,0.68,0.6799999999999999,0.3600000000000001,0.6434937611408199
openbmi,2,1,all,tcn_stat,REV-E2,0.76,0.76,0.52,0.7453310696095077
openbmi,2,1,n25,ann_sew_equal,REV-E3,0.67,0.67,0.3400000000000001,0.6296711929076423
openbmi,2,1,all,ann_sew_equal,REV-E3,0.62,0.62,0.24,0.5558672276764843
openbmi,2,1,n25,sew_clif_equal,REV-E3,0.67,0.67,0.3400000000000001,0.6296711929076423
openbmi,2,1,all,sew_clif_equal,REV-E3,0.7,0.7,0.3999999999999999,0.6703296703296704
openbmi,2,1,n25,ann_sew_ce,RECOVERED_PARENT,0.69,0.69,0.3799999999999999,0.6570417081535568
openbmi,2,1,n25,sew_clif_ce,RECOVERED_PARENT,0.58,0.58,0.15999999999999992,0.4900437105390967
openbmi,2,1,all,ann_sew_ce,RECOVERED_PARENT,0.6,0.6,0.19999999999999996,0.5238095238095238
openbmi,2,1,all,sew_clif_ce,RECOVERED_PARENT,0.69,0.69,0.3799999999999999,0.6570417081535568
openbmi,2,2,n25,soft_clif_exact,REV-E1,0.92,0.9199999999999999,0.8400000000000001,0.919967987194878
openbmi,2,2,all,soft_clif_exact,REV-E1,0.86,0.86,0.72,0.8579545454545454
openbmi,2,2,n25,gru_stat,REV-E2,0.95,0.95,0.8999999999999999,0.949954959463517
openbmi,2,2,all,gru_stat,REV-E2,0.94,0.94,0.8799999999999999,0.939783219590526
openbmi,2,2,n25,tcn_stat,REV-E2,0.76,0.76,0.52,0.7453310696095077
openbmi,2,2,all,tcn_stat,REV-E2,0.95,0.95,0.8999999999999999,0.9499949994999499
openbmi,2,2,n25,ann_sew_equal,REV-E3,0.8,0.8,0.6000000000000001,0.7960016319869441
openbmi,2,2,all,ann_sew_equal,REV-E3,0.86,0.86,0.72,0.8590982286634461
openbmi,2,2,n25,sew_clif_equal,REV-E3,0.96,0.96,0.9199999999999999,0.959983993597439
openbmi,2,2,all,sew_clif_equal,REV-E3,0.97,0.97,0.94,0.96999699969997
openbmi,2,2,n25,ann_sew_ce,RECOVERED_PARENT,0.85,0.8500000000000001,0.7,0.8492613807657521
openbmi,2,2,n25,sew_clif_ce,RECOVERED_PARENT,0.92,0.9199999999999999,0.8400000000000001,0.9197109594540345
openbmi,2,2,all,ann_sew_ce,RECOVERED_PARENT,0.86,0.86,0.72,0.8599999999999999
openbmi,2,2,all,sew_clif_ce,RECOVERED_PARENT,0.96,0.96,0.9199999999999999,0.959983993597439
openbmi,3,0,n25,soft_clif_exact,REV-E1,0.82,0.8200000000000001,0.6399999999999999,0.8139727159983464
openbmi,3,0,all,soft_clif_exact,REV-E1,0.74,0.74,0.48,0.7211497211497212
openbmi,3,0,n25,gru_stat,REV-E2,0.9,0.9,0.8,0.898989898989899
openbmi,3,0,all,gru_stat,REV-E2,0.81,0.81,0.6200000000000001,0.8028841166096068
openbmi,3,0,n25,tcn_stat,REV-E2,0.86,0.86,0.72,0.8572011423908608
openbmi,3,0,all,tcn_stat,REV-E2,0.79,0.79,0.5800000000000001,0.7803117480908044
openbmi,3,0,n25,ann_sew_equal,REV-E3,0.72,0.72,0.43999999999999995,0.7171717171717171
openbmi,3,0,all,ann_sew_equal,REV-E3,0.9,0.9,0.8,0.9
openbmi,3,0,n25,sew_clif_equal,REV-E3,0.86,0.86,0.72,0.8572011423908608
openbmi,3,0,all,sew_clif_equal,REV-E3,0.87,0.87,0.74,0.8677652324280338
openbmi,3,0,n25,ann_sew_ce,RECOVERED_PARENT,0.79,0.79,0.5800000000000001,0.78997899789979
openbmi,3,0,n25,sew_clif_ce,RECOVERED_PARENT,0.83,0.8300000000000001,0.6599999999999999,0.8249407887962106
openbmi,3,0,all,ann_sew_ce,RECOVERED_PARENT,0.86,0.86,0.72,0.859775641025641
openbmi,3,0,all,sew_clif_ce,RECOVERED_PARENT,0.87,0.87,0.74,0.8677652324280338
openbmi,3,1,n25,soft_clif_exact,REV-E1,0.94,0.94,0.8799999999999999,0.9399759903961584
openbmi,3,1,all,soft_clif_exact,REV-E1,0.86,0.86,0.72,0.8572011423908608
openbmi,3,1,n25,gru_stat,REV-E2,0.9,0.8999999999999999,0.8,0.8996386993175431
openbmi,3,1,all,gru_stat,REV-E2,0.88,0.88,0.76,0.8782467532467533
openbmi,3,1,n25,tcn_stat,REV-E2,0.95,0.95,0.8999999999999999,0.9499949994999499
openbmi,3,1,all,tcn_stat,REV-E2,0.87,0.87,0.74,0.8677652324280338
openbmi,3,1,n25,ann_sew_equal,REV-E3,0.77,0.77,0.54,0.7593890574327858
openbmi,3,1,all,ann_sew_equal,REV-E3,0.89,0.89,0.78,0.88998899889989
openbmi,3,1,n25,sew_clif_equal,REV-E3,0.93,0.9299999999999999,0.8600000000000001,0.9298245614035088
openbmi,3,1,all,sew_clif_equal,REV-E3,0.9,0.9,0.8,0.898989898989899
openbmi,3,1,n25,ann_sew_ce,RECOVERED_PARENT,0.89,0.89,0.78,0.88998899889989
openbmi,3,1,n25,sew_clif_ce,RECOVERED_PARENT,0.96,0.96,0.9199999999999999,0.959983993597439
openbmi,3,1,all,ann_sew_ce,RECOVERED_PARENT,0.89,0.89,0.78,0.8899009108197378
openbmi,3,1,all,sew_clif_ce,RECOVERED_PARENT,0.92,0.9199999999999999,0.8400000000000001,0.9194847020933978
openbmi,3,2,n25,soft_clif_exact,REV-E1,0.97,0.97,0.94,0.9699729756781104
openbmi,3,2,all,soft_clif_exact,REV-E1,0.92,0.9199999999999999,0.8400000000000001,0.9194847020933978
openbmi,3,2,n25,gru_stat,REV-E2,0.93,0.9299999999999999,0.8600000000000001,0.9299369432489241
openbmi,3,2,all,gru_stat,REV-E2,0.93,0.9299999999999999,0.8600000000000001,0.9298245614035088
openbmi,3,2,n25,tcn_stat,REV-E2,0.93,0.9299999999999999,0.8600000000000001,0.9298245614035088
openbmi,3,2,all,tcn_stat,REV-E2,0.92,0.9199999999999999,0.8400000000000001,0.9194847020933978
openbmi,3,2,n25,ann_sew_equal,REV-E3,0.79,0.79,0.5800000000000001,0.7898108297467722
openbmi,3,2,all,ann_sew_equal,REV-E3,0.92,0.9199999999999999,0.8400000000000001,0.9198717948717948
openbmi,3,2,n25,sew_clif_equal,REV-E3,0.9,0.9,0.8,0.898989898989899
openbmi,3,2,all,sew_clif_equal,REV-E3,0.91,0.9099999999999999,0.8200000000000001,0.9092650468797258
openbmi,3,2,n25,ann_sew_ce,RECOVERED_PARENT,0.79,0.79,0.5800000000000001,0.7882851093860268
openbmi,3,2,n25,sew_clif_ce,RECOVERED_PARENT,0.91,0.9099999999999999,0.8200000000000001,0.9095568284594513
openbmi,3,2,all,ann_sew_ce,RECOVERED_PARENT,0.92,0.92,0.8400000000000001,0.92
openbmi,3,2,all,sew_clif_ce,RECOVERED_PARENT,0.93,0.9299999999999999,0.8600000000000001,0.9296553110240177
openbmi,4,0,n25,soft_clif_exact,REV-E1,0.49,0.49,-0.020000000000000018,0.45599999999999996
openbmi,4,0,all,soft_clif_exact,REV-E1,0.49,0.49,-0.020000000000000018,0.48123283490997865
openbmi,4,0,n25,gru_stat,REV-E2,0.47,0.47000000000000003,-0.06000000000000005,0.33542319749216304
openbmi,4,0,all,gru_stat,REV-E2,0.43,0.43,-0.14,0.36939926983073346
openbmi,4,0,n25,tcn_stat,REV-E2,0.48,0.48,-0.040000000000000036,0.34043632673769664
openbmi,4,0,all,tcn_stat,REV-E2,0.51,0.51,0.020000000000000018,0.5039983804028748
openbmi,4,0,n25,ann_sew_equal,REV-E3,0.54,0.54,0.08000000000000007,0.47987336047037543
openbmi,4,0,all,ann_sew_equal,REV-E3,0.54,0.54,0.08000000000000007,0.4414764448761534
openbmi,4,0,n25,sew_clif_equal,REV-E3,0.47,0.47000000000000003,-0.06000000000000005,0.4052294916395466
openbmi,4,0,all,sew_clif_equal,REV-E3,0.45,0.45,-0.09999999999999998,0.3915256112401814
openbmi,4,0,n25,ann_sew_ce,RECOVERED_PARENT,0.52,0.52,0.040000000000000036,0.5192307692307692
openbmi,4,0,n25,sew_clif_ce,RECOVERED_PARENT,0.49,0.49,-0.020000000000000018,0.48583526565177937
openbmi,4,0,all,ann_sew_ce,RECOVERED_PARENT,0.52,0.52,0.040000000000000036,0.4485294117647059
openbmi,4,0,all,sew_clif_ce,RECOVERED_PARENT,0.45,0.44999999999999996,-0.09999999999999998,0.40675223816201056
openbmi,4,1,n25,soft_clif_exact,REV-E1,0.52,0.52,0.040000000000000036,0.4851994851994852
openbmi,4,1,all,soft_clif_exact,REV-E1,0.47,0.47,-0.06000000000000005,0.46952257031328193
openbmi,4,1,n25,gru_stat,REV-E2,0.55,0.55,0.10000000000000009,0.52
openbmi,4,1,all,gru_stat,REV-E2,0.46,0.45999999999999996,-0.07999999999999996,0.4521103896103896
openbmi,4,1,n25,tcn_stat,REV-E2,0.51,0.51,0.020000000000000018,0.48263118994826315
openbmi,4,1,all,tcn_stat,REV-E2,0.45,0.44999999999999996,-0.09999999999999998,0.40675223816201056
openbmi,4,1,n25,ann_sew_equal,REV-E3,0.54,0.54,0.08000000000000007,0.4875222816399287
openbmi,4,1,all,ann_sew_equal,REV-E3,0.49,0.49,-0.020000000000000018,0.37430990062569014
openbmi,4,1,n25,sew_clif_equal,REV-E3,0.46,0.45999999999999996,-0.07999999999999996,0.4521103896103896
openbmi,4,1,all,sew_clif_equal,REV-E3,0.47,0.47,-0.06000000000000005,0.4608890245142916
openbmi,4,1,n25,ann_sew_ce,RECOVERED_PARENT,0.54,0.54,0.08000000000000007,0.4875222816399287
openbmi,4,1,n25,sew_clif_ce,RECOVERED_PARENT,0.52,0.52,0.040000000000000036,0.5169082125603865
openbmi,4,1,all,ann_sew_ce,RECOVERED_PARENT,0.51,0.51,0.020000000000000018,0.4109868974636375
openbmi,4,1,all,sew_clif_ce,RECOVERED_PARENT,0.48,0.48,-0.040000000000000036,0.46960424316605465
openbmi,4,2,n25,soft_clif_exact,REV-E1,0.42,0.42,-0.16000000000000003,0.4005787515502274
openbmi,4,2,all,soft_clif_exact,REV-E1,0.47,0.47000000000000003,-0.06000000000000005,0.44554869756250653
openbmi,4,2,n25,gru_stat,REV-E2,0.47,0.47,-0.06000000000000005,0.43466666666666665
openbmi,4,2,all,gru_stat,REV-E2,0.5,0.5,0.0,0.42555147058823534
openbmi,4,2,n25,tcn_stat,REV-E2,0.45,0.44999999999999996,-0.09999999999999998,0.4373401534526854
openbmi,4,2,all,tcn_stat,REV-E2,0.48,0.48,-0.040000000000000036,0.4285714285714286
openbmi,4,2,n25,ann_sew_equal,REV-E3,0.43,0.43000000000000005,-0.14,0.42534529690492995
openbmi,4,2,all,ann_sew_equal,REV-E3,0.5,0.5,0.0,0.49919871794871795
openbmi,4,2,n25,sew_clif_equal,REV-E3,0.49,0.49,-0.020000000000000018,0.44989752993204624
openbmi,4,2,all,sew_clif_equal,REV-E3,0.49,0.49,-0.020000000000000018,0.40910670837678137
openbmi,4,2,n25,ann_sew_ce,RECOVERED_PARENT,0.54,0.54,0.08000000000000007,0.5166036149642708
openbmi,4,2,n25,sew_clif_ce,RECOVERED_PARENT,0.44,0.44,-0.12,0.4115174443043295
openbmi,4,2,all,ann_sew_ce,RECOVERED_PARENT,0.52,0.52,0.040000000000000036,0.5192307692307692
openbmi,4,2,all,sew_clif_ce,RECOVERED_PARENT,0.49,0.49,-0.020000000000000018,0.4188034188034188
openbmi,5,0,n25,soft_clif_exact,REV-E1,0.83,0.8300000000000001,0.6599999999999999,0.8298468621759585
openbmi,5,0,all,soft_clif_exact,REV-E1,0.8,0.8,0.6000000000000001,0.7987117552334944
openbmi,5,0,n25,gru_stat,REV-E2,0.79,0.79,0.5800000000000001,0.7821350762527233
openbmi,5,0,all,gru_stat,REV-E2,0.8,0.8,0.6000000000000001,0.797077922077922
openbmi,5,0,n25,tcn_stat,REV-E2,0.78,0.78,0.56,0.7726333195535344
openbmi,5,0,all,tcn_stat,REV-E2,0.8,0.8,0.6000000000000001,0.7987117552334944
openbmi,5,0,n25,ann_sew_equal,REV-E3,0.72,0.72,0.43999999999999995,0.7189883580891208
openbmi,5,0,all,ann_sew_equal,REV-E3,0.72,0.72,0.43999999999999995,0.7106242248863166
openbmi,5,0,n25,sew_clif_equal,REV-E3,0.82,0.8200000000000001,0.6399999999999999,0.818840579710145
openbmi,5,0,all,sew_clif_equal,REV-E3,0.84,0.8400000000000001,0.6799999999999999,0.8397435897435896
openbmi,5,0,n25,ann_sew_ce,RECOVERED_PARENT,0.68,0.68,0.3600000000000001,0.68
openbmi,5,0,n25,sew_clif_ce,RECOVERED_PARENT,0.79,0.79,0.5800000000000001,0.7863899908452854
openbmi,5,0,all,ann_sew_ce,RECOVERED_PARENT,0.73,0.73,0.45999999999999996,0.712
openbmi,5,0,all,sew_clif_ce,RECOVERED_PARENT,0.82,0.8200000000000001,0.6399999999999999,0.818840579710145
openbmi,5,1,n25,soft_clif_exact,REV-E1,0.8,0.8,0.6000000000000001,0.797979797979798
openbmi,5,1,all,soft_clif_exact,REV-E1,0.82,0.8200000000000001,0.6399999999999999,0.8199279711884755
openbmi,5,1,n25,gru_stat,REV-E2,0.79,0.79,0.5800000000000001,0.7821350762527233
openbmi,5,1,all,gru_stat,REV-E2,0.85,0.8500000000000001,0.7,0.849624060150376
openbmi,5,1,n25,tcn_stat,REV-E2,0.7,0.7,0.3999999999999999,0.6703296703296704
openbmi,5,1,all,tcn_stat,REV-E2,0.81,0.81,0.6200000000000001,0.8098288459613652
openbmi,5,1,n25,ann_sew_equal,REV-E3,0.74,0.74,0.48,0.7267759562841529
openbmi,5,1,all,ann_sew_equal,REV-E3,0.68,0.6799999999999999,0.3600000000000001,0.6483516483516484
openbmi,5,1,n25,sew_clif_equal,REV-E3,0.8,0.8,0.6000000000000001,0.7960016319869441
openbmi,5,1,all,sew_clif_equal,REV-E3,0.83,0.8300000000000001,0.6599999999999999,0.8286117552172598
openbmi,5,1,n25,ann_sew_ce,RECOVERED_PARENT,0.63,0.63,0.26,0.5713127099988414
openbmi,5,1,n25,sew_clif_ce,RECOVERED_PARENT,0.82,0.8200000000000001,0.6399999999999999,0.818840579710145
openbmi,5,1,all,ann_sew_ce,RECOVERED_PARENT,0.72,0.72,0.43999999999999995,0.7028862478777589
openbmi,5,1,all,sew_clif_ce,RECOVERED_PARENT,0.85,0.8500000000000001,0.7,0.8492613807657521
openbmi,5,2,n25,soft_clif_exact,REV-E1,0.77,0.77,0.54,0.7631551848419318
openbmi,5,2,all,soft_clif_exact,REV-E1,0.7,0.7,0.3999999999999999,0.6703296703296704
openbmi,5,2,n25,gru_stat,REV-E2,0.83,0.8300000000000001,0.6599999999999999,0.8298468621759585
openbmi,5,2,all,gru_stat,REV-E2,0.79,0.79,0.5800000000000001,0.7863899908452854
openbmi,5,2,n25,tcn_stat,REV-E2,0.83,0.8300000000000001,0.6599999999999999,0.8286117552172598
openbmi,5,2,all,tcn_stat,REV-E2,0.8,0.8,0.6000000000000001,0.794745484400657
openbmi,5,2,n25,ann_sew_equal,REV-E3,0.76,0.76,0.52,0.7584541062801933
openbmi,5,2,all,ann_sew_equal,REV-E3,0.79,0.79,0.5800000000000001,0.7882851093860268
openbmi,5,2,n25,sew_clif_equal,REV-E3,0.81,0.81,0.6200000000000001,0.8098288459613652
openbmi,5,2,all,sew_clif_equal,REV-E3,0.85,0.8500000000000001,0.7,0.849624060150376
openbmi,5,2,n25,ann_sew_ce,RECOVERED_PARENT,0.77,0.77,0.54,0.7660461804495982
openbmi,5,2,n25,sew_clif_ce,RECOVERED_PARENT,0.82,0.8200000000000001,0.6399999999999999,0.8199279711884755
openbmi,5,2,all,ann_sew_ce,RECOVERED_PARENT,0.8,0.8,0.6000000000000001,0.7996794871794872
openbmi,5,2,all,sew_clif_ce,RECOVERED_PARENT,0.84,0.8400000000000001,0.6799999999999999,0.839421918908069
openbmi,6,0,n25,soft_clif_exact,REV-E1,0.74,0.74,0.48,0.7331691297208538
openbmi,6,0,all,soft_clif_exact,REV-E1,0.8,0.8,0.6000000000000001,0.7987117552334944
openbmi,6,0,n25,gru_stat,REV-E2,0.72,0.72,0.43999999999999995,0.7028862478777589
openbmi,6,0,all,gru_stat,REV-E2,0.74,0.74,0.48,0.7348021215830274
openbmi,6,0,n25,tcn_stat,REV-E2,0.76,0.76,0.52,0.7536945812807881
openbmi,6,0,all,tcn_stat,REV-E2,0.77,0.77,0.54,0.7660461804495982
openbmi,6,0,n25,ann_sew_equal,REV-E3,0.68,0.68,0.3600000000000001,0.68
openbmi,6,0,all,ann_sew_equal,REV-E3,0.7,0.7,0.3999999999999999,0.6956168831168832
openbmi,6,0,n25,sew_clif_equal,REV-E3,0.68,0.68,0.3600000000000001,0.6604414261460101
openbmi,6,0,all,sew_clif_equal,REV-E3,0.76,0.76,0.52,0.7536945812807881
openbmi,6,0,n25,ann_sew_ce,RECOVERED_PARENT,0.71,0.71,0.41999999999999993,0.7076318177235609
openbmi,6,0,n25,sew_clif_ce,RECOVERED_PARENT,0.76,0.76,0.52,0.7536945812807881
openbmi,6,0,all,ann_sew_ce,RECOVERED_PARENT,0.67,0.6699999999999999,0.3400000000000001,0.667305171892328
openbmi,6,0,all,sew_clif_ce,RECOVERED_PARENT,0.76,0.76,0.52,0.7536945812807881
openbmi,6,1,n25,soft_clif_exact,REV-E1,0.77,0.77,0.54,0.767182913250329
openbmi,6,1,all,soft_clif_exact,REV-E1,0.77,0.77,0.54,0.767182913250329
openbmi,6,1,n25,gru_stat,REV-E2,0.77,0.77,0.54,0.7647058823529411
openbmi,6,1,all,gru_stat,REV-E2,0.8,0.8,0.6000000000000001,0.7992773986350863
openbmi,6,1,n25,tcn_stat,REV-E2,0.75,0.75,0.5,0.7479584635547939
openbmi,6,1,all,tcn_stat,REV-E2,0.79,0.79,0.5800000000000001,0.7882851093860268
openbmi,6,1,n25,ann_sew_equal,REV-E3,0.69,0.69,0.3799999999999999,0.6846709388668497
openbmi,6,1,all,ann_sew_equal,REV-E3,0.66,0.6599999999999999,0.32000000000000006,0.6594551282051282
openbmi,6,1,n25,sew_clif_equal,REV-E3,0.74,0.74,0.48,0.7331691297208538
openbmi,6,1,all,sew_clif_equal,REV-E3,0.81,0.81,0.6200000000000001,0.8076728413807065
openbmi,6,1,n25,ann_sew_ce,RECOVERED_PARENT,0.57,0.5700000000000001,0.1399999999999999,0.567882624861823
openbmi,6,1,n25,sew_clif_ce,RECOVERED_PARENT,0.75,0.75,0.5,0.7457023700539112
openbmi,6,1,all,ann_sew_ce,RECOVERED_PARENT,0.65,0.65,0.30000000000000004,0.6471418489767113
openbmi,6,1,all,sew_clif_ce,RECOVERED_PARENT,0.81,0.81,0.6200000000000001,0.8076728413807065
openbmi,6,2,n25,soft_clif_exact,REV-E1,0.74,0.74,0.48,0.7373737373737373
openbmi,6,2,all,soft_clif_exact,REV-E1,0.77,0.77,0.54,0.769792813532179
openbmi,6,2,n25,gru_stat,REV-E2,0.79,0.79,0.5800000000000001,0.7874278773155178
openbmi,6,2,all,gru_stat,REV-E2,0.78,0.78,0.56,0.78
openbmi,6,2,n25,tcn_stat,REV-E2,0.69,0.69,0.3799999999999999,0.6656239887822242
openbmi,6,2,all,tcn_stat,REV-E2,0.78,0.78,0.56,0.7796474358974359
openbmi,6,2,n25,ann_sew_equal,REV-E3,0.64,0.64,0.28,0.6328029375764994
openbmi,6,2,all,ann_sew_equal,REV-E3,0.63,0.63,0.26,0.6236395076797885
openbmi,6,2,n25,sew_clif_equal,REV-E3,0.78,0.78,0.56,0.7799119647859143
openbmi,6,2,all,sew_clif_equal,REV-E3,0.8,0.8,0.6000000000000001,0.7999199679871949
openbmi,6,2,n25,ann_sew_ce,RECOVERED_PARENT,0.61,0.61,0.21999999999999997,0.5920075321686369
openbmi,6,2,n25,sew_clif_ce,RECOVERED_PARENT,0.77,0.77,0.54,0.769792813532179
openbmi,6,2,all,ann_sew_ce,RECOVERED_PARENT,0.63,0.63,0.26,0.6269785260610949
openbmi,6,2,all,sew_clif_ce,RECOVERED_PARENT,0.82,0.8200000000000001,0.6399999999999999,0.8197115384615385
openbmi,7,0,n25,soft_clif_exact,REV-E1,0.62,0.62,0.24,0.6124031007751938
openbmi,7,0,all,soft_clif_exact,REV-E1,0.67,0.6699999999999999,0.3400000000000001,0.6624040920716112
openbmi,7,0,n25,gru_stat,REV-E2,0.67,0.6699999999999999,0.3400000000000001,0.6697027324592133
openbmi,7,0,all,gru_stat,REV-E2,0.64,0.64,0.28,0.639423076923077
openbmi,7,0,n25,tcn_stat,REV-E2,0.63,0.63,0.26,0.6281780725555222
openbmi,7,0,all,tcn_stat,REV-E2,0.67,0.6699999999999999,0.3400000000000001,0.667305171892328
openbmi,7,0,n25,ann_sew_equal,REV-E3,0.53,0.53,0.06000000000000005,0.5276856597326902
openbmi,7,0,all,ann_sew_equal,REV-E3,0.51,0.51,0.020000000000000018,0.5039983804028748
openbmi,7,0,n25,sew_clif_equal,REV-E3,0.62,0.62,0.24,0.62
openbmi,7,0,all,sew_clif_equal,REV-E3,0.64,0.64,0.28,0.64
openbmi,7,0,n25,ann_sew_ce,RECOVERED_PARENT,0.46,0.45999999999999996,-0.07999999999999996,0.4591346153846153
openbmi,7,0,n25,sew_clif_ce,RECOVERED_PARENT,0.61,0.61,0.21999999999999997,0.60996099609961
openbmi,7,0,all,ann_sew_ce,RECOVERED_PARENT,0.52,0.52,0.040000000000000036,0.5169082125603865
openbmi,7,0,all,sew_clif_ce,RECOVERED_PARENT,0.63,0.63,0.26,0.629666700030027
openbmi,7,1,n25,soft_clif_exact,REV-E1,0.62,0.62,0.24,0.6072757337742869
openbmi,7,1,all,soft_clif_exact,REV-E1,0.59,0.59,0.17999999999999994,0.5899589958995899
openbmi,7,1,n25,gru_stat,REV-E2,0.63,0.63,0.26,0.6189887756152817
openbmi,7,1,all,gru_stat,REV-E2,0.59,0.59,0.17999999999999994,0.5899589958995899
openbmi,7,1,n25,tcn_stat,REV-E2,0.55,0.55,0.10000000000000009,0.5477841422972565
openbmi,7,1,all,tcn_stat,REV-E2,0.62,0.62,0.24,0.6198479391756702
openbmi,7,1,n25,ann_sew_equal,REV-E3,0.52,0.52,0.040000000000000036,0.5169082125603865
openbmi,7,1,all,ann_sew_equal,REV-E3,0.51,0.51,0.020000000000000018,0.5095586027424682
openbmi,7,1,n25,sew_clif_equal,REV-E3,0.57,0.5700000000000001,0.1399999999999999,0.567882624861823
openbmi,7,1,all,sew_clif_equal,REV-E3,0.56,0.56,0.1200000000000001,0.5592948717948718
openbmi,7,1,n25,ann_sew_ce,RECOVERED_PARENT,0.49,0.49,-0.020000000000000018,0.48375341633768604
openbmi,7,1,n25,sew_clif_ce,RECOVERED_PARENT,0.55,0.55,0.10000000000000009,0.5488721804511277
openbmi,7,1,all,ann_sew_ce,RECOVERED_PARENT,0.47,0.47000000000000003,-0.06000000000000005,0.467390212038991
openbmi,7,1,all,sew_clif_ce,RECOVERED_PARENT,0.57,0.5700000000000001,0.1399999999999999,0.5689223057644109
openbmi,7,2,n25,soft_clif_exact,REV-E1,0.64,0.64,0.28,0.639423076923077
openbmi,7,2,all,soft_clif_exact,REV-E1,0.67,0.67,0.3400000000000001,0.66996699669967
openbmi,7,2,n25,gru_stat,REV-E2,0.66,0.66,0.32000000000000006,0.6458333333333334
openbmi,7,2,all,gru_stat,REV-E2,0.67,0.6699999999999999,0.3400000000000001,0.6683750376846548
openbmi,7,2,n25,tcn_stat,REV-E2,0.63,0.63,0.26,0.6189887756152817
openbmi,7,2,all,tcn_stat,REV-E2,0.67,0.6699999999999999,0.3400000000000001,0.6697027324592133
openbmi,7,2,n25,ann_sew_equal,REV-E3,0.55,0.55,0.10000000000000009,0.5444883085332524
openbmi,7,2,all,ann_sew_equal,REV-E3,0.53,0.53,0.06000000000000005,0.5242433444680635
openbmi,7,2,n25,sew_clif_equal,REV-E3,0.66,0.6599999999999999,0.32000000000000006,0.6594551282051282
openbmi,7,2,all,sew_clif_equal,REV-E3,0.64,0.64,0.28,0.6305418719211822
openbmi,7,2,n25,ann_sew_ce,RECOVERED_PARENT,0.54,0.54,0.08000000000000007,0.537037037037037
openbmi,7,2,n25,sew_clif_ce,RECOVERED_PARENT,0.68,0.68,0.3600000000000001,0.6753246753246753
openbmi,7,2,all,ann_sew_ce,RECOVERED_PARENT,0.49,0.49,-0.020000000000000018,0.48123283490997865
openbmi,7,2,all,sew_clif_ce,RECOVERED_PARENT,0.66,0.6599999999999999,0.32000000000000006,0.6587715776796468
openbmi,8,0,n25,soft_clif_exact,REV-E1,0.55,0.55,0.10000000000000009,0.4357366771159875
openbmi,8,0,all,soft_clif_exact,REV-E1,0.59,0.59,0.17999999999999994,0.5829518868884142
openbmi,8,0,n25,gru_stat,REV-E2,0.69,0.69,0.3799999999999999,0.68996899689969
openbmi,8,0,all,gru_stat,REV-E2,0.66,0.66,0.32000000000000006,0.6565656565656566
openbmi,8,0,n25,tcn_stat,REV-E2,0.6,0.6,0.19999999999999996,0.570999570999571
openbmi,8,0,all,tcn_stat,REV-E2,0.64,0.64,0.28,0.625
openbmi,8,0,n25,ann_sew_equal,REV-E3,0.64,0.64,0.28,0.639423076923077
openbmi,8,0,all,ann_sew_equal,REV-E3,0.58,0.5800000000000001,0.15999999999999992,0.5793269230769231
openbmi,8,0,n25,sew_clif_equal,REV-E3,0.71,0.71,0.41999999999999993,0.7099709970997101
openbmi,8,0,all,sew_clif_equal,REV-E3,0.65,0.65,0.30000000000000004,0.6471418489767113
openbmi,8,0,n25,ann_sew_ce,RECOVERED_PARENT,0.66,0.66,0.32000000000000006,0.6598639455782312
openbmi,8,0,n25,sew_clif_ce,RECOVERED_PARENT,0.71,0.71,0.41999999999999993,0.7099709970997101
openbmi,8,0,all,ann_sew_ce,RECOVERED_PARENT,0.61,0.61,0.21999999999999997,0.6052232007288187
openbmi,8,0,all,sew_clif_ce,RECOVERED_PARENT,0.69,0.69,0.3799999999999999,0.6874684948079444
openbmi,8,1,n25,soft_clif_exact,REV-E1,0.54,0.54,0.08000000000000007,0.4414764448761534
openbmi,8,1,all,soft_clif_exact,REV-E1,0.6,0.6000000000000001,0.19999999999999996,0.5974235104669887
openbmi,8,1,n25,gru_stat,REV-E2,0.65,0.6499999999999999,0.30000000000000004,0.6482765551200884
openbmi,8,1,all,gru_stat,REV-E2,0.68,0.6799999999999999,0.3600000000000001,0.677938808373591
openbmi,8,1,n25,tcn_stat,REV-E2,0.64,0.64,0.28,0.6398559423769508
openbmi,8,1,all,tcn_stat,REV-E2,0.65,0.65,0.30000000000000004,0.636891793754539
openbmi,8,1,n25,ann_sew_equal,REV-E3,0.5,0.5,0.0,0.49979991996798717
openbmi,8,1,all,ann_sew_equal,REV-E3,0.62,0.62,0.24,0.6198479391756702
openbmi,8,1,n25,sew_clif_equal,REV-E3,0.6,0.6,0.19999999999999996,0.5941558441558441
openbmi,8,1,all,sew_clif_equal,REV-E3,0.66,0.66,0.32000000000000006,0.6565656565656566
openbmi,8,1,n25,ann_sew_ce,RECOVERED_PARENT,0.47,0.47,-0.06000000000000005,0.4542271650705386
openbmi,8,1,n25,sew_clif_ce,RECOVERED_PARENT,0.65,0.65,0.30000000000000004,0.6499649964996499
openbmi,8,1,all,ann_sew_ce,RECOVERED_PARENT,0.57,0.5700000000000001,0.1399999999999999,0.5689223057644109
openbmi,8,1,all,sew_clif_ce,RECOVERED_PARENT,0.67,0.67,0.3400000000000001,0.6659580929243851
openbmi,8,2,n25,soft_clif_exact,REV-E1,0.67,0.67,0.3400000000000001,0.6547756041426929
openbmi,8,2,all,soft_clif_exact,REV-E1,0.66,0.6599999999999999,0.32000000000000006,0.6594551282051282
openbmi,8,2,n25,gru_stat,REV-E2,0.62,0.62,0.24,0.6100164203612479
openbmi,8,2,all,gru_stat,REV-E2,0.63,0.63,0.26,0.6281780725555222
openbmi,8,2,n25,tcn_stat,REV-E2,0.63,0.63,0.26,0.6236395076797885
openbmi,8,2,all,tcn_stat,REV-E2,0.66,0.66,0.32000000000000006,0.6598639455782312
openbmi,8,2,n25,ann_sew_equal,REV-E3,0.6,0.6,0.19999999999999996,0.5659722222222222
openbmi,8,2,all,ann_sew_equal,REV-E3,0.62,0.62,0.24,0.6198479391756702
openbmi,8,2,n25,sew_clif_equal,REV-E3,0.66,0.66,0.32000000000000006,0.6598639455782312
openbmi,8,2,all,sew_clif_equal,REV-E3,0.67,0.6699999999999999,0.3400000000000001,0.6624040920716112
openbmi,8,2,n25,ann_sew_ce,RECOVERED_PARENT,0.57,0.5700000000000001,0.1399999999999999,0.5174503422735944
openbmi,8,2,n25,sew_clif_ce,RECOVERED_PARENT,0.69,0.69,0.3799999999999999,0.6884735202492211
openbmi,8,2,all,ann_sew_ce,RECOVERED_PARENT,0.61,0.61,0.21999999999999997,0.5953937130407718
openbmi,8,2,all,sew_clif_ce,RECOVERED_PARENT,0.72,0.72,0.43999999999999995,0.7195512820512822
openbmi,9,0,n25,soft_clif_exact,REV-E1,0.83,0.8300000000000001,0.6599999999999999,0.8286117552172598
openbmi,9,0,all,soft_clif_exact,REV-E1,0.83,0.83,0.6599999999999999,0.8299829982998299
openbmi,9,0,n25,gru_stat,REV-E2,0.82,0.8200000000000001,0.6399999999999999,0.8199279711884755
openbmi,9,0,all,gru_stat,REV-E2,0.8,0.8,0.6000000000000001,0.7992773986350863
openbmi,9,0,n25,tcn_stat,REV-E2,0.8,0.8,0.6000000000000001,0.7999199679871949
openbmi,9,0,all,tcn_stat,REV-E2,0.83,0.83,0.6599999999999999,0.8299829982998299
openbmi,9,0,n25,ann_sew_equal,REV-E3,0.64,0.64,0.28,0.6305418719211822
openbmi,9,0,all,ann_sew_equal,REV-E3,0.66,0.6599999999999999,0.32000000000000006,0.6486151302190988
openbmi,9,0,n25,sew_clif_equal,REV-E3,0.81,0.81,0.6200000000000001,0.8099809980998101
openbmi,9,0,all,sew_clif_equal,REV-E3,0.81,0.81,0.6200000000000001,0.8098288459613652
openbmi,9,0,n25,ann_sew_ce,RECOVERED_PARENT,0.6,0.6000000000000001,0.19999999999999996,0.5974235104669887
openbmi,9,0,n25,sew_clif_ce,RECOVERED_PARENT,0.82,0.82,0.6399999999999999,0.82
openbmi,9,0,all,ann_sew_ce,RECOVERED_PARENT,0.66,0.66,0.32000000000000006,0.6458333333333334
openbmi,9,0,all,sew_clif_ce,RECOVERED_PARENT,0.8,0.8,0.6000000000000001,0.7992773986350863
openbmi,9,1,n25,soft_clif_exact,REV-E1,0.79,0.79,0.5800000000000001,0.7898108297467722
openbmi,9,1,all,soft_clif_exact,REV-E1,0.8,0.8,0.6000000000000001,0.7987117552334944
openbmi,9,1,n25,gru_stat,REV-E2,0.83,0.8300000000000001,0.6599999999999999,0.8298468621759585
openbmi,9,1,all,gru_stat,REV-E2,0.78,0.78,0.56,0.7756017951856385
openbmi,9,1,n25,tcn_stat,REV-E2,0.76,0.76,0.52,0.7596153846153846
openbmi,9,1,all,tcn_stat,REV-E2,0.72,0.72,0.43999999999999995,0.7057587221521648
openbmi,9,1,n25,ann_sew_equal,REV-E3,0.59,0.59,0.17999999999999994,0.5805626598465473
openbmi,9,1,all,ann_sew_equal,REV-E3,0.62,0.62,0.24,0.6006725514922236
openbmi,9,1,n25,sew_clif_equal,REV-E3,0.78,0.78,0.56,0.779205138498595
openbmi,9,1,all,sew_clif_equal,REV-E3,0.77,0.77,0.54,0.7647058823529411
openbmi,9,1,n25,ann_sew_ce,RECOVERED_PARENT,0.51,0.51,0.020000000000000018,0.4873940788785438
openbmi,9,1,n25,sew_clif_ce,RECOVERED_PARENT,0.82,0.82,0.6399999999999999,0.82
openbmi,9,1,all,ann_sew_ce,RECOVERED_PARENT,0.61,0.61,0.21999999999999997,0.5983935742971889
openbmi,9,1,all,sew_clif_ce,RECOVERED_PARENT,0.8,0.8,0.6000000000000001,0.797979797979798
openbmi,9,2,n25,soft_clif_exact,REV-E1,0.83,0.8300000000000001,0.6599999999999999,0.8291628982011858
openbmi,9,2,all,soft_clif_exact,REV-E1,0.8,0.8,0.6000000000000001,0.7992773986350863
openbmi,9,2,n25,gru_stat,REV-E2,0.76,0.76,0.52,0.7599039615846339
openbmi,9,2,all,gru_stat,REV-E2,0.81,0.81,0.6200000000000001,0.8098288459613652
openbmi,9,2,n25,tcn_stat,REV-E2,0.76,0.76,0.52,0.7596153846153846
openbmi,9,2,all,tcn_stat,REV-E2,0.82,0.8200000000000001,0.6399999999999999,0.8197115384615385
openbmi,9,2,n25,ann_sew_equal,REV-E3,0.59,0.5900000000000001,0.17999999999999994,0.5746446726838883
openbmi,9,2,all,ann_sew_equal,REV-E3,0.67,0.6699999999999999,0.3400000000000001,0.6691729323308271
openbmi,9,2,n25,sew_clif_equal,REV-E3,0.79,0.79,0.5800000000000001,0.7874278773155178
openbmi,9,2,all,sew_clif_equal,REV-E3,0.82,0.8200000000000001,0.6399999999999999,0.8199279711884755
openbmi,9,2,n25,ann_sew_ce,RECOVERED_PARENT,0.61,0.6100000000000001,0.21999999999999997,0.6080795899909557
openbmi,9,2,n25,sew_clif_ce,RECOVERED_PARENT,0.81,0.81,0.6200000000000001,0.8076728413807065
openbmi,9,2,all,ann_sew_ce,RECOVERED_PARENT,0.66,0.66,0.32000000000000006,0.6598639455782312
openbmi,9,2,all,sew_clif_ce,RECOVERED_PARENT,0.81,0.81,0.6200000000000001,0.8095238095238095
openbmi,10,0,n25,soft_clif_exact,REV-E1,0.67,0.6699999999999999,0.3400000000000001,0.667305171892328
openbmi,10,0,all,soft_clif_exact,REV-E1,0.7,0.7,0.3999999999999999,0.6989160979526294
openbmi,10,0,n25,gru_stat,REV-E2,0.7,0.7,0.3999999999999999,0.6995192307692307
openbmi,10,0,all,gru_stat,REV-E2,0.63,0.63,0.26,0.6290726817042607
openbmi,10,0,n25,tcn_stat,REV-E2,0.7,0.7,0.3999999999999999,0.6998799519807923
openbmi,10,0,all,tcn_stat,REV-E2,0.64,0.64,0.28,0.639423076923077
openbmi,10,0,n25,ann_sew_equal,REV-E3,0.5,0.5,0.0,0.47916666666666663
openbmi,10,0,all,ann_sew_equal,REV-E3,0.5,0.5,0.0,0.48325754443985114
openbmi,10,0,n25,sew_clif_equal,REV-E3,0.67,0.6699999999999999,0.3400000000000001,0.6683750376846548
openbmi,10,0,all,sew_clif_equal,REV-E3,0.64,0.64,0.28,0.6305418719211822
openbmi,10,0,n25,ann_sew_ce,RECOVERED_PARENT,0.51,0.51,0.020000000000000018,0.5095586027424682
openbmi,10,0,n25,sew_clif_ce,RECOVERED_PARENT,0.63,0.63,0.26,0.6254681647940075
openbmi,10,0,all,ann_sew_ce,RECOVERED_PARENT,0.54,0.54,0.08000000000000007,0.54
openbmi,10,0,all,sew_clif_ce,RECOVERED_PARENT,0.63,0.63,0.26,0.6161427533976553
openbmi,10,1,n25,soft_clif_exact,REV-E1,0.62,0.62,0.24,0.5924495924495925
openbmi,10,1,all,soft_clif_exact,REV-E1,0.61,0.61,0.21999999999999997,0.5623386825272136
openbmi,10,1,n25,gru_stat,REV-E2,0.59,0.59,0.17999999999999994,0.5327635327635327
openbmi,10,1,all,gru_stat,REV-E2,0.53,0.53,0.06000000000000005,0.4725620020199753
openbmi,10,1,n25,tcn_stat,REV-E2,0.59,0.59,0.17999999999999994,0.5670995670995671
openbmi,10,1,all,tcn_stat,REV-E2,0.54,0.54,0.08000000000000007,0.5008680555555556
openbmi,10,1,n25,ann_sew_equal,REV-E3,0.52,0.52,0.040000000000000036,0.5039272426622571
openbmi,10,1,all,ann_sew_equal,REV-E3,0.55,0.55,0.10000000000000009,0.5248653785239151
openbmi,10,1,n25,sew_clif_equal,REV-E3,0.63,0.63,0.26,0.5960257670051317
openbmi,10,1,all,sew_clif_equal,REV-E3,0.55,0.55,0.10000000000000009,0.508679986898133
openbmi,10,1,n25,ann_sew_ce,RECOVERED_PARENT,0.48,0.48,-0.040000000000000036,0.44821731748726656
openbmi,10,1,n25,sew_clif_ce,RECOVERED_PARENT,0.59,0.59,0.17999999999999994,0.5670995670995671
openbmi,10,1,all,ann_sew_ce,RECOVERED_PARENT,0.57,0.5700000000000001,0.1399999999999999,0.5538956323270049
openbmi,10,1,all,sew_clif_ce,RECOVERED_PARENT,0.57,0.5700000000000001,0.1399999999999999,0.5174503422735944
openbmi,10,2,n25,soft_clif_exact,REV-E1,0.53,0.53,0.06000000000000005,0.4106583072100314
openbmi,10,2,all,soft_clif_exact,REV-E1,0.6,0.6,0.19999999999999996,0.5404411764705881
openbmi,10,2,n25,gru_stat,REV-E2,0.56,0.5599999999999999,0.1200000000000001,0.4857410004675081
openbmi,10,2,all,gru_stat,REV-E2,0.61,0.61,0.21999999999999997,0.5555555555555556
openbmi,10,2,n25,tcn_stat,REV-E2,0.55,0.55,0.10000000000000009,0.4786235662148072
openbmi,10,2,all,tcn_stat,REV-E2,0.59,0.59,0.17999999999999994,0.5249681381068243
openbmi,10,2,n25,ann_sew_equal,REV-E3,0.54,0.54,0.08000000000000007,0.537037037037037
openbmi,10,2,all,ann_sew_equal,REV-E3,0.58,0.5800000000000001,0.15999999999999992,0.5625
openbmi,10,2,n25,sew_clif_equal,REV-E3,0.57,0.57,0.1399999999999999,0.5017958521608157
openbmi,10,2,all,sew_clif_equal,REV-E3,0.59,0.59,0.17999999999999994,0.516452411841019
openbmi,10,2,n25,ann_sew_ce,RECOVERED_PARENT,0.55,0.55,0.10000000000000009,0.529239460194581
openbmi,10,2,n25,sew_clif_ce,RECOVERED_PARENT,0.6,0.6,0.19999999999999996,0.5659722222222222
openbmi,10,2,all,ann_sew_ce,RECOVERED_PARENT,0.56,0.5599999999999999,0.1200000000000001,0.528099528099528
openbmi,10,2,all,sew_clif_ce,RECOVERED_PARENT,0.55,0.55,0.10000000000000009,0.4479205005520795
openbmi,11,0,n25,soft_clif_exact,REV-E1,0.39,0.39,-0.21999999999999997,0.36715426911505344
openbmi,11,0,all,soft_clif_exact,REV-E1,0.43,0.43000000000000005,-0.14,0.42948653788409574
openbmi,11,0,n25,gru_stat,REV-E2,0.34,0.33999999999999997,-0.31999999999999995,0.3397358943577431
openbmi,11,0,all,gru_stat,REV-E2,0.4,0.4,-0.19999999999999996,0.3961352657004831
openbmi,11,0,n25,tcn_stat,REV-E2,0.4,0.4,-0.19999999999999996,0.375
openbmi,11,0,all,tcn_stat,REV-E2,0.43,0.43,-0.14,0.4285714285714286
openbmi,11,0,n25,ann_sew_equal,REV-E3,0.43,0.43000000000000005,-0.14,0.392
openbmi,11,0,all,ann_sew_equal,REV-E3,0.45,0.45,-0.09999999999999998,0.38278532151273703
openbmi,11,0,n25,sew_clif_equal,REV-E3,0.42,0.42000000000000004,-0.16000000000000003,0.4162640901771337
openbmi,11,0,all,sew_clif_equal,REV-E3,0.39,0.39,-0.21999999999999997,0.3894505054549094
openbmi,11,0,n25,ann_sew_ce,RECOVERED_PARENT,0.41,0.41000000000000003,-0.18000000000000005,0.4027735600769308
openbmi,11,0,n25,sew_clif_ce,RECOVERED_PARENT,0.4,0.4,-0.19999999999999996,0.3880048959608323
openbmi,11,0,all,ann_sew_ce,RECOVERED_PARENT,0.5,0.5,0.0,0.49000407996736023
openbmi,11,0,all,sew_clif_ce,RECOVERED_PARENT,0.4,0.4,-0.19999999999999996,0.3961352657004831
openbmi,11,1,n25,soft_clif_exact,REV-E1,0.51,0.51,0.020000000000000018,0.49541756770672435
openbmi,11,1,all,soft_clif_exact,REV-E1,0.48,0.48,-0.040000000000000036,0.48
openbmi,11,1,n25,gru_stat,REV-E2,0.53,0.53,0.06000000000000005,0.5219204557013528
openbmi,11,1,all,gru_stat,REV-E2,0.55,0.55,0.10000000000000009,0.5366079703429101
openbmi,11,1,n25,tcn_stat,REV-E2,0.51,0.51,0.020000000000000018,0.4650070968446337
openbmi,11,1,all,tcn_stat,REV-E2,0.54,0.54,0.08000000000000007,0.54
openbmi,11,1,n25,ann_sew_equal,REV-E3,0.55,0.55,0.10000000000000009,0.4950061721467849
openbmi,11,1,all,ann_sew_equal,REV-E3,0.58,0.5800000000000001,0.15999999999999992,0.5793269230769231
openbmi,11,1,n25,sew_clif_equal,REV-E3,0.52,0.52,0.040000000000000036,0.512987012987013
openbmi,11,1,all,sew_clif_equal,REV-E3,0.47,0.47,-0.06000000000000005,0.4578005115089514
openbmi,11,1,n25,ann_sew_ce,RECOVERED_PARENT,0.6,0.6,0.19999999999999996,0.595959595959596
openbmi,11,1,n25,sew_clif_ce,RECOVERED_PARENT,0.56,0.56,0.1200000000000001,0.5555555555555556
openbmi,11,1,all,ann_sew_ce,RECOVERED_PARENT,0.59,0.59,0.17999999999999994,0.5523528769516323
openbmi,11,1,all,sew_clif_ce,RECOVERED_PARENT,0.52,0.52,0.040000000000000036,0.49066213921901536
openbmi,11,2,n25,soft_clif_exact,REV-E1,0.48,0.48,-0.040000000000000036,0.47916666666666663
openbmi,11,2,all,soft_clif_exact,REV-E1,0.53,0.53,0.06000000000000005,0.5242433444680635
openbmi,11,2,n25,gru_stat,REV-E2,0.5,0.5,0.0,0.46943972835314096
openbmi,11,2,all,gru_stat,REV-E2,0.43,0.43000000000000005,-0.14,0.42948653788409574
openbmi,11,2,n25,tcn_stat,REV-E2,0.51,0.51,0.020000000000000018,0.48263118994826315
openbmi,11,2,all,tcn_stat,REV-E2,0.43,0.43,-0.14,0.4285714285714286
openbmi,11,2,n25,ann_sew_equal,REV-E3,0.56,0.56,0.1200000000000001,0.533106960950764
openbmi,11,2,all,ann_sew_equal,REV-E3,0.53,0.53,0.06000000000000005,0.5261619114830125
openbmi,11,2,n25,sew_clif_equal,REV-E3,0.49,0.49,-0.020000000000000018,0.45599999999999996
openbmi,11,2,all,sew_clif_equal,REV-E3,0.48,0.48,-0.040000000000000036,0.4663382594417077
openbmi,11,2,n25,ann_sew_ce,RECOVERED_PARENT,0.55,0.55,0.10000000000000009,0.52
openbmi,11,2,n25,sew_clif_ce,RECOVERED_PARENT,0.53,0.53,0.06000000000000005,0.48684354187138335
openbmi,11,2,all,ann_sew_ce,RECOVERED_PARENT,0.57,0.57,0.1399999999999999,0.5601023017902813
openbmi,11,2,all,sew_clif_ce,RECOVERED_PARENT,0.47,0.47000000000000003,-0.06000000000000005,0.467390212038991
openbmi,12,0,n25,soft_clif_exact,REV-E1,0.7,0.7,0.3999999999999999,0.6998799519807923
openbmi,12,0,all,soft_clif_exact,REV-E1,0.68,0.6799999999999999,0.3600000000000001,0.6692848284415047
openbmi,12,0,n25,gru_stat,REV-E2,0.65,0.65,0.30000000000000004,0.6439833180754755
openbmi,12,0,all,gru_stat,REV-E2,0.76,0.76,0.52,0.76
openbmi,12,0,n25,tcn_stat,REV-E2,0.61,0.61,0.21999999999999997,0.6032956972841013
openbmi,12,0,all,tcn_stat,REV-E2,0.73,0.73,0.45999999999999996,0.72997299729973
openbmi,12,0,n25,ann_sew_equal,REV-E3,0.59,0.59,0.17999999999999994,0.5899589958995899
openbmi,12,0,all,ann_sew_equal,REV-E3,0.61,0.6100000000000001,0.21999999999999997,0.6080795899909557
openbmi,12,0,n25,sew_clif_equal,REV-E3,0.6,0.6000000000000001,0.19999999999999996,0.5974235104669887
openbmi,12,0,all,sew_clif_equal,REV-E3,0.72,0.72,0.43999999999999995,0.7198879551820727
openbmi,12,0,n25,ann_sew_ce,RECOVERED_PARENT,0.59,0.59,0.17999999999999994,0.58497823666363
openbmi,12,0,n25,sew_clif_ce,RECOVERED_PARENT,0.68,0.68,0.3600000000000001,0.68
openbmi,12,0,all,ann_sew_ce,RECOVERED_PARENT,0.58,0.5800000000000001,0.15999999999999992,0.5772946859903382
openbmi,12,0,all,sew_clif_ce,RECOVERED_PARENT,0.69,0.69,0.3799999999999999,0.6892230576441103
openbmi,12,1,n25,soft_clif_exact,REV-E1,0.74,0.74,0.48,0.7383252818035426
openbmi,12,1,all,soft_clif_exact,REV-E1,0.74,0.74,0.48,0.7390606182256123
openbmi,12,1,n25,gru_stat,REV-E2,0.69,0.69,0.3799999999999999,0.6828644501278773
openbmi,12,1,all,gru_stat,REV-E2,0.72,0.72,0.43999999999999995,0.7171717171717171
openbmi,12,1,n25,tcn_stat,REV-E2,0.69,0.69,0.3799999999999999,0.6874684948079444
openbmi,12,1,all,tcn_stat,REV-E2,0.72,0.72,0.43999999999999995,0.7181964573268922
openbmi,12,1,n25,ann_sew_equal,REV-E3,0.6,0.6,0.19999999999999996,0.5796553173602353
openbmi,12,1,all,ann_sew_equal,REV-E3,0.7,0.7,0.3999999999999999,0.6940024479804162
openbmi,12,1,n25,sew_clif_equal,REV-E3,0.68,0.68,0.3600000000000001,0.6637242538881883
openbmi,12,1,all,sew_clif_equal,REV-E3,0.72,0.72,0.43999999999999995,0.7144022847817217
openbmi,12,1,n25,ann_sew_ce,RECOVERED_PARENT,0.64,0.64,0.28,0.6279454319966928
openbmi,12,1,n25,sew_clif_ce,RECOVERED_PARENT,0.68,0.6799999999999999,0.3600000000000001,0.6715927750410509
openbmi,12,1,all,ann_sew_ce,RECOVERED_PARENT,0.71,0.71,0.41999999999999993,0.7092731829573935
openbmi,12,1,all,sew_clif_ce,RECOVERED_PARENT,0.71,0.71,0.41999999999999993,0.7013695808876532
openbmi,12,2,n25,soft_clif_exact,REV-E1,0.66,0.6599999999999999,0.32000000000000006,0.6587715776796468
openbmi,12,2,all,soft_clif_exact,REV-E1,0.67,0.6699999999999999,0.3400000000000001,0.6691729323308271
openbmi,12,2,n25,gru_stat,REV-E2,0.69,0.69,0.3799999999999999,0.6846709388668497
openbmi,12,2,all,gru_stat,REV-E2,0.68,0.6799999999999999,0.3600000000000001,0.6767676767676767
openbmi,12,2,n25,tcn_stat,REV-E2,0.62,0.62,0.24,0.5824175824175825
openbmi,12,2,all,tcn_stat,REV-E2,0.67,0.6699999999999999,0.3400000000000001,0.6576408341114224
openbmi,12,2,n25,ann_sew_equal,REV-E3,0.55,0.55,0.10000000000000009,0.4479205005520795
openbmi,12,2,all,ann_sew_equal,REV-E3,0.63,0.63,0.26,0.6009060511271707
openbmi,12,2,n25,sew_clif_equal,REV-E3,0.63,0.63,0.26,0.590662683925213
openbmi,12,2,all,sew_clif_equal,REV-E3,0.68,0.6799999999999999,0.3600000000000001,0.6666666666666667
openbmi,12,2,n25,ann_sew_ce,RECOVERED_PARENT,0.59,0.5900000000000001,0.17999999999999994,0.539894512400404
openbmi,12,2,n25,sew_clif_ce,RECOVERED_PARENT,0.64,0.64,0.28,0.6043956043956045
openbmi,12,2,all,ann_sew_ce,RECOVERED_PARENT,0.61,0.61,0.21999999999999997,0.5741893219783819
openbmi,12,2,all,sew_clif_ce,RECOVERED_PARENT,0.64,0.64,0.28,0.6179966044142614
openbmi,13,0,n25,soft_clif_exact,REV-E1,0.53,0.53,0.06000000000000005,0.45545128026879855
openbmi,13,0,all,soft_clif_exact,REV-E1,0.51,0.51,0.020000000000000018,0.38557993730407525
openbmi,13,0,n25,gru_stat,REV-E2,0.53,0.53,0.06000000000000005,0.44568935015921696
openbmi,13,0,all,gru_stat,REV-E2,0.53,0.53,0.06000000000000005,0.4106583072100314
openbmi,13,0,n25,tcn_stat,REV-E2,0.52,0.52,0.040000000000000036,0.40476190476190477
openbmi,13,0,all,tcn_stat,REV-E2,0.51,0.51,0.020000000000000018,0.3710691823899371
openbmi,13,0,n25,ann_sew_equal,REV-E3,0.54,0.54,0.08000000000000007,0.5398159263705482
openbmi,13,0,all,ann_sew_equal,REV-E3,0.55,0.55,0.10000000000000009,0.5444883085332524
openbmi,13,0,n25,sew_clif_equal,REV-E3,0.52,0.52,0.040000000000000036,0.42857142857142855
openbmi,13,0,all,sew_clif_equal,REV-E3,0.49,0.49,-0.020000000000000018,0.3985139757046821
openbmi,13,0,n25,ann_sew_ce,RECOVERED_PARENT,0.5,0.5,0.0,0.4981934965877158
openbmi,13,0,n25,sew_clif_ce,RECOVERED_PARENT,0.57,0.5700000000000001,0.1399999999999999,0.5501621508525997
openbmi,13,0,all,ann_sew_ce,RECOVERED_PARENT,0.57,0.57,0.1399999999999999,0.5361881134721174
openbmi,13,0,all,sew_clif_ce,RECOVERED_PARENT,0.54,0.54,0.08000000000000007,0.47987336047037543
openbmi,13,1,n25,soft_clif_exact,REV-E1,0.58,0.58,0.15999999999999992,0.5091164095371669
openbmi,13,1,all,soft_clif_exact,REV-E1,0.54,0.54,0.08000000000000007,0.4414764448761534
openbmi,13,1,n25,gru_stat,REV-E2,0.5,0.5,0.0,0.3503118503118503
openbmi,13,1,all,gru_stat,REV-E2,0.52,0.52,0.040000000000000036,0.39117199391172
openbmi,13,1,n25,tcn_stat,REV-E2,0.5,0.5,0.0,0.3503118503118503
openbmi,13,1,all,tcn_stat,REV-E2,0.53,0.53,0.06000000000000005,0.4106583072100314
openbmi,13,1,n25,ann_sew_equal,REV-E3,0.46,0.45999999999999996,-0.07999999999999996,0.42699490662139217
openbmi,13,1,all,ann_sew_equal,REV-E3,0.53,0.53,0.06000000000000005,0.4986666666666667
openbmi,13,1,n25,sew_clif_equal,REV-E3,0.51,0.51,0.020000000000000018,0.3710691823899371
openbmi,13,1,all,sew_clif_equal,REV-E3,0.53,0.53,0.06000000000000005,0.44568935015921696
openbmi,13,1,n25,ann_sew_ce,RECOVERED_PARENT,0.54,0.54,0.08000000000000007,0.5066495066495066
openbmi,13,1,n25,sew_clif_ce,RECOVERED_PARENT,0.52,0.52,0.040000000000000036,0.39117199391172
openbmi,13,1,all,ann_sew_ce,RECOVERED_PARENT,0.56,0.56,0.1200000000000001,0.5555555555555556
openbmi,13,1,all,sew_clif_ce,RECOVERED_PARENT,0.51,0.51,0.020000000000000018,0.3988467672678199
openbmi,13,2,n25,soft_clif_exact,REV-E1,0.55,0.55,0.10000000000000009,0.5021573182874212
openbmi,13,2,all,soft_clif_exact,REV-E1,0.49,0.49,-0.020000000000000018,0.3605015673981191
openbmi,13,2,n25,gru_stat,REV-E2,0.52,0.52,0.040000000000000036,0.40476190476190477
openbmi,13,2,all,gru_stat,REV-E2,0.49,0.49,-0.020000000000000018,0.37430990062569014
openbmi,13,2,n25,tcn_stat,REV-E2,0.51,0.51,0.020000000000000018,0.3710691823899371
openbmi,13,2,all,tcn_stat,REV-E2,0.48,0.48,-0.040000000000000036,0.38095238095238093
openbmi,13,2,n25,ann_sew_equal,REV-E3,0.5,0.5,0.0,0.37996031746031744
openbmi,13,2,all,ann_sew_equal,REV-E3,0.54,0.54,0.08000000000000007,0.5308037535699714
openbmi,13,2,n25,sew_clif_equal,REV-E3,0.5,0.5,0.0,0.37996031746031744
openbmi,13,2,all,sew_clif_equal,REV-E3,0.54,0.54,0.08000000000000007,0.4295634920634921
openbmi,13,2,n25,ann_sew_ce,RECOVERED_PARENT,0.5,0.5,0.0,0.39290917921321034
openbmi,13,2,n25,sew_clif_ce,RECOVERED_PARENT,0.52,0.52,0.040000000000000036,0.39117199391172
openbmi,13,2,all,ann_sew_ce,RECOVERED_PARENT,0.57,0.5700000000000001,0.1399999999999999,0.557203171661003
openbmi,13,2,all,sew_clif_ce,RECOVERED_PARENT,0.48,0.48,-0.040000000000000036,0.34043632673769664
openbmi,14,0,n25,soft_clif_exact,REV-E1,0.68,0.6799999999999999,0.3600000000000001,0.6798719487795117
openbmi,14,0,all,soft_clif_exact,REV-E1,0.67,0.6699999999999999,0.3400000000000001,0.6624040920716112
openbmi,14,0,n25,gru_stat,REV-E2,0.67,0.6699999999999999,0.3400000000000001,0.6601791782514674
openbmi,14,0,all,gru_stat,REV-E2,0.66,0.66,0.32000000000000006,0.6392190152801358
openbmi,14,0,n25,tcn_stat,REV-E2,0.7,0.7,0.3999999999999999,0.6940024479804162
openbmi,14,0,all,tcn_stat,REV-E2,0.68,0.6799999999999999,0.3600000000000001,0.677938808373591
openbmi,14,0,n25,ann_sew_equal,REV-E3,0.61,0.61,0.21999999999999997,0.60996099609961
openbmi,14,0,all,ann_sew_equal,REV-E3,0.63,0.63,0.26,0.6290726817042607
openbmi,14,0,n25,sew_clif_equal,REV-E3,0.67,0.6699999999999999,0.3400000000000001,0.667305171892328
openbmi,14,0,all,sew_clif_equal,REV-E3,0.7,0.7,0.3999999999999999,0.6956168831168832
openbmi,14,0,n25,ann_sew_ce,RECOVERED_PARENT,0.6,0.6000000000000001,0.19999999999999996,0.5993589743589743
openbmi,14,0,n25,sew_clif_ce,RECOVERED_PARENT,0.65,0.65,0.30000000000000004,0.6496847162446201
openbmi,14,0,all,ann_sew_ce,RECOVERED_PARENT,0.65,0.65,0.30000000000000004,0.6496847162446201
openbmi,14,0,all,sew_clif_ce,RECOVERED_PARENT,0.66,0.66,0.32000000000000006,0.66
openbmi,14,1,n25,soft_clif_exact,REV-E1,0.51,0.51,0.020000000000000018,0.43227899432278993
openbmi,14,1,all,soft_clif_exact,REV-E1,0.56,0.56,0.1200000000000001,0.5024875621890548
openbmi,14,1,n25,gru_stat,REV-E2,0.63,0.63,0.26,0.5783475783475783
openbmi,14,1,all,gru_stat,REV-E2,0.65,0.65,0.30000000000000004,0.6224786970121886
openbmi,14,1,n25,tcn_stat,REV-E2,0.61,0.61,0.21999999999999997,0.584
openbmi,14,1,all,tcn_stat,REV-E2,0.62,0.62,0.24,0.5824175824175825
openbmi,14,1,n25,ann_sew_equal,REV-E3,0.53,0.53,0.06000000000000005,0.4800309768779732
openbmi,14,1,all,ann_sew_equal,REV-E3,0.59,0.5900000000000001,0.17999999999999994,0.5710848415106183
openbmi,14,1,n25,sew_clif_equal,REV-E3,0.58,0.5800000000000001,0.15999999999999992,0.5251017639077341
openbmi,14,1,all,sew_clif_equal,REV-E3,0.58,0.5800000000000001,0.15999999999999992,0.5384615384615385
openbmi,14,1,n25,ann_sew_ce,RECOVERED_PARENT,0.52,0.52,0.040000000000000036,0.42857142857142855
openbmi,14,1,n25,sew_clif_ce,RECOVERED_PARENT,0.53,0.53,0.06000000000000005,0.4106583072100314
openbmi,14,1,all,ann_sew_ce,RECOVERED_PARENT,0.61,0.61,0.21999999999999997,0.5920075321686369
openbmi,14,1,all,sew_clif_ce,RECOVERED_PARENT,0.6,0.6000000000000001,0.19999999999999996,0.554367201426025
openbmi,14,2,n25,soft_clif_exact,REV-E1,0.55,0.55,0.10000000000000009,0.4479205005520795
openbmi,14,2,all,soft_clif_exact,REV-E1,0.57,0.5700000000000001,0.1399999999999999,0.4724573671942093
openbmi,14,2,n25,gru_stat,REV-E2,0.6,0.6,0.19999999999999996,0.5404411764705881
openbmi,14,2,all,gru_stat,REV-E2,0.62,0.62,0.24,0.5766488413547237
openbmi,14,2,n25,tcn_stat,REV-E2,0.58,0.58,0.15999999999999992,0.4900437105390967
openbmi,14,2,all,tcn_stat,REV-E2,0.61,0.61,0.21999999999999997,0.5481404240528328
openbmi,14,2,n25,ann_sew_equal,REV-E3,0.6,0.6000000000000001,0.19999999999999996,0.554367201426025
openbmi,14,2,all,ann_sew_equal,REV-E3,0.58,0.5800000000000001,0.15999999999999992,0.5251017639077341
openbmi,14,2,n25,sew_clif_equal,REV-E3,0.58,0.58,0.15999999999999992,0.4900437105390967
openbmi,14,2,all,sew_clif_equal,REV-E3,0.59,0.59,0.17999999999999994,0.516452411841019
openbmi,14,2,n25,ann_sew_ce,RECOVERED_PARENT,0.6,0.6,0.19999999999999996,0.5477159656264134
openbmi,14,2,n25,sew_clif_ce,RECOVERED_PARENT,0.58,0.58,0.15999999999999992,0.5
openbmi,14,2,all,ann_sew_ce,RECOVERED_PARENT,0.54,0.54,0.08000000000000007,0.45238095238095244
openbmi,14,2,all,sew_clif_ce,RECOVERED_PARENT,0.59,0.59,0.17999999999999994,0.5071523019593701
openbmi,15,0,n25,soft_clif_exact,REV-E1,0.49,0.49,-0.020000000000000018,0.40910670837678137
openbmi,15,0,all,soft_clif_exact,REV-E1,0.46,0.45999999999999996,-0.07999999999999996,0.35714285714285715
openbmi,15,0,n25,gru_stat,REV-E2,0.48,0.48,-0.040000000000000036,0.4357638888888889
openbmi,15,0,all,gru_stat,REV-E2,0.43,0.43000000000000005,-0.14,0.42020140372291737
openbmi,15,0,n25,tcn_stat,REV-E2,0.5,0.5,0.0,0.4505494505494506
openbmi,15,0,all,tcn_stat,REV-E2,0.45,0.45,-0.09999999999999998,0.39949776176438473
openbmi,15,0,n25,ann_sew_equal,REV-E3,0.49,0.49,-0.020000000000000018,0.47089947089947093
openbmi,15,0,all,ann_sew_equal,REV-E3,0.45,0.45,-0.09999999999999998,0.39949776176438473
openbmi,15,0,n25,sew_clif_equal,REV-E3,0.53,0.53,0.06000000000000005,0.48684354187138335
openbmi,15,0,all,sew_clif_equal,REV-E3,0.44,0.44,-0.12,0.3923611111111111
openbmi,15,0,n25,ann_sew_ce,RECOVERED_PARENT,0.57,0.57,0.1399999999999999,0.5601023017902813
openbmi,15,0,n25,sew_clif_ce,RECOVERED_PARENT,0.48,0.48,-0.040000000000000036,0.4422994422994423
openbmi,15,0,all,ann_sew_ce,RECOVERED_PARENT,0.48,0.48,-0.040000000000000036,0.46258784621744525
openbmi,15,0,all,sew_clif_ce,RECOVERED_PARENT,0.46,0.45999999999999996,-0.07999999999999996,0.42084942084942084
openbmi,15,1,n25,soft_clif_exact,REV-E1,0.43,0.43,-0.14,0.42994299429942995
openbmi,15,1,all,soft_clif_exact,REV-E1,0.45,0.45,-0.09999999999999998,0.4472917294744247
openbmi,15,1,n25,gru_stat,REV-E2,0.4,0.4,-0.19999999999999996,0.397832195905259
openbmi,15,1,all,gru_stat,REV-E2,0.47,0.47,-0.06000000000000005,0.43466666666666665
openbmi,15,1,n25,tcn_stat,REV-E2,0.48,0.48,-0.040000000000000036,0.46960424316605465
openbmi,15,1,all,tcn_stat,REV-E2,0.45,0.45,-0.09999999999999998,0.4472917294744247
openbmi,15,1,n25,ann_sew_equal,REV-E3,0.48,0.48,-0.040000000000000036,0.47916666666666663
openbmi,15,1,all,ann_sew_equal,REV-E3,0.56,0.5599999999999999,0.1200000000000001,0.528099528099528
openbmi,15,1,n25,sew_clif_equal,REV-E3,0.41,0.41,-0.18000000000000005,0.3924415611162599
openbmi,15,1,all,sew_clif_equal,REV-E3,0.5,0.5,0.0,0.48325754443985114
openbmi,15,1,n25,ann_sew_ce,RECOVERED_PARENT,0.5,0.5,0.0,0.4967793880837359
openbmi,15,1,n25,sew_clif_ce,RECOVERED_PARENT,0.41,0.41000000000000003,-0.18000000000000005,0.40518197398931344
openbmi,15,1,all,ann_sew_ce,RECOVERED_PARENT,0.47,0.47,-0.06000000000000005,0.42133420679113437
openbmi,15,1,all,sew_clif_ce,RECOVERED_PARENT,0.44,0.44,-0.12,0.4391025641025641
openbmi,15,2,n25,soft_clif_exact,REV-E1,0.45,0.45,-0.09999999999999998,0.44550861982054646
openbmi,15,2,all,soft_clif_exact,REV-E1,0.47,0.47,-0.06000000000000005,0.396011396011396
openbmi,15,2,n25,gru_stat,REV-E2,0.49,0.49,-0.020000000000000018,0.40910670837678137
openbmi,15,2,all,gru_stat,REV-E2,0.46,0.46,-0.07999999999999996,0.39839572192513373
openbmi,15,2,n25,tcn_stat,REV-E2,0.48,0.48,-0.040000000000000036,0.34043632673769664
openbmi,15,2,all,tcn_stat,REV-E2,0.45,0.44999999999999996,-0.09999999999999998,0.35133860125014743
openbmi,15,2,n25,ann_sew_equal,REV-E3,0.58,0.5800000000000001,0.15999999999999992,0.5251017639077341
openbmi,15,2,all,ann_sew_equal,REV-E3,0.53,0.53,0.06000000000000005,0.44568935015921696
openbmi,15,2,n25,sew_clif_equal,REV-E3,0.51,0.51,0.020000000000000018,0.4415954415954416
openbmi,15,2,all,sew_clif_equal,REV-E3,0.49,0.49,-0.020000000000000018,0.3985139757046821
openbmi,15,2,n25,ann_sew_ce,RECOVERED_PARENT,0.58,0.5800000000000001,0.15999999999999992,0.5320855614973262
openbmi,15,2,n25,sew_clif_ce,RECOVERED_PARENT,0.5,0.5,0.0,0.4574652777777778
openbmi,15,2,all,ann_sew_ce,RECOVERED_PARENT,0.54,0.54,0.08000000000000007,0.5118845500848896
openbmi,15,2,all,sew_clif_ce,RECOVERED_PARENT,0.47,0.47000000000000003,-0.06000000000000005,0.4052294916395466
openbmi,16,0,n25,soft_clif_exact,REV-E1,0.51,0.51,0.020000000000000018,0.5075871771681238
openbmi,16,0,all,soft_clif_exact,REV-E1,0.54,0.54,0.08000000000000007,0.5308037535699714
openbmi,16,0,n25,gru_stat,REV-E2,0.54,0.54,0.08000000000000007,0.5353535353535354
openbmi,16,0,all,gru_stat,REV-E2,0.56,0.56,0.1200000000000001,0.545266639107069
openbmi,16,0,n25,tcn_stat,REV-E2,0.52,0.52,0.040000000000000036,0.5151515151515151
openbmi,16,0,all,tcn_stat,REV-E2,0.5,0.5,0.0,0.46374946374946374
openbmi,16,0,n25,ann_sew_equal,REV-E3,0.48,0.48000000000000004,-0.040000000000000036,0.47665056360708535
openbmi,16,0,all,ann_sew_equal,REV-E3,0.52,0.52,0.040000000000000036,0.4851994851994852
openbmi,16,0,n25,sew_clif_equal,REV-E3,0.51,0.51,0.020000000000000018,0.49541756770672435
openbmi,16,0,all,sew_clif_equal,REV-E3,0.55,0.55,0.10000000000000009,0.529239460194581
openbmi,16,0,n25,ann_sew_ce,RECOVERED_PARENT,0.55,0.55,0.10000000000000009,0.5248653785239151
openbmi,16,0,n25,sew_clif_ce,RECOVERED_PARENT,0.53,0.53,0.06000000000000005,0.5261619114830125
openbmi,16,0,all,ann_sew_ce,RECOVERED_PARENT,0.5,0.5,0.0,0.46374946374946374
openbmi,16,0,all,sew_clif_ce,RECOVERED_PARENT,0.54,0.54,0.08000000000000007,0.5118845500848896
openbmi,16,1,n25,soft_clif_exact,REV-E1,0.55,0.55,0.10000000000000009,0.5495946351716544
openbmi,16,1,all,soft_clif_exact,REV-E1,0.6,0.6,0.19999999999999996,0.5941558441558441
openbmi,16,1,n25,gru_stat,REV-E2,0.58,0.5800000000000001,0.15999999999999992,0.5772946859903382
openbmi,16,1,all,gru_stat,REV-E2,0.67,0.67,0.3400000000000001,0.6547756041426929
openbmi,16,1,n25,tcn_stat,REV-E2,0.58,0.5800000000000001,0.15999999999999992,0.5772946859903382
openbmi,16,1,all,tcn_stat,REV-E2,0.57,0.5700000000000001,0.1399999999999999,0.5305164319248826
openbmi,16,1,n25,ann_sew_equal,REV-E3,0.57,0.5700000000000001,0.1399999999999999,0.5696126513862476
openbmi,16,1,all,ann_sew_equal,REV-E3,0.55,0.55,0.10000000000000009,0.4950061721467849
openbmi,16,1,n25,sew_clif_equal,REV-E3,0.61,0.61,0.21999999999999997,0.60996099609961
openbmi,16,1,all,sew_clif_equal,REV-E3,0.61,0.61,0.21999999999999997,0.5953937130407718
openbmi,16,1,n25,ann_sew_ce,RECOVERED_PARENT,0.6,0.6,0.19999999999999996,0.5920032639738881
openbmi,16,1,n25,sew_clif_ce,RECOVERED_PARENT,0.63,0.63,0.26,0.6281780725555222
openbmi,16,1,all,ann_sew_ce,RECOVERED_PARENT,0.57,0.5700000000000001,0.1399999999999999,0.5459824728117411
openbmi,16,1,all,sew_clif_ce,RECOVERED_PARENT,0.62,0.62,0.24,0.6072757337742869
openbmi,16,2,n25,soft_clif_exact,REV-E1,0.57,0.5700000000000001,0.1399999999999999,0.557203171661003
openbmi,16,2,all,soft_clif_exact,REV-E1,0.56,0.56,0.1200000000000001,0.5571658615136876
openbmi,16,2,n25,gru_stat,REV-E2,0.55,0.55,0.10000000000000009,0.5477841422972565
openbmi,16,2,all,gru_stat,REV-E2,0.59,0.59,0.17999999999999994,0.5626666666666668
openbmi,16,2,n25,tcn_stat,REV-E2,0.6,0.6000000000000001,0.19999999999999996,0.5985547972701726
openbmi,16,2,all,tcn_stat,REV-E2,0.61,0.61,0.21999999999999997,0.6052232007288187
openbmi,16,2,n25,ann_sew_equal,REV-E3,0.61,0.6100000000000001,0.21999999999999997,0.6090225563909775
openbmi,16,2,all,ann_sew_equal,REV-E3,0.56,0.56,0.1200000000000001,0.5098039215686274
openbmi,16,2,n25,sew_clif_equal,REV-E3,0.6,0.6,0.19999999999999996,0.5998399359743898
openbmi,16,2,all,sew_clif_equal,REV-E3,0.6,0.6,0.19999999999999996,0.5920032639738881
openbmi,16,2,n25,ann_sew_ce,RECOVERED_PARENT,0.53,0.53,0.06000000000000005,0.4725620020199753
openbmi,16,2,n25,sew_clif_ce,RECOVERED_PARENT,0.58,0.58,0.15999999999999992,0.5716034271725826
openbmi,16,2,all,ann_sew_ce,RECOVERED_PARENT,0.56,0.56,0.1200000000000001,0.5225694444444444
openbmi,16,2,all,sew_clif_ce,RECOVERED_PARENT,0.59,0.59,0.17999999999999994,0.5777983729790959
openbmi,17,0,n25,soft_clif_exact,REV-E1,0.75,0.75,0.5,0.7487689679429204
openbmi,17,0,all,soft_clif_exact,REV-E1,0.71,0.71,0.41999999999999993,0.6938021328265231
openbmi,17,0,n25,gru_stat,REV-E2,0.74,0.74,0.48,0.7291666666666666
openbmi,17,0,all,gru_stat,REV-E2,0.62,0.62,0.24,0.5634191176470589
openbmi,17,0,n25,tcn_stat,REV-E2,0.67,0.6699999999999999,0.3400000000000001,0.6349153667441089
openbmi,17,0,all,tcn_stat,REV-E2,0.61,0.61,0.21999999999999997,0.5481404240528328
openbmi,17,0,n25,ann_sew_equal,REV-E3,0.57,0.5700000000000001,0.1399999999999999,0.5242836596968691
openbmi,17,0,all,ann_sew_equal,REV-E3,0.62,0.62,0.24,0.5766488413547237
openbmi,17,0,n25,sew_clif_equal,REV-E3,0.69,0.69,0.3799999999999999,0.6656239887822242
openbmi,17,0,all,sew_clif_equal,REV-E3,0.63,0.63,0.26,0.5713127099988414
openbmi,17,0,n25,ann_sew_ce,RECOVERED_PARENT,0.61,0.61,0.21999999999999997,0.5793334052421528
openbmi,17,0,n25,sew_clif_ce,RECOVERED_PARENT,0.71,0.71,0.41999999999999993,0.6938021328265231
openbmi,17,0,all,ann_sew_ce,RECOVERED_PARENT,0.63,0.63,0.26,0.6161427533976553
openbmi,17,0,all,sew_clif_ce,RECOVERED_PARENT,0.62,0.62,0.24,0.5558672276764843
openbmi,17,1,n25,soft_clif_exact,REV-E1,0.55,0.55,0.10000000000000009,0.4357366771159875
openbmi,17,1,all,soft_clif_exact,REV-E1,0.64,0.64,0.28,0.5989304812834224
openbmi,17,1,n25,gru_stat,REV-E2,0.55,0.55,0.10000000000000009,0.45906959971150385
openbmi,17,1,all,gru_stat,REV-E2,0.6,0.6,0.19999999999999996,0.5324918186068256
openbmi,17,1,n25,tcn_stat,REV-E2,0.58,0.58,0.15999999999999992,0.5
openbmi,17,1,all,tcn_stat,REV-E2,0.64,0.64,0.28,0.5989304812834224
openbmi,17,1,n25,ann_sew_equal,REV-E3,0.65,0.65,0.30000000000000004,0.6338529134846741
openbmi,17,1,all,ann_sew_equal,REV-E3,0.65,0.65,0.30000000000000004,0.6471418489767113
openbmi,17,1,n25,sew_clif_equal,REV-E3,0.68,0.6799999999999999,0.3600000000000001,0.6483516483516484
openbmi,17,1,all,sew_clif_equal,REV-E3,0.63,0.63,0.26,0.5713127099988414
openbmi,17,1,n25,ann_sew_ce,RECOVERED_PARENT,0.68,0.6799999999999999,0.3600000000000001,0.6736026111791106
openbmi,17,1,n25,sew_clif_ce,RECOVERED_PARENT,0.61,0.61,0.21999999999999997,0.5481404240528328
openbmi,17,1,all,ann_sew_ce,RECOVERED_PARENT,0.64,0.64,0.28,0.6216897856242118
openbmi,17,1,all,sew_clif_ce,RECOVERED_PARENT,0.65,0.65,0.30000000000000004,0.6072270227808327
openbmi,17,2,n25,soft_clif_exact,REV-E1,0.76,0.76,0.52,0.76
openbmi,17,2,all,soft_clif_exact,REV-E1,0.7,0.7,0.3999999999999999,0.6782496782496782
openbmi,17,2,n25,gru_stat,REV-E2,0.77,0.77,0.54,0.7660461804495982
openbmi,17,2,all,gru_stat,REV-E2,0.63,0.63,0.26,0.5847828526540231
openbmi,17,2,n25,tcn_stat,REV-E2,0.72,0.72,0.43999999999999995,0.7083333333333334
openbmi,17,2,all,tcn_stat,REV-E2,0.64,0.64,0.28,0.5989304812834224
openbmi,17,2,n25,ann_sew_equal,REV-E3,0.69,0.69,0.3799999999999999,0.6884735202492211
openbmi,17,2,all,ann_sew_equal,REV-E3,0.63,0.63,0.26,0.6093337556752191
openbmi,17,2,n25,sew_clif_equal,REV-E3,0.77,0.77,0.54,0.767182913250329
openbmi,17,2,all,sew_clif_equal,REV-E3,0.7,0.7,0.3999999999999999,0.6782496782496782
openbmi,17,2,n25,ann_sew_ce,RECOVERED_PARENT,0.68,0.6799999999999999,0.3600000000000001,0.677938808373591
openbmi,17,2,n25,sew_clif_ce,RECOVERED_PARENT,0.72,0.72,0.43999999999999995,0.7083333333333334
openbmi,17,2,all,ann_sew_ce,RECOVERED_PARENT,0.66,0.66,0.32000000000000006,0.6458333333333334
openbmi,17,2,all,sew_clif_ce,RECOVERED_PARENT,0.67,0.6699999999999999,0.3400000000000001,0.6396986570586309
openbmi,18,0,n25,soft_clif_exact,REV-E1,0.78,0.78,0.56,0.779205138498595
openbmi,18,0,all,soft_clif_exact,REV-E1,0.85,0.85,0.7,0.848162769511084
openbmi,18,0,n25,gru_stat,REV-E2,0.87,0.87,0.74,0.8698828946051447
openbmi,18,0,all,gru_stat,REV-E2,0.84,0.84,0.6799999999999999,0.8376623376623376
openbmi,18,0,n25,tcn_stat,REV-E2,0.83,0.83,0.6599999999999999,0.8299829982998299
openbmi,18,0,all,tcn_stat,REV-E2,0.84,0.84,0.6799999999999999,0.8383838383838385
openbmi,18,0,n25,ann_sew_equal,REV-E3,0.66,0.6599999999999999,0.32000000000000006,0.6578099838969405
openbmi,18,0,all,ann_sew_equal,REV-E3,0.76,0.76,0.52,0.7596153846153846
openbmi,18,0,n25,sew_clif_equal,REV-E3,0.83,0.8300000000000001,0.6599999999999999,0.8286117552172598
openbmi,18,0,all,sew_clif_equal,REV-E3,0.81,0.81,0.6200000000000001,0.8043455874781176
openbmi,18,0,n25,ann_sew_ce,RECOVERED_PARENT,0.66,0.66,0.32000000000000006,0.6458333333333334
openbmi,18,0,n25,sew_clif_ce,RECOVERED_PARENT,0.83,0.83,0.6599999999999999,0.8270776116366596
openbmi,18,0,all,ann_sew_ce,RECOVERED_PARENT,0.79,0.79,0.5800000000000001,0.7894736842105263
openbmi,18,0,all,sew_clif_ce,RECOVERED_PARENT,0.83,0.83,0.6599999999999999,0.8279178054458953
openbmi,18,1,n25,soft_clif_exact,REV-E1,0.67,0.6699999999999999,0.3400000000000001,0.6396986570586309
openbmi,18,1,all,soft_clif_exact,REV-E1,0.75,0.75,0.5,0.736036321402175
openbmi,18,1,n25,gru_stat,REV-E2,0.79,0.79,0.5800000000000001,0.7851662404092071
openbmi,18,1,all,gru_stat,REV-E2,0.82,0.8200000000000001,0.6399999999999999,0.8199279711884755
openbmi,18,1,n25,tcn_stat,REV-E2,0.84,0.8400000000000001,0.6799999999999999,0.8357963875205254
openbmi,18,1,all,tcn_stat,REV-E2,0.81,0.81,0.6200000000000001,0.8043455874781176
openbmi,18,1,n25,ann_sew_equal,REV-E3,0.54,0.54,0.08000000000000007,0.4875222816399287
openbmi,18,1,all,ann_sew_equal,REV-E3,0.73,0.73,0.45999999999999996,0.7253585596582239
openbmi,18,1,n25,sew_clif_equal,REV-E3,0.8,0.8,0.6000000000000001,0.7960016319869441
openbmi,18,1,all,sew_clif_equal,REV-E3,0.8,0.8,0.6000000000000001,0.7996794871794872
openbmi,18,1,n25,ann_sew_ce,RECOVERED_PARENT,0.56,0.56,0.1200000000000001,0.5164835164835164
openbmi,18,1,n25,sew_clif_ce,RECOVERED_PARENT,0.79,0.79,0.5800000000000001,0.7803117480908044
openbmi,18,1,all,ann_sew_ce,RECOVERED_PARENT,0.66,0.66,0.32000000000000006,0.6532027743778049
openbmi,18,1,all,sew_clif_ce,RECOVERED_PARENT,0.8,0.8,0.6000000000000001,0.7916666666666665
openbmi,18,2,n25,soft_clif_exact,REV-E1,0.84,0.84,0.6799999999999999,0.8368013055895552
openbmi,18,2,all,soft_clif_exact,REV-E1,0.81,0.81,0.6200000000000001,0.8043455874781176
openbmi,18,2,n25,gru_stat,REV-E2,0.85,0.8500000000000001,0.7,0.8492613807657521
openbmi,18,2,all,gru_stat,REV-E2,0.82,0.82,0.6399999999999999,0.8173701298701298
openbmi,18,2,n25,tcn_stat,REV-E2,0.82,0.8200000000000001,0.6399999999999999,0.8164014687882497
openbmi,18,2,all,tcn_stat,REV-E2,0.83,0.8300000000000001,0.6599999999999999,0.8295739348370927
openbmi,18,2,n25,ann_sew_equal,REV-E3,0.7,0.7,0.3999999999999999,0.6899545266639107
openbmi,18,2,all,ann_sew_equal,REV-E3,0.67,0.67,0.3400000000000001,0.6643271284711627
openbmi,18,2,n25,sew_clif_equal,REV-E3,0.87,0.87,0.74,0.8699869986998701
openbmi,18,2,all,sew_clif_equal,REV-E3,0.83,0.83,0.6599999999999999,0.8270776116366596
openbmi,18,2,n25,ann_sew_ce,RECOVERED_PARENT,0.67,0.67,0.3400000000000001,0.6547756041426929
openbmi,18,2,n25,sew_clif_ce,RECOVERED_PARENT,0.87,0.87,0.74,0.8689384010484928
openbmi,18,2,all,ann_sew_ce,RECOVERED_PARENT,0.76,0.76,0.52,0.7564935064935063
openbmi,18,2,all,sew_clif_ce,RECOVERED_PARENT,0.83,0.8300000000000001,0.6599999999999999,0.8286117552172598
openbmi,19,0,n25,soft_clif_exact,REV-E1,0.74,0.74,0.48,0.7383252818035426
openbmi,19,0,all,soft_clif_exact,REV-E1,0.76,0.76,0.52,0.7599039615846339
openbmi,19,0,n25,gru_stat,REV-E2,0.77,0.77,0.54,0.769792813532179
openbmi,19,0,all,gru_stat,REV-E2,0.7,0.7,0.3999999999999999,0.6899545266639107
openbmi,19,0,n25,tcn_stat,REV-E2,0.78,0.78,0.56,0.78
openbmi,19,0,all,tcn_stat,REV-E2,0.75,0.75,0.5,0.7469379491851402
openbmi,19,0,n25,ann_sew_equal,REV-E3,0.69,0.69,0.3799999999999999,0.6874684948079444
openbmi,19,0,all,ann_sew_equal,REV-E3,0.64,0.64,0.28,0.5989304812834224
openbmi,19,0,n25,sew_clif_equal,REV-E3,0.76,0.76,0.52,0.76
openbmi,19,0,all,sew_clif_equal,REV-E3,0.76,0.76,0.52,0.76
openbmi,19,0,n25,ann_sew_ce,RECOVERED_PARENT,0.65,0.65,0.30000000000000004,0.6224786970121886
openbmi,19,0,n25,sew_clif_ce,RECOVERED_PARENT,0.75,0.75,0.5,0.7487689679429204
openbmi,19,0,all,ann_sew_ce,RECOVERED_PARENT,0.64,0.64,0.28,0.5989304812834224
openbmi,19,0,all,sew_clif_ce,RECOVERED_PARENT,0.75,0.75,0.5,0.7442455242966751
openbmi,19,1,n25,soft_clif_exact,REV-E1,0.8,0.8,0.6000000000000001,0.7996794871794872
openbmi,19,1,all,soft_clif_exact,REV-E1,0.77,0.77,0.54,0.767182913250329
openbmi,19,1,n25,gru_stat,REV-E2,0.75,0.75,0.5,0.7457023700539112
openbmi,19,1,all,gru_stat,REV-E2,0.77,0.77,0.54,0.767182913250329
openbmi,19,1,n25,tcn_stat,REV-E2,0.77,0.77,0.54,0.7688674505074867
openbmi,19,1,all,tcn_stat,REV-E2,0.77,0.77,0.54,0.7694235588972431
openbmi,19,1,n25,ann_sew_equal,REV-E3,0.6,0.6,0.19999999999999996,0.5920032639738881
openbmi,19,1,all,ann_sew_equal,REV-E3,0.63,0.63,0.26,0.5960257670051317
openbmi,19,1,n25,sew_clif_equal,REV-E3,0.69,0.69,0.3799999999999999,0.6828644501278773
openbmi,19,1,all,sew_clif_equal,REV-E3,0.69,0.6900000000000001,0.3799999999999999,0.6726850385386971
openbmi,19,1,n25,ann_sew_ce,RECOVERED_PARENT,0.63,0.63,0.26,0.6093337556752191
openbmi,19,1,n25,sew_clif_ce,RECOVERED_PARENT,0.76,0.76,0.52,0.7591328783621035
openbmi,19,1,all,ann_sew_ce,RECOVERED_PARENT,0.65,0.65,0.30000000000000004,0.6224786970121886
openbmi,19,1,all,sew_clif_ce,RECOVERED_PARENT,0.7,0.7,0.3999999999999999,0.6847414880201765
openbmi,19,2,n25,soft_clif_exact,REV-E1,0.77,0.77,0.54,0.7688674505074867
openbmi,19,2,all,soft_clif_exact,REV-E1,0.72,0.72,0.43999999999999995,0.7195512820512822
openbmi,19,2,n25,gru_stat,REV-E2,0.71,0.71,0.41999999999999993,0.7092731829573935
openbmi,19,2,all,gru_stat,REV-E2,0.75,0.75,0.5,0.7479584635547939
openbmi,19,2,n25,tcn_stat,REV-E2,0.73,0.73,0.45999999999999996,0.7297567811029926
openbmi,19,2,all,tcn_stat,REV-E2,0.75,0.75,0.5,0.7487689679429204
openbmi,19,2,n25,ann_sew_equal,REV-E3,0.63,0.63,0.26,0.6093337556752191
openbmi,19,2,all,ann_sew_equal,REV-E3,0.73,0.73,0.45999999999999996,0.7286704853783539
openbmi,19,2,n25,sew_clif_equal,REV-E3,0.75,0.75,0.5,0.7469379491851402
openbmi,19,2,all,sew_clif_equal,REV-E3,0.76,0.76,0.52,0.76
openbmi,19,2,n25,ann_sew_ce,RECOVERED_PARENT,0.68,0.68,0.3600000000000001,0.68
openbmi,19,2,n25,sew_clif_ce,RECOVERED_PARENT,0.78,0.78,0.56,0.7785829307568439
openbmi,19,2,all,ann_sew_ce,RECOVERED_PARENT,0.72,0.72,0.43999999999999995,0.7144022847817217
openbmi,19,2,all,sew_clif_ce,RECOVERED_PARENT,0.77,0.77,0.54,0.7699769976997699
openbmi,20,0,n25,soft_clif_exact,REV-E1,0.57,0.57,0.1399999999999999,0.5361881134721174
openbmi,20,0,all,soft_clif_exact,REV-E1,0.65,0.65,0.30000000000000004,0.6496847162446201
openbmi,20,0,n25,gru_stat,REV-E2,0.56,0.5599999999999999,0.1200000000000001,0.4857410004675081
openbmi,20,0,all,gru_stat,REV-E2,0.61,0.61,0.21999999999999997,0.5741893219783819
openbmi,20,0,n25,tcn_stat,REV-E2,0.56,0.56,0.1200000000000001,0.5584102769971899
openbmi,20,0,all,tcn_stat,REV-E2,0.71,0.71,0.41999999999999993,0.7097387648883996
openbmi,20,0,n25,ann_sew_equal,REV-E3,0.59,0.5900000000000001,0.17999999999999994,0.5889724310776943
openbmi,20,0,all,ann_sew_equal,REV-E3,0.63,0.63,0.26,0.629666700030027
openbmi,20,0,n25,sew_clif_equal,REV-E3,0.57,0.57,0.1399999999999999,0.5017958521608157
openbmi,20,0,all,sew_clif_equal,REV-E3,0.64,0.64,0.28,0.6398559423769508
openbmi,20,0,n25,ann_sew_ce,RECOVERED_PARENT,0.57,0.5700000000000001,0.1399999999999999,0.50997150997151
openbmi,20,0,n25,sew_clif_ce,RECOVERED_PARENT,0.59,0.59,0.17999999999999994,0.58497823666363
openbmi,20,0,all,ann_sew_ce,RECOVERED_PARENT,0.63,0.63,0.26,0.6299629962996299
openbmi,20,0,all,sew_clif_ce,RECOVERED_PARENT,0.71,0.71,0.41999999999999993,0.7064480210547626
openbmi,20,1,n25,soft_clif_exact,REV-E1,0.66,0.6599999999999999,0.32000000000000006,0.6510673234811166
openbmi,20,1,all,soft_clif_exact,REV-E1,0.64,0.64,0.28,0.625
openbmi,20,1,n25,gru_stat,REV-E2,0.7,0.7,0.3999999999999999,0.6921182266009853
openbmi,20,1,all,gru_stat,REV-E2,0.7,0.7,0.3999999999999999,0.6989160979526294
openbmi,20,1,n25,tcn_stat,REV-E2,0.66,0.6599999999999999,0.32000000000000006,0.6486151302190988
openbmi,20,1,all,tcn_stat,REV-E2,0.71,0.71,0.41999999999999993,0.7050147492625368
openbmi,20,1,n25,ann_sew_equal,REV-E3,0.58,0.5800000000000001,0.15999999999999992,0.5625
openbmi,20,1,all,ann_sew_equal,REV-E3,0.59,0.5900000000000001,0.17999999999999994,0.5896306676008407
openbmi,20,1,n25,sew_clif_equal,REV-E3,0.65,0.65,0.30000000000000004,0.6338529134846741
openbmi,20,1,all,sew_clif_equal,REV-E3,0.7,0.7,0.3999999999999999,0.6980676328502415
openbmi,20,1,n25,ann_sew_ce,RECOVERED_PARENT,0.58,0.58,0.15999999999999992,0.5442708333333334
openbmi,20,1,n25,sew_clif_ce,RECOVERED_PARENT,0.66,0.6599999999999999,0.32000000000000006,0.6587715776796468
openbmi,20,1,all,ann_sew_ce,RECOVERED_PARENT,0.62,0.6200000000000001,0.24,0.618627057406664
openbmi,20,1,all,sew_clif_ce,RECOVERED_PARENT,0.68,0.68,0.3600000000000001,0.6753246753246753
openbmi,20,2,n25,soft_clif_exact,REV-E1,0.56,0.56,0.1200000000000001,0.46576007770762506
openbmi,20,2,all,soft_clif_exact,REV-E1,0.64,0.64,0.28,0.6305418719211822
openbmi,20,2,n25,gru_stat,REV-E2,0.63,0.63,0.26,0.5960257670051317
openbmi,20,2,all,gru_stat,REV-E2,0.7,0.7,0.3999999999999999,0.6989160979526294
openbmi,20,2,n25,tcn_stat,REV-E2,0.52,0.52,0.040000000000000036,0.39117199391172
openbmi,20,2,all,tcn_stat,REV-E2,0.67,0.67,0.3400000000000001,0.6515679442508711
openbmi,20,2,n25,ann_sew_equal,REV-E3,0.59,0.5900000000000001,0.17999999999999994,0.5879811074263892
openbmi,20,2,all,ann_sew_equal,REV-E3,0.62,0.62,0.24,0.596774193548387
openbmi,20,2,n25,sew_clif_equal,REV-E3,0.53,0.53,0.06000000000000005,0.4106583072100314
openbmi,20,2,all,sew_clif_equal,REV-E3,0.69,0.69,0.3799999999999999,0.6892230576441103
openbmi,20,2,n25,ann_sew_ce,RECOVERED_PARENT,0.54,0.54,0.08000000000000007,0.524596940884663
openbmi,20,2,n25,sew_clif_ce,RECOVERED_PARENT,0.55,0.55,0.10000000000000009,0.45906959971150385
openbmi,20,2,all,ann_sew_ce,RECOVERED_PARENT,0.61,0.61,0.21999999999999997,0.5793334052421528
openbmi,20,2,all,sew_clif_ce,RECOVERED_PARENT,0.66,0.6599999999999999,0.32000000000000006,0.6594551282051282
openbmi,21,0,n25,soft_clif_exact,REV-E1,0.99,0.99,0.98,0.98999899989999
openbmi,21,0,all,soft_clif_exact,REV-E1,0.98,0.98,0.96,0.9799919967987194
openbmi,21,0,n25,gru_stat,REV-E2,0.94,0.94,0.8799999999999999,0.939783219590526
openbmi,21,0,all,gru_stat,REV-E2,0.99,0.99,0.98,0.98999899989999
openbmi,21,0,n25,tcn_stat,REV-E2,0.95,0.95,0.8999999999999999,0.949874686716792
openbmi,21,0,all,tcn_stat,REV-E2,0.98,0.98,0.96,0.98
openbmi,21,0,n25,ann_sew_equal,REV-E3,0.78,0.78,0.56,0.7708333333333333
openbmi,21,0,all,ann_sew_equal,REV-E3,0.8,0.8,0.6000000000000001,0.7916666666666665
openbmi,21,0,n25,sew_clif_equal,REV-E3,0.98,0.98,0.96,0.9799919967987194
openbmi,21,0,all,sew_clif_equal,REV-E3,0.97,0.97,0.94,0.9699729756781104
openbmi,21,0,n25,ann_sew_ce,RECOVERED_PARENT,0.8,0.8,0.6000000000000001,0.7933030177759404
openbmi,21,0,n25,sew_clif_ce,RECOVERED_PARENT,0.97,0.97,0.94,0.9699729756781104
openbmi,21,0,all,ann_sew_ce,RECOVERED_PARENT,0.79,0.79,0.5800000000000001,0.7803117480908044
openbmi,21,0,all,sew_clif_ce,RECOVERED_PARENT,0.98,0.98,0.96,0.9799919967987194
openbmi,21,1,n25,soft_clif_exact,REV-E1,0.99,0.99,0.98,0.98999899989999
openbmi,21,1,all,soft_clif_exact,REV-E1,1.0,1.0,1.0,1.0
openbmi,21,1,n25,gru_stat,REV-E2,1.0,1.0,1.0,1.0
openbmi,21,1,all,gru_stat,REV-E2,0.99,0.99,0.98,0.98999899989999
openbmi,21,1,n25,tcn_stat,REV-E2,0.99,0.99,0.98,0.98999899989999
openbmi,21,1,all,tcn_stat,REV-E2,0.99,0.99,0.98,0.98999899989999
openbmi,21,1,n25,ann_sew_equal,REV-E3,0.82,0.8200000000000001,0.6399999999999999,0.8164014687882497
openbmi,21,1,all,ann_sew_equal,REV-E3,0.79,0.79,0.5800000000000001,0.7803117480908044
openbmi,21,1,n25,sew_clif_equal,REV-E3,0.98,0.98,0.96,0.9799919967987194
openbmi,21,1,all,sew_clif_equal,REV-E3,0.99,0.99,0.98,0.98999899989999
openbmi,21,1,n25,ann_sew_ce,RECOVERED_PARENT,0.75,0.75,0.5,0.7333333333333334
openbmi,21,1,n25,sew_clif_ce,RECOVERED_PARENT,0.99,0.99,0.98,0.98999899989999
openbmi,21,1,all,ann_sew_ce,RECOVERED_PARENT,0.79,0.79,0.5800000000000001,0.7803117480908044
openbmi,21,1,all,sew_clif_ce,RECOVERED_PARENT,0.98,0.98,0.96,0.9799919967987194
openbmi,21,2,n25,soft_clif_exact,REV-E1,0.97,0.97,0.94,0.9699729756781104
openbmi,21,2,all,soft_clif_exact,REV-E1,0.98,0.98,0.96,0.9799919967987194
openbmi,21,2,n25,gru_stat,REV-E2,0.9,0.9,0.8,0.898989898989899
openbmi,21,2,all,gru_stat,REV-E2,0.92,0.9199999999999999,0.8400000000000001,0.9194847020933978
openbmi,21,2,n25,tcn_stat,REV-E2,0.95,0.95,0.8999999999999999,0.949874686716792
openbmi,21,2,all,tcn_stat,REV-E2,0.95,0.95,0.8999999999999999,0.949874686716792
openbmi,21,2,n25,ann_sew_equal,REV-E3,0.67,0.67,0.3400000000000001,0.6296711929076423
openbmi,21,2,all,ann_sew_equal,REV-E3,0.69,0.69,0.3799999999999999,0.6570417081535568
openbmi,21,2,n25,sew_clif_equal,REV-E3,0.88,0.88,0.76,0.8782467532467533
openbmi,21,2,all,sew_clif_equal,REV-E3,0.9,0.9,0.8,0.898989898989899
openbmi,21,2,n25,ann_sew_ce,RECOVERED_PARENT,0.82,0.8200000000000001,0.6399999999999999,0.8152709359605911
openbmi,21,2,n25,sew_clif_ce,RECOVERED_PARENT,0.96,0.96,0.9199999999999999,0.9599358974358974
openbmi,21,2,all,ann_sew_ce,RECOVERED_PARENT,0.76,0.76,0.52,0.7453310696095077
openbmi,21,2,all,sew_clif_ce,RECOVERED_PARENT,0.86,0.86,0.72,0.8572011423908608
openbmi,22,0,n25,soft_clif_exact,REV-E1,0.74,0.74,0.48,0.7398959583833533
openbmi,22,0,all,soft_clif_exact,REV-E1,0.76,0.76,0.52,0.7564935064935063
openbmi,22,0,n25,gru_stat,REV-E2,0.76,0.76,0.52,0.7599039615846339
openbmi,22,0,all,gru_stat,REV-E2,0.75,0.75,0.5,0.7499749974997499
openbmi,22,0,n25,tcn_stat,REV-E2,0.66,0.66,0.32000000000000006,0.6532027743778049
openbmi,22,0,all,tcn_stat,REV-E2,0.7,0.7,0.3999999999999999,0.6995192307692307
openbmi,22,0,n25,ann_sew_equal,REV-E3,0.56,0.56,0.1200000000000001,0.5555555555555556
openbmi,22,0,all,ann_sew_equal,REV-E3,0.66,0.66,0.32000000000000006,0.6598639455782312
openbmi,22,0,n25,sew_clif_equal,REV-E3,0.68,0.6799999999999999,0.3600000000000001,0.6666666666666667
openbmi,22,0,all,sew_clif_equal,REV-E3,0.75,0.75,0.5,0.7487689679429204
openbmi,22,0,n25,ann_sew_ce,RECOVERED_PARENT,0.64,0.6399999999999999,0.28,0.6386993175431553
openbmi,22,0,n25,sew_clif_ce,RECOVERED_PARENT,0.65,0.65,0.30000000000000004,0.630450849963045
openbmi,22,0,all,ann_sew_ce,RECOVERED_PARENT,0.58,0.58,0.15999999999999992,0.5716034271725826
openbmi,22,0,all,sew_clif_ce,RECOVERED_PARENT,0.7,0.7,0.3999999999999999,0.6899545266639107
openbmi,22,1,n25,soft_clif_exact,REV-E1,0.73,0.73,0.45999999999999996,0.7286704853783539
openbmi,22,1,all,soft_clif_exact,REV-E1,0.78,0.78,0.56,0.7777777777777779
openbmi,22,1,n25,gru_stat,REV-E2,0.71,0.71,0.41999999999999993,0.7013695808876532
openbmi,22,1,all,gru_stat,REV-E2,0.73,0.73,0.45999999999999996,0.7253585596582239
openbmi,22,1,n25,tcn_stat,REV-E2,0.69,0.69,0.3799999999999999,0.6783898744683057
openbmi,22,1,all,tcn_stat,REV-E2,0.72,0.72,0.43999999999999995,0.7144022847817217
openbmi,22,1,n25,ann_sew_equal,REV-E3,0.63,0.63,0.26,0.6236395076797885
openbmi,22,1,all,ann_sew_equal,REV-E3,0.69,0.69,0.3799999999999999,0.6828644501278773
openbmi,22,1,n25,sew_clif_equal,REV-E3,0.69,0.69,0.3799999999999999,0.6807743795695602
openbmi,22,1,all,sew_clif_equal,REV-E3,0.77,0.77,0.54,0.7699769976997699
openbmi,22,1,n25,ann_sew_ce,RECOVERED_PARENT,0.55,0.55,0.10000000000000009,0.4786235662148072
openbmi,22,1,n25,sew_clif_ce,RECOVERED_PARENT,0.73,0.73,0.45999999999999996,0.7277951406391774
openbmi,22,1,all,ann_sew_ce,RECOVERED_PARENT,0.66,0.66,0.32000000000000006,0.6598639455782312
openbmi,22,1,all,sew_clif_ce,RECOVERED_PARENT,0.74,0.74,0.48,0.7373737373737373
openbmi,22,2,n25,soft_clif_exact,REV-E1,0.69,0.69,0.3799999999999999,0.6807743795695602
openbmi,22,2,all,soft_clif_exact,REV-E1,0.81,0.81,0.6200000000000001,0.8076728413807065
openbmi,22,2,n25,gru_stat,REV-E2,0.72,0.72,0.43999999999999995,0.7189883580891208
openbmi,22,2,all,gru_stat,REV-E2,0.78,0.78,0.56,0.7785829307568439
openbmi,22,2,n25,tcn_stat,REV-E2,0.76,0.76,0.52,0.7575757575757576
openbmi,22,2,all,tcn_stat,REV-E2,0.69,0.69,0.3799999999999999,0.6693333333333333
openbmi,22,2,n25,ann_sew_equal,REV-E3,0.59,0.59,0.17999999999999994,0.5670995670995671
openbmi,22,2,all,ann_sew_equal,REV-E3,0.67,0.67,0.3400000000000001,0.66996699669967
openbmi,22,2,n25,sew_clif_equal,REV-E3,0.72,0.72,0.43999999999999995,0.7171717171717171
openbmi,22,2,all,sew_clif_equal,REV-E3,0.82,0.8200000000000001,0.6399999999999999,0.818840579710145
openbmi,22,2,n25,ann_sew_ce,RECOVERED_PARENT,0.6,0.6,0.19999999999999996,0.586606035551881
openbmi,22,2,n25,sew_clif_ce,RECOVERED_PARENT,0.75,0.75,0.5,0.7487689679429204
openbmi,22,2,all,ann_sew_ce,RECOVERED_PARENT,0.69,0.69,0.3799999999999999,0.6783898744683057
openbmi,22,2,all,sew_clif_ce,RECOVERED_PARENT,0.79,0.79,0.5800000000000001,0.7874278773155178
openbmi,23,0,n25,soft_clif_exact,REV-E1,0.74,0.74,0.48,0.7267759562841529
openbmi,23,0,all,soft_clif_exact,REV-E1,0.71,0.71,0.41999999999999993,0.6906666666666665
openbmi,23,0,n25,gru_stat,REV-E2,0.76,0.76,0.52,0.7519636213311285
openbmi,23,0,all,gru_stat,REV-E2,0.67,0.6699999999999999,0.3400000000000001,0.6349153667441089
openbmi,23,0,n25,tcn_stat,REV-E2,0.8,0.8,0.6000000000000001,0.7996794871794872
openbmi,23,0,all,tcn_stat,REV-E2,0.7,0.7,0.3999999999999999,0.6782496782496782
openbmi,23,0,n25,ann_sew_equal,REV-E3,0.67,0.67,0.3400000000000001,0.6643271284711627
openbmi,23,0,all,ann_sew_equal,REV-E3,0.6,0.6,0.19999999999999996,0.5755517826825127
openbmi,23,0,n25,sew_clif_equal,REV-E3,0.72,0.72,0.43999999999999995,0.7083333333333334
openbmi,23,0,all,sew_clif_equal,REV-E3,0.7,0.7,0.3999999999999999,0.6703296703296704
openbmi,23,0,n25,ann_sew_ce,RECOVERED_PARENT,0.66,0.66,0.32000000000000006,0.6427070197562001
openbmi,23,0,n25,sew_clif_ce,RECOVERED_PARENT,0.71,0.71,0.41999999999999993,0.687196634667242
openbmi,23,0,all,ann_sew_ce,RECOVERED_PARENT,0.57,0.5700000000000001,0.1399999999999999,0.5174503422735944
openbmi,23,0,all,sew_clif_ce,RECOVERED_PARENT,0.7,0.7,0.3999999999999999,0.6703296703296704
openbmi,23,1,n25,soft_clif_exact,REV-E1,0.75,0.75,0.5,0.7406369955389562
openbmi,23,1,all,soft_clif_exact,REV-E1,0.7,0.7,0.3999999999999999,0.6782496782496782
openbmi,23,1,n25,gru_stat,REV-E2,0.73,0.73,0.45999999999999996,0.7198879551820727
openbmi,23,1,all,gru_stat,REV-E2,0.68,0.6799999999999999,0.3600000000000001,0.6527777777777779
openbmi,23,1,n25,tcn_stat,REV-E2,0.71,0.71,0.41999999999999993,0.6938021328265231
openbmi,23,1,all,tcn_stat,REV-E2,0.67,0.67,0.3400000000000001,0.6296711929076423
openbmi,23,1,n25,ann_sew_equal,REV-E3,0.65,0.65,0.30000000000000004,0.6266666666666667
openbmi,23,1,all,ann_sew_equal,REV-E3,0.61,0.61,0.21999999999999997,0.568536342515765
openbmi,23,1,n25,sew_clif_equal,REV-E3,0.7,0.7,0.3999999999999999,0.6782496782496782
openbmi,23,1,all,sew_clif_equal,REV-E3,0.69,0.69,0.3799999999999999,0.6656239887822242
openbmi,23,1,n25,ann_sew_ce,RECOVERED_PARENT,0.62,0.62,0.24,0.5634191176470589
openbmi,23,1,n25,sew_clif_ce,RECOVERED_PARENT,0.78,0.78,0.56,0.7742200328407225
openbmi,23,1,all,ann_sew_ce,RECOVERED_PARENT,0.6,0.6,0.19999999999999996,0.5477159656264134
openbmi,23,1,all,sew_clif_ce,RECOVERED_PARENT,0.73,0.73,0.45999999999999996,0.7149192271143491
openbmi,23,2,n25,soft_clif_exact,REV-E1,0.79,0.79,0.5800000000000001,0.7863899908452854
openbmi,23,2,all,soft_clif_exact,REV-E1,0.7,0.7,0.3999999999999999,0.6744791666666667
openbmi,23,2,n25,gru_stat,REV-E2,0.73,0.73,0.45999999999999996,0.712
openbmi,23,2,all,gru_stat,REV-E2,0.75,0.75,0.5,0.7333333333333334
openbmi,23,2,n25,tcn_stat,REV-E2,0.81,0.81,0.6200000000000001,0.8084484323016432
openbmi,23,2,all,tcn_stat,REV-E2,0.63,0.63,0.26,0.5713127099988414
openbmi,23,2,n25,ann_sew_equal,REV-E3,0.64,0.64,0.28,0.6279454319966928
openbmi,23,2,all,ann_sew_equal,REV-E3,0.62,0.62,0.24,0.5824175824175825
openbmi,23,2,n25,sew_clif_equal,REV-E3,0.75,0.75,0.5,0.7406369955389562
openbmi,23,2,all,sew_clif_equal,REV-E3,0.71,0.71,0.41999999999999993,0.6833715471121302
openbmi,23,2,n25,ann_sew_ce,RECOVERED_PARENT,0.6,0.6,0.19999999999999996,0.5920032639738881
openbmi,23,2,n25,sew_clif_ce,RECOVERED_PARENT,0.8,0.8,0.6000000000000001,0.797979797979798
openbmi,23,2,all,ann_sew_ce,RECOVERED_PARENT,0.63,0.63,0.26,0.6053333333333333
openbmi,23,2,all,sew_clif_ce,RECOVERED_PARENT,0.71,0.71,0.41999999999999993,0.6833715471121302
openbmi,24,0,n25,soft_clif_exact,REV-E1,0.55,0.55,0.10000000000000009,0.4786235662148072
openbmi,24,0,all,soft_clif_exact,REV-E1,0.55,0.55,0.10000000000000009,0.4871794871794872
openbmi,24,0,n25,gru_stat,REV-E2,0.58,0.58,0.15999999999999992,0.5442708333333334
openbmi,24,0,all,gru_stat,REV-E2,0.58,0.58,0.15999999999999992,0.5
openbmi,24,0,n25,tcn_stat,REV-E2,0.55,0.55,0.10000000000000009,0.4357366771159875
openbmi,24,0,all,tcn_stat,REV-E2,0.53,0.53,0.06000000000000005,0.4106583072100314
openbmi,24,0,n25,ann_sew_equal,REV-E3,0.49,0.49,-0.020000000000000018,0.44989752993204624
openbmi,24,0,all,ann_sew_equal,REV-E3,0.59,0.5900000000000001,0.17999999999999994,0.5746446726838883
openbmi,24,0,n25,sew_clif_equal,REV-E3,0.59,0.59,0.17999999999999994,0.516452411841019
openbmi,24,0,all,sew_clif_equal,REV-E3,0.57,0.57,0.1399999999999999,0.483110950835437
openbmi,24,0,n25,ann_sew_ce,RECOVERED_PARENT,0.56,0.56,0.1200000000000001,0.548440065681445
openbmi,24,0,n25,sew_clif_ce,RECOVERED_PARENT,0.56,0.56,0.1200000000000001,0.5098039215686274
openbmi,24,0,all,ann_sew_ce,RECOVERED_PARENT,0.58,0.58,0.15999999999999992,0.5
openbmi,24,0,all,sew_clif_ce,RECOVERED_PARENT,0.57,0.57,0.1399999999999999,0.4928647246137516
openbmi,24,1,n25,soft_clif_exact,REV-E1,0.64,0.64,0.28,0.6347402597402597
openbmi,24,1,all,soft_clif_exact,REV-E1,0.52,0.52,0.040000000000000036,0.52
openbmi,24,1,n25,gru_stat,REV-E2,0.52,0.52,0.040000000000000036,0.5104039167686658
openbmi,24,1,all,gru_stat,REV-E2,0.53,0.53,0.06000000000000005,0.4106583072100314
openbmi,24,1,n25,tcn_stat,REV-E2,0.55,0.55,0.10000000000000009,0.5396419437340153
openbmi,24,1,all,tcn_stat,REV-E2,0.54,0.54,0.08000000000000007,0.4414764448761534
openbmi,24,1,n25,ann_sew_equal,REV-E3,0.49,0.49,-0.020000000000000018,0.4615140956604371
openbmi,24,1,all,ann_sew_equal,REV-E3,0.52,0.52,0.040000000000000036,0.43899018232819076
openbmi,24,1,n25,sew_clif_equal,REV-E3,0.5,0.5,0.0,0.40476190476190477
openbmi,24,1,all,sew_clif_equal,REV-E3,0.55,0.55,0.10000000000000009,0.4786235662148072
openbmi,24,1,n25,ann_sew_ce,RECOVERED_PARENT,0.49,0.49,-0.020000000000000018,0.4357782940590773
openbmi,24,1,n25,sew_clif_ce,RECOVERED_PARENT,0.52,0.52,0.040000000000000036,0.4485294117647059
openbmi,24,1,all,ann_sew_ce,RECOVERED_PARENT,0.54,0.54,0.08000000000000007,0.4875222816399287
openbmi,24,1,all,sew_clif_ce,RECOVERED_PARENT,0.55,0.55,0.10000000000000009,0.4950061721467849
openbmi,24,2,n25,soft_clif_exact,REV-E1,0.61,0.61,0.21999999999999997,0.60996099609961
openbmi,24,2,all,soft_clif_exact,REV-E1,0.58,0.58,0.15999999999999992,0.5442708333333334
openbmi,24,2,n25,gru_stat,REV-E2,0.57,0.5700000000000001,0.1399999999999999,0.567882624861823
openbmi,24,2,all,gru_stat,REV-E2,0.55,0.55,0.10000000000000009,0.5422642660970399
openbmi,24,2,n25,tcn_stat,REV-E2,0.63,0.63,0.26,0.6299629962996299
openbmi,24,2,all,tcn_stat,REV-E2,0.58,0.5800000000000001,0.15999999999999992,0.565936337329475
openbmi,24,2,n25,ann_sew_equal,REV-E3,0.51,0.51,0.020000000000000018,0.5039983804028748
openbmi,24,2,all,ann_sew_equal,REV-E3,0.56,0.56,0.1200000000000001,0.5584102769971899
openbmi,24,2,n25,sew_clif_equal,REV-E3,0.57,0.5700000000000001,0.1399999999999999,0.50997150997151
openbmi,24,2,all,sew_clif_equal,REV-E3,0.56,0.56,0.1200000000000001,0.5416666666666666
openbmi,24,2,n25,ann_sew_ce,RECOVERED_PARENT,0.51,0.51,0.020000000000000018,0.5075871771681238
openbmi,24,2,n25,sew_clif_ce,RECOVERED_PARENT,0.58,0.58,0.15999999999999992,0.5543293718166383
openbmi,24,2,all,ann_sew_ce,RECOVERED_PARENT,0.54,0.54,0.08000000000000007,0.5392628205128205
openbmi,24,2,all,sew_clif_ce,RECOVERED_PARENT,0.56,0.56,0.1200000000000001,0.5164835164835164
openbmi,25,0,n25,soft_clif_exact,REV-E1,0.64,0.64,0.28,0.6376811594202898
openbmi,25,0,all,soft_clif_exact,REV-E1,0.61,0.61,0.21999999999999997,0.6068152031454783
openbmi,25,0,n25,gru_stat,REV-E2,0.55,0.55,0.10000000000000009,0.5477841422972565
openbmi,25,0,all,gru_stat,REV-E2,0.54,0.54,0.08000000000000007,0.5383380168606985
openbmi,25,0,n25,tcn_stat,REV-E2,0.57,0.5700000000000001,0.1399999999999999,0.5696126513862476
openbmi,25,0,all,tcn_stat,REV-E2,0.56,0.5599999999999999,0.1200000000000001,0.5512035903712771
openbmi,25,0,n25,ann_sew_equal,REV-E3,0.57,0.57,0.1399999999999999,0.562608076492727
openbmi,25,0,all,ann_sew_equal,REV-E3,0.57,0.5700000000000001,0.1399999999999999,0.5696126513862476
openbmi,25,0,n25,sew_clif_equal,REV-E3,0.6,0.6000000000000001,0.19999999999999996,0.5993589743589743
openbmi,25,0,all,sew_clif_equal,REV-E3,0.6,0.6000000000000001,0.19999999999999996,0.5974235104669887
openbmi,25,0,n25,ann_sew_ce,RECOVERED_PARENT,0.58,0.5800000000000001,0.15999999999999992,0.5772946859903382
openbmi,25,0,n25,sew_clif_ce,RECOVERED_PARENT,0.59,0.59,0.17999999999999994,0.5805626598465473
openbmi,25,0,all,ann_sew_ce,RECOVERED_PARENT,0.6,0.6,0.19999999999999996,0.6
openbmi,25,0,all,sew_clif_ce,RECOVERED_PARENT,0.6,0.6,0.19999999999999996,0.5998399359743898
openbmi,25,1,n25,soft_clif_exact,REV-E1,0.54,0.54,0.08000000000000007,0.524596940884663
openbmi,25,1,all,soft_clif_exact,REV-E1,0.49,0.49,-0.020000000000000018,0.48872180451127817
openbmi,25,1,n25,gru_stat,REV-E2,0.52,0.52,0.040000000000000036,0.512987012987013
openbmi,25,1,all,gru_stat,REV-E2,0.54,0.54,0.08000000000000007,0.5398159263705482
openbmi,25,1,n25,tcn_stat,REV-E2,0.51,0.51,0.020000000000000018,0.4916485112563544
openbmi,25,1,all,tcn_stat,REV-E2,0.52,0.52,0.040000000000000036,0.5198079231692677
openbmi,25,1,n25,ann_sew_equal,REV-E3,0.49,0.49,-0.020000000000000018,0.45599999999999996
openbmi,25,1,all,ann_sew_equal,REV-E3,0.53,0.53,0.06000000000000005,0.5299529952995299
openbmi,25,1,n25,sew_clif_equal,REV-E3,0.52,0.52,0.040000000000000036,0.4851994851994852
openbmi,25,1,all,sew_clif_equal,REV-E3,0.55,0.55,0.10000000000000009,0.54995499549955
openbmi,25,1,n25,ann_sew_ce,RECOVERED_PARENT,0.49,0.49,-0.020000000000000018,0.45599999999999996
openbmi,25,1,n25,sew_clif_ce,RECOVERED_PARENT,0.49,0.49,-0.020000000000000018,0.46647138822052514
openbmi,25,1,all,ann_sew_ce,RECOVERED_PARENT,0.51,0.51,0.020000000000000018,0.5059985885673959
openbmi,25,1,all,sew_clif_ce,RECOVERED_PARENT,0.56,0.56,0.1200000000000001,0.5592948717948718
openbmi,25,2,n25,soft_clif_exact,REV-E1,0.56,0.56,0.1200000000000001,0.548440065681445
openbmi,25,2,all,soft_clif_exact,REV-E1,0.55,0.55,0.10000000000000009,0.5331465919701215
openbmi,25,2,n25,gru_stat,REV-E2,0.53,0.53,0.06000000000000005,0.5242433444680635
openbmi,25,2,all,gru_stat,REV-E2,0.52,0.52,0.040000000000000036,0.49066213921901536
openbmi,25,2,n25,tcn_stat,REV-E2,0.56,0.56,0.1200000000000001,0.5592948717948718
openbmi,25,2,all,tcn_stat,REV-E2,0.56,0.5599999999999999,0.1200000000000001,0.4857410004675081
openbmi,25,2,n25,ann_sew_equal,REV-E3,0.55,0.55,0.10000000000000009,0.5463252343986289
openbmi,25,2,all,ann_sew_equal,REV-E3,0.6,0.6,0.19999999999999996,0.5998399359743898
openbmi,25,2,n25,sew_clif_equal,REV-E3,0.55,0.55,0.10000000000000009,0.5444883085332524
openbmi,25,2,all,sew_clif_equal,REV-E3,0.57,0.5700000000000001,0.1399999999999999,0.5242836596968691
openbmi,25,2,n25,ann_sew_ce,RECOVERED_PARENT,0.55,0.55,0.10000000000000009,0.5488721804511277
openbmi,25,2,n25,sew_clif_ce,RECOVERED_PARENT,0.58,0.58,0.15999999999999992,0.5716034271725826
openbmi,25,2,all,ann_sew_ce,RECOVERED_PARENT,0.6,0.6000000000000001,0.19999999999999996,0.5974235104669887
openbmi,25,2,all,sew_clif_ce,RECOVERED_PARENT,0.57,0.5700000000000001,0.1399999999999999,0.5459824728117411
openbmi,26,0,n25,soft_clif_exact,REV-E1,0.58,0.5800000000000001,0.15999999999999992,0.5798319327731092
openbmi,26,0,all,soft_clif_exact,REV-E1,0.54,0.54,0.08000000000000007,0.5208333333333333
openbmi,26,0,n25,gru_stat,REV-E2,0.5,0.5,0.0,0.47916666666666663
openbmi,26,0,all,gru_stat,REV-E2,0.62,0.6200000000000001,0.24,0.618627057406664
openbmi,26,0,n25,tcn_stat,REV-E2,0.53,0.53,0.06000000000000005,0.5276856597326902
openbmi,26,0,all,tcn_stat,REV-E2,0.58,0.5800000000000001,0.15999999999999992,0.5798319327731092
openbmi,26,0,n25,ann_sew_equal,REV-E3,0.45,0.45,-0.09999999999999998,0.4294013901857039
openbmi,26,0,all,ann_sew_equal,REV-E3,0.5,0.5,0.0,0.42555147058823534
openbmi,26,0,n25,sew_clif_equal,REV-E3,0.58,0.5800000000000001,0.15999999999999992,0.5784825371336814
openbmi,26,0,all,sew_clif_equal,REV-E3,0.63,0.63,0.26,0.629666700030027
openbmi,26,0,n25,ann_sew_ce,RECOVERED_PARENT,0.5,0.5,0.0,0.486863711001642
openbmi,26,0,n25,sew_clif_ce,RECOVERED_PARENT,0.58,0.5800000000000001,0.15999999999999992,0.5793269230769231
openbmi,26,0,all,ann_sew_ce,RECOVERED_PARENT,0.51,0.51,0.020000000000000018,0.4650070968446337
openbmi,26,0,all,sew_clif_ce,RECOVERED_PARENT,0.67,0.6699999999999999,0.3400000000000001,0.667305171892328
openbmi,26,1,n25,soft_clif_exact,REV-E1,0.52,0.52,0.040000000000000036,0.5169082125603865
openbmi,26,1,all,soft_clif_exact,REV-E1,0.58,0.5800000000000001,0.15999999999999992,0.5798319327731092
openbmi,26,1,n25,gru_stat,REV-E2,0.47,0.47,-0.06000000000000005,0.4608890245142916
openbmi,26,1,all,gru_stat,REV-E2,0.48,0.48,-0.040000000000000036,0.4747474747474748
openbmi,26,1,n25,tcn_stat,REV-E2,0.51,0.51,0.020000000000000018,0.50995099509951
openbmi,26,1,all,tcn_stat,REV-E2,0.56,0.56,0.1200000000000001,0.5584102769971899
openbmi,26,1,n25,ann_sew_equal,REV-E3,0.54,0.54,0.08000000000000007,0.5208333333333333
openbmi,26,1,all,ann_sew_equal,REV-E3,0.48,0.48,-0.040000000000000036,0.4422994422994423
openbmi,26,1,n25,sew_clif_equal,REV-E3,0.6,0.6,0.19999999999999996,0.5920032639738881
openbmi,26,1,all,sew_clif_equal,REV-E3,0.58,0.58,0.15999999999999992,0.5543293718166383
openbmi,26,1,n25,ann_sew_ce,RECOVERED_PARENT,0.56,0.56,0.1200000000000001,0.5416666666666666
openbmi,26,1,n25,sew_clif_ce,RECOVERED_PARENT,0.57,0.57,0.1399999999999999,0.5601023017902813
openbmi,26,1,all,ann_sew_ce,RECOVERED_PARENT,0.51,0.51,0.020000000000000018,0.4221016629319495
openbmi,26,1,all,sew_clif_ce,RECOVERED_PARENT,0.6,0.6,0.19999999999999996,0.586606035551881
openbmi,26,2,n25,soft_clif_exact,REV-E1,0.49,0.49,-0.020000000000000018,0.47089947089947093
openbmi,26,2,all,soft_clif_exact,REV-E1,0.56,0.56,0.1200000000000001,0.5584102769971899
openbmi,26,2,n25,gru_stat,REV-E2,0.51,0.51,0.020000000000000018,0.5059985885673959
openbmi,26,2,all,gru_stat,REV-E2,0.54,0.54,0.08000000000000007,0.5208333333333333
openbmi,26,2,n25,tcn_stat,REV-E2,0.51,0.51,0.020000000000000018,0.50995099509951
openbmi,26,2,all,tcn_stat,REV-E2,0.56,0.56,0.1200000000000001,0.537620849096259
openbmi,26,2,n25,ann_sew_equal,REV-E3,0.48,0.48,-0.040000000000000036,0.45355191256830596
openbmi,26,2,all,ann_sew_equal,REV-E3,0.55,0.55,0.10000000000000009,0.52
openbmi,26,2,n25,sew_clif_equal,REV-E3,0.5,0.5,0.0,0.49979991996798717
openbmi,26,2,all,sew_clif_equal,REV-E3,0.52,0.52,0.040000000000000036,0.4572591587516961
openbmi,26,2,n25,ann_sew_ce,RECOVERED_PARENT,0.47,0.47000000000000003,-0.06000000000000005,0.44554869756250653
openbmi,26,2,n25,sew_clif_ce,RECOVERED_PARENT,0.5,0.5,0.0,0.49000407996736023
openbmi,26,2,all,ann_sew_ce,RECOVERED_PARENT,0.47,0.47,-0.06000000000000005,0.42133420679113437
openbmi,26,2,all,sew_clif_ce,RECOVERED_PARENT,0.58,0.58,0.15999999999999992,0.5543293718166383
openbmi,27,0,n25,soft_clif_exact,REV-E1,0.46,0.46,-0.07999999999999996,0.46
openbmi,27,0,all,soft_clif_exact,REV-E1,0.5,0.5,0.0,0.486863711001642
openbmi,27,0,n25,gru_stat,REV-E2,0.42,0.42000000000000004,-0.16000000000000003,0.41907051282051283
openbmi,27,0,all,gru_stat,REV-E2,0.48,0.48,-0.040000000000000036,0.4357638888888889
openbmi,27,0,n25,tcn_stat,REV-E2,0.48,0.48,-0.040000000000000036,0.46258784621744525
openbmi,27,0,all,tcn_stat,REV-E2,0.46,0.45999999999999996,-0.07999999999999996,0.3688639551192146
openbmi,27,0,n25,ann_sew_equal,REV-E3,0.6,0.6000000000000001,0.19999999999999996,0.5993589743589743
openbmi,27,0,all,ann_sew_equal,REV-E3,0.6,0.6,0.19999999999999996,0.5998399359743898
openbmi,27,0,n25,sew_clif_equal,REV-E3,0.45,0.44999999999999996,-0.09999999999999998,0.4373401534526854
openbmi,27,0,all,sew_clif_equal,REV-E3,0.51,0.51,0.020000000000000018,0.4650070968446337
openbmi,27,0,n25,ann_sew_ce,RECOVERED_PARENT,0.54,0.54,0.08000000000000007,0.5166036149642708
openbmi,27,0,n25,sew_clif_ce,RECOVERED_PARENT,0.47,0.47000000000000003,-0.06000000000000005,0.4136519526496294
openbmi,27,0,all,ann_sew_ce,RECOVERED_PARENT,0.58,0.58,0.15999999999999992,0.5716034271725826
openbmi,27,0,all,sew_clif_ce,RECOVERED_PARENT,0.5,0.5,0.0,0.4574652777777778
openbmi,27,1,n25,soft_clif_exact,REV-E1,0.49,0.49,-0.020000000000000018,0.40910670837678137
openbmi,27,1,all,soft_clif_exact,REV-E1,0.5,0.5,0.0,0.40476190476190477
openbmi,27,1,n25,gru_stat,REV-E2,0.5,0.5,0.0,0.42555147058823534
openbmi,27,1,all,gru_stat,REV-E2,0.51,0.51,0.020000000000000018,0.4109868974636375
openbmi,27,1,n25,tcn_stat,REV-E2,0.49,0.49,-0.020000000000000018,0.37430990062569014
openbmi,27,1,all,tcn_stat,REV-E2,0.53,0.53,0.06000000000000005,0.43502824858757067
openbmi,27,1,n25,ann_sew_equal,REV-E3,0.53,0.53,0.06000000000000005,0.46438746438746437
openbmi,27,1,all,ann_sew_equal,REV-E3,0.56,0.56,0.1200000000000001,0.46576007770762506
openbmi,27,1,n25,sew_clif_equal,REV-E3,0.51,0.51,0.020000000000000018,0.4109868974636375
openbmi,27,1,all,sew_clif_equal,REV-E3,0.49,0.49,-0.020000000000000018,0.38694554633970435
openbmi,27,1,n25,ann_sew_ce,RECOVERED_PARENT,0.53,0.53,0.06000000000000005,0.4725620020199753
openbmi,27,1,n25,sew_clif_ce,RECOVERED_PARENT,0.52,0.52,0.040000000000000036,0.46524064171123003
openbmi,27,1,all,ann_sew_ce,RECOVERED_PARENT,0.56,0.56,0.1200000000000001,0.5416666666666666
openbmi,27,1,all,sew_clif_ce,RECOVERED_PARENT,0.49,0.49,-0.020000000000000018,0.37430990062569014
openbmi,27,2,n25,soft_clif_exact,REV-E1,0.5,0.5,0.0,0.47456914670029426
openbmi,27,2,all,soft_clif_exact,REV-E1,0.51,0.51,0.020000000000000018,0.5075871771681238
openbmi,27,2,n25,gru_stat,REV-E2,0.53,0.53,0.06000000000000005,0.5191815856777493
openbmi,27,2,all,gru_stat,REV-E2,0.52,0.52,0.040000000000000036,0.4851994851994852
openbmi,27,2,n25,tcn_stat,REV-E2,0.51,0.51,0.020000000000000018,0.49541756770672435
openbmi,27,2,all,tcn_stat,REV-E2,0.48,0.48,-0.040000000000000036,0.4422994422994423
openbmi,27,2,n25,ann_sew_equal,REV-E3,0.53,0.53,0.06000000000000005,0.5276856597326902
openbmi,27,2,all,ann_sew_equal,REV-E3,0.61,0.61,0.21999999999999997,0.5983935742971889
openbmi,27,2,n25,sew_clif_equal,REV-E3,0.52,0.52,0.040000000000000036,0.4725274725274725
openbmi,27,2,all,sew_clif_equal,REV-E3,0.54,0.54,0.08000000000000007,0.5066495066495066
openbmi,27,2,n25,ann_sew_ce,RECOVERED_PARENT,0.51,0.51,0.020000000000000018,0.5095586027424682
openbmi,27,2,n25,sew_clif_ce,RECOVERED_PARENT,0.55,0.55,0.10000000000000009,0.5021573182874212
openbmi,27,2,all,ann_sew_ce,RECOVERED_PARENT,0.56,0.5599999999999999,0.1200000000000001,0.5512035903712771
openbmi,27,2,all,sew_clif_ce,RECOVERED_PARENT,0.52,0.52,0.040000000000000036,0.42857142857142855
openbmi,28,0,n25,soft_clif_exact,REV-E1,0.93,0.9299999999999999,0.8600000000000001,0.9299929992999301
openbmi,28,0,all,soft_clif_exact,REV-E1,0.92,0.9199999999999999,0.8400000000000001,0.9198717948717948
openbmi,28,0,n25,gru_stat,REV-E2,0.91,0.91,0.8200000000000001,0.90999099909991
openbmi,28,0,all,gru_stat,REV-E2,0.94,0.94,0.8799999999999999,0.9399038461538463
openbmi,28,0,n25,tcn_stat,REV-E2,0.91,0.9099999999999999,0.8200000000000001,0.9097744360902256
openbmi,28,0,all,tcn_stat,REV-E2,0.95,0.95,0.8999999999999999,0.949874686716792
openbmi,28,0,n25,ann_sew_equal,REV-E3,0.78,0.78,0.56,0.78
openbmi,28,0,all,ann_sew_equal,REV-E3,0.77,0.77,0.54,0.7647058823529411
openbmi,28,0,n25,sew_clif_equal,REV-E3,0.93,0.9299999999999999,0.8600000000000001,0.9299369432489241
openbmi,28,0,all,sew_clif_equal,REV-E3,0.94,0.94,0.8799999999999999,0.939783219590526
openbmi,28,0,n25,ann_sew_ce,RECOVERED_PARENT,0.72,0.72,0.43999999999999995,0.7057587221521648
openbmi,28,0,n25,sew_clif_ce,RECOVERED_PARENT,0.92,0.9199999999999999,0.8400000000000001,0.9198717948717948
openbmi,28,0,all,ann_sew_ce,RECOVERED_PARENT,0.74,0.74,0.48,0.7312939231087227
openbmi,28,0,all,sew_clif_ce,RECOVERED_PARENT,0.94,0.94,0.8799999999999999,0.9399038461538463
openbmi,28,1,n25,soft_clif_exact,REV-E1,0.95,0.95,0.8999999999999999,0.9499949994999499
openbmi,28,1,all,soft_clif_exact,REV-E1,0.95,0.95,0.8999999999999999,0.949954959463517
openbmi,28,1,n25,gru_stat,REV-E2,0.94,0.94,0.8799999999999999,0.939783219590526
openbmi,28,1,all,gru_stat,REV-E2,0.96,0.96,0.9199999999999999,0.9599358974358974
openbmi,28,1,n25,tcn_stat,REV-E2,0.95,0.95,0.8999999999999999,0.949874686716792
openbmi,28,1,all,tcn_stat,REV-E2,0.98,0.98,0.96,0.98
openbmi,28,1,n25,ann_sew_equal,REV-E3,0.77,0.77,0.54,0.7694235588972431
openbmi,28,1,all,ann_sew_equal,REV-E3,0.76,0.76,0.52,0.7596153846153846
openbmi,28,1,n25,sew_clif_equal,REV-E3,0.96,0.96,0.9199999999999999,0.959983993597439
openbmi,28,1,all,sew_clif_equal,REV-E3,0.95,0.95,0.8999999999999999,0.9499949994999499
openbmi,28,1,n25,ann_sew_ce,RECOVERED_PARENT,0.8,0.8,0.6000000000000001,0.7999199679871949
openbmi,28,1,n25,sew_clif_ce,RECOVERED_PARENT,0.97,0.97,0.94,0.96999699969997
openbmi,28,1,all,ann_sew_ce,RECOVERED_PARENT,0.79,0.79,0.5800000000000001,0.7889659330720531
openbmi,28,1,all,sew_clif_ce,RECOVERED_PARENT,0.97,0.97,0.94,0.96999699969997
openbmi,28,2,n25,soft_clif_exact,REV-E1,0.94,0.94,0.8799999999999999,0.9399038461538463
openbmi,28,2,all,soft_clif_exact,REV-E1,0.96,0.96,0.9199999999999999,0.9599358974358974
openbmi,28,2,n25,gru_stat,REV-E2,0.95,0.95,0.8999999999999999,0.9499949994999499
openbmi,28,2,all,gru_stat,REV-E2,0.94,0.94,0.8799999999999999,0.939783219590526
openbmi,28,2,n25,tcn_stat,REV-E2,0.9,0.8999999999999999,0.8,0.8996386993175431
openbmi,28,2,all,tcn_stat,REV-E2,0.95,0.95,0.8999999999999999,0.949874686716792
openbmi,28,2,n25,ann_sew_equal,REV-E3,0.82,0.8200000000000001,0.6399999999999999,0.8193496587715776
openbmi,28,2,all,ann_sew_equal,REV-E3,0.79,0.79,0.5800000000000001,0.7882851093860268
openbmi,28,2,n25,sew_clif_equal,REV-E3,0.95,0.95,0.8999999999999999,0.9499949994999499
openbmi,28,2,all,sew_clif_equal,REV-E3,0.99,0.99,0.98,0.98999899989999
openbmi,28,2,n25,ann_sew_ce,RECOVERED_PARENT,0.76,0.76,0.52,0.7564935064935063
openbmi,28,2,n25,sew_clif_ce,RECOVERED_PARENT,0.98,0.98,0.96,0.9799919967987194
openbmi,28,2,all,ann_sew_ce,RECOVERED_PARENT,0.78,0.78,0.56,0.7726333195535344
openbmi,28,2,all,sew_clif_ce,RECOVERED_PARENT,0.98,0.98,0.96,0.98
openbmi,29,0,n25,soft_clif_exact,REV-E1,0.88,0.88,0.76,0.8782467532467533
openbmi,29,0,all,soft_clif_exact,REV-E1,0.87,0.87,0.74,0.8689384010484928
openbmi,29,0,n25,gru_stat,REV-E2,0.85,0.85,0.7,0.8474214220323468
openbmi,29,0,all,gru_stat,REV-E2,0.91,0.9099999999999999,0.8200000000000001,0.9095568284594513
openbmi,29,0,n25,tcn_stat,REV-E2,0.84,0.84,0.6799999999999999,0.8368013055895552
openbmi,29,0,all,tcn_stat,REV-E2,0.93,0.9299999999999999,0.8600000000000001,0.9299369432489241
openbmi,29,0,n25,ann_sew_equal,REV-E3,0.76,0.76,0.52,0.7453310696095077
openbmi,29,0,all,ann_sew_equal,REV-E3,0.84,0.8400000000000001,0.6799999999999999,0.839421918908069
openbmi,29,0,n25,sew_clif_equal,REV-E3,0.8,0.8,0.6000000000000001,0.7916666666666665
openbmi,29,0,all,sew_clif_equal,REV-E3,0.91,0.9099999999999999,0.8200000000000001,0.9095568284594513
openbmi,29,0,n25,ann_sew_ce,RECOVERED_PARENT,0.79,0.79,0.5800000000000001,0.7821350762527233
openbmi,29,0,n25,sew_clif_ce,RECOVERED_PARENT,0.87,0.87,0.74,0.868407733576273
openbmi,29,0,all,ann_sew_ce,RECOVERED_PARENT,0.82,0.8200000000000001,0.6399999999999999,0.818840579710145
openbmi,29,0,all,sew_clif_ce,RECOVERED_PARENT,0.9,0.8999999999999999,0.8,0.8993558776167472
openbmi,29,1,n25,soft_clif_exact,REV-E1,0.91,0.9099999999999999,0.8200000000000001,0.9097744360902256
openbmi,29,1,all,soft_clif_exact,REV-E1,0.89,0.89,0.78,0.8891017239641092
openbmi,29,1,n25,gru_stat,REV-E2,0.93,0.9299999999999999,0.8600000000000001,0.9299929992999301
openbmi,29,1,all,gru_stat,REV-E2,0.87,0.87,0.74,0.868407733576273
openbmi,29,1,n25,tcn_stat,REV-E2,0.87,0.87,0.74,0.8689384010484928
openbmi,29,1,all,tcn_stat,REV-E2,0.85,0.85,0.7,0.848162769511084
openbmi,29,1,n25,ann_sew_equal,REV-E3,0.78,0.78,0.56,0.7742200328407225
openbmi,29,1,all,ann_sew_equal,REV-E3,0.87,0.87,0.74,0.8693598633303186
openbmi,29,1,n25,sew_clif_equal,REV-E3,0.87,0.87,0.74,0.868407733576273
openbmi,29,1,all,sew_clif_equal,REV-E3,0.86,0.86,0.72,0.8585858585858586
openbmi,29,1,n25,ann_sew_ce,RECOVERED_PARENT,0.81,0.81,0.6200000000000001,0.8076728413807065
openbmi,29,1,n25,sew_clif_ce,RECOVERED_PARENT,0.9,0.8999999999999999,0.8,0.8996386993175431
openbmi,29,1,all,ann_sew_ce,RECOVERED_PARENT,0.8,0.8,0.6000000000000001,0.794745484400657
openbmi,29,1,all,sew_clif_ce,RECOVERED_PARENT,0.82,0.8200000000000001,0.6399999999999999,0.8152709359605911
openbmi,29,2,n25,soft_clif_exact,REV-E1,0.94,0.94,0.8799999999999999,0.9399038461538463
openbmi,29,2,all,soft_clif_exact,REV-E1,0.92,0.9199999999999999,0.8400000000000001,0.9198717948717948
openbmi,29,2,n25,gru_stat,REV-E2,0.92,0.9199999999999999,0.8400000000000001,0.9198717948717948
openbmi,29,2,all,gru_stat,REV-E2,0.83,0.8300000000000001,0.6599999999999999,0.8260869565217391
openbmi,29,2,n25,tcn_stat,REV-E2,0.93,0.9299999999999999,0.8600000000000001,0.9298245614035088
openbmi,29,2,all,tcn_stat,REV-E2,0.79,0.79,0.5800000000000001,0.7821350762527233
openbmi,29,2,n25,ann_sew_equal,REV-E3,0.86,0.86,0.72,0.8599439775910365
openbmi,29,2,all,ann_sew_equal,REV-E3,0.88,0.88,0.76,0.8792270531400966
openbmi,29,2,n25,sew_clif_equal,REV-E3,0.95,0.95,0.8999999999999999,0.9499949994999499
openbmi,29,2,all,sew_clif_equal,REV-E3,0.91,0.9099999999999999,0.8200000000000001,0.9095568284594513
openbmi,29,2,n25,ann_sew_ce,RECOVERED_PARENT,0.84,0.8400000000000001,0.6799999999999999,0.839421918908069
openbmi,29,2,n25,sew_clif_ce,RECOVERED_PARENT,0.93,0.9299999999999999,0.8600000000000001,0.9299369432489241
openbmi,29,2,all,ann_sew_ce,RECOVERED_PARENT,0.84,0.8400000000000001,0.6799999999999999,0.839421918908069
openbmi,29,2,all,sew_clif_ce,RECOVERED_PARENT,0.92,0.9199999999999999,0.8400000000000001,0.9197109594540345
openbmi,30,0,n25,soft_clif_exact,REV-E1,0.63,0.63,0.26,0.6129302228266555
openbmi,30,0,all,soft_clif_exact,REV-E1,0.69,0.6900000000000001,0.3799999999999999,0.6726850385386971
openbmi,30,0,n25,gru_stat,REV-E2,0.71,0.71,0.41999999999999993,0.69662098545873
openbmi,30,0,all,gru_stat,REV-E2,0.7,0.7,0.3999999999999999,0.6847414880201765
openbmi,30,0,n25,tcn_stat,REV-E2,0.72,0.72,0.43999999999999995,0.7159090909090909
openbmi,30,0,all,tcn_stat,REV-E2,0.77,0.77,0.54,0.7699769976997699
openbmi,30,0,n25,ann_sew_equal,REV-E3,0.74,0.74,0.48,0.7291666666666666
openbmi,30,0,all,ann_sew_equal,REV-E3,0.72,0.72,0.43999999999999995,0.7159090909090909
openbmi,30,0,n25,sew_clif_equal,REV-E3,0.74,0.74,0.48,0.7395833333333335
openbmi,30,0,all,sew_clif_equal,REV-E3,0.77,0.77,0.54,0.7694235588972431
openbmi,30,0,n25,ann_sew_ce,RECOVERED_PARENT,0.73,0.73,0.45999999999999996,0.7253585596582239
openbmi,30,0,n25,sew_clif_ce,RECOVERED_PARENT,0.75,0.75,0.5,0.7479584635547939
openbmi,30,0,all,ann_sew_ce,RECOVERED_PARENT,0.75,0.75,0.5,0.7493734335839599
openbmi,30,0,all,sew_clif_ce,RECOVERED_PARENT,0.69,0.69,0.3799999999999999,0.6897207486738064
openbmi,30,1,n25,soft_clif_exact,REV-E1,0.75,0.75,0.5,0.7493734335839599
openbmi,30,1,all,soft_clif_exact,REV-E1,0.74,0.74,0.48,0.7312939231087227
openbmi,30,1,n25,gru_stat,REV-E2,0.74,0.74,0.48,0.7398959583833533
openbmi,30,1,all,gru_stat,REV-E2,0.71,0.71,0.41999999999999993,0.7097387648883996
openbmi,30,1,n25,tcn_stat,REV-E2,0.72,0.72,0.43999999999999995,0.7181964573268922
openbmi,30,1,all,tcn_stat,REV-E2,0.72,0.72,0.43999999999999995,0.7159090909090909
openbmi,30,1,n25,ann_sew_equal,REV-E3,0.71,0.71,0.41999999999999993,0.7076318177235609
openbmi,30,1,all,ann_sew_equal,REV-E3,0.78,0.78,0.56,0.7767857142857144
openbmi,30,1,n25,sew_clif_equal,REV-E3,0.75,0.75,0.5,0.7499749974997499
openbmi,30,1,all,sew_clif_equal,REV-E3,0.71,0.71,0.41999999999999993,0.7092731829573935
openbmi,30,1,n25,ann_sew_ce,RECOVERED_PARENT,0.67,0.6699999999999999,0.3400000000000001,0.667305171892328
openbmi,30,1,n25,sew_clif_ce,RECOVERED_PARENT,0.67,0.6699999999999999,0.3400000000000001,0.6697027324592133
openbmi,30,1,all,ann_sew_ce,RECOVERED_PARENT,0.77,0.77,0.54,0.7688674505074867
openbmi,30,1,all,sew_clif_ce,RECOVERED_PARENT,0.75,0.75,0.5,0.7469379491851402
openbmi,30,2,n25,soft_clif_exact,REV-E1,0.62,0.62,0.24,0.6161616161616162
openbmi,30,2,all,soft_clif_exact,REV-E1,0.6,0.6000000000000001,0.19999999999999996,0.5993589743589743
openbmi,30,2,n25,gru_stat,REV-E2,0.67,0.67,0.3400000000000001,0.6659580929243851
openbmi,30,2,all,gru_stat,REV-E2,0.69,0.69,0.3799999999999999,0.6897207486738064
openbmi,30,2,n25,tcn_stat,REV-E2,0.65,0.65,0.30000000000000004,0.6496847162446201
openbmi,30,2,all,tcn_stat,REV-E2,0.67,0.6699999999999999,0.3400000000000001,0.6697027324592133
openbmi,30,2,n25,ann_sew_equal,REV-E3,0.7,0.7,0.3999999999999999,0.6956168831168832
openbmi,30,2,all,ann_sew_equal,REV-E3,0.66,0.6599999999999999,0.32000000000000006,0.6594551282051282
openbmi,30,2,n25,sew_clif_equal,REV-E3,0.69,0.69,0.3799999999999999,0.6807743795695602
openbmi,30,2,all,sew_clif_equal,REV-E3,0.71,0.71,0.41999999999999993,0.7099709970997101
openbmi,30,2,n25,ann_sew_ce,RECOVERED_PARENT,0.69,0.69,0.3799999999999999,0.6862030569895738
openbmi,30,2,n25,sew_clif_ce,RECOVERED_PARENT,0.71,0.71,0.41999999999999993,0.7099709970997101
openbmi,30,2,all,ann_sew_ce,RECOVERED_PARENT,0.69,0.69,0.3799999999999999,0.6897207486738064
openbmi,30,2,all,sew_clif_ce,RECOVERED_PARENT,0.68,0.68,0.3600000000000001,0.68
openbmi,31,0,n25,soft_clif_exact,REV-E1,0.68,0.6799999999999999,0.3600000000000001,0.677938808373591
openbmi,31,0,all,soft_clif_exact,REV-E1,0.63,0.63,0.26,0.590662683925213
openbmi,31,0,n25,gru_stat,REV-E2,0.62,0.62,0.24,0.6193910256410255
openbmi,31,0,all,gru_stat,REV-E2,0.64,0.64,0.28,0.6179966044142614
openbmi,31,0,n25,tcn_stat,REV-E2,0.65,0.65,0.30000000000000004,0.6496847162446201
openbmi,31,0,all,tcn_stat,REV-E2,0.68,0.6799999999999999,0.3600000000000001,0.6715927750410509
openbmi,31,0,n25,ann_sew_equal,REV-E3,0.54,0.54,0.08000000000000007,0.5353535353535354
openbmi,31,0,all,ann_sew_equal,REV-E3,0.63,0.63,0.26,0.6299629962996299
openbmi,31,0,n25,sew_clif_equal,REV-E3,0.63,0.63,0.26,0.6129302228266555
openbmi,31,0,all,sew_clif_equal,REV-E3,0.64,0.64,0.28,0.6216897856242118
openbmi,31,0,n25,ann_sew_ce,RECOVERED_PARENT,0.59,0.59,0.17999999999999994,0.5829518868884142
openbmi,31,0,n25,sew_clif_ce,RECOVERED_PARENT,0.64,0.64,0.28,0.6138996138996139
openbmi,31,0,all,ann_sew_ce,RECOVERED_PARENT,0.61,0.6100000000000001,0.21999999999999997,0.6080795899909557
openbmi,31,0,all,sew_clif_ce,RECOVERED_PARENT,0.68,0.68,0.3600000000000001,0.6637242538881883
openbmi,31,1,n25,soft_clif_exact,REV-E1,0.61,0.61,0.21999999999999997,0.568536342515765
openbmi,31,1,all,soft_clif_exact,REV-E1,0.65,0.6499999999999999,0.30000000000000004,0.6395839769333744
openbmi,31,1,n25,gru_stat,REV-E2,0.64,0.64,0.28,0.6043956043956045
openbmi,31,1,all,gru_stat,REV-E2,0.71,0.71,0.41999999999999993,0.7013695808876532
openbmi,31,1,n25,tcn_stat,REV-E2,0.63,0.63,0.26,0.5783475783475783
openbmi,31,1,all,tcn_stat,REV-E2,0.74,0.74,0.48,0.7390606182256123
openbmi,31,1,n25,ann_sew_equal,REV-E3,0.58,0.5800000000000001,0.15999999999999992,0.5784825371336814
openbmi,31,1,all,ann_sew_equal,REV-E3,0.65,0.6499999999999999,0.30000000000000004,0.6491228070175439
openbmi,31,1,n25,sew_clif_equal,REV-E3,0.67,0.6699999999999999,0.3400000000000001,0.6396986570586309
openbmi,31,1,all,sew_clif_equal,REV-E3,0.68,0.68,0.3600000000000001,0.6637242538881883
openbmi,31,1,n25,ann_sew_ce,RECOVERED_PARENT,0.63,0.63,0.26,0.6254681647940075
openbmi,31,1,n25,sew_clif_ce,RECOVERED_PARENT,0.58,0.58,0.15999999999999992,0.4900437105390967
openbmi,31,1,all,ann_sew_ce,RECOVERED_PARENT,0.62,0.62,0.24,0.6041666666666667
openbmi,31,1,all,sew_clif_ce,RECOVERED_PARENT,0.66,0.66,0.32000000000000006,0.6458333333333334
openbmi,31,2,n25,soft_clif_exact,REV-E1,0.67,0.67,0.3400000000000001,0.6547756041426929
openbmi,31,2,all,soft_clif_exact,REV-E1,0.61,0.61,0.21999999999999997,0.5623386825272136
openbmi,31,2,n25,gru_stat,REV-E2,0.69,0.69,0.3799999999999999,0.6828644501278773
openbmi,31,2,all,gru_stat,REV-E2,0.61,0.61,0.21999999999999997,0.5741893219783819
openbmi,31,2,n25,tcn_stat,REV-E2,0.7,0.7,0.3999999999999999,0.6956168831168832
openbmi,31,2,all,tcn_stat,REV-E2,0.63,0.63,0.26,0.5960257670051317
openbmi,31,2,n25,ann_sew_equal,REV-E3,0.53,0.53,0.06000000000000005,0.4725620020199753
openbmi,31,2,all,ann_sew_equal,REV-E3,0.63,0.63,0.26,0.6214833759590792
openbmi,31,2,n25,sew_clif_equal,REV-E3,0.57,0.57,0.1399999999999999,0.4928647246137516
openbmi,31,2,all,sew_clif_equal,REV-E3,0.63,0.63,0.26,0.590662683925213
openbmi,31,2,n25,ann_sew_ce,RECOVERED_PARENT,0.48,0.48,-0.040000000000000036,0.36862554638173867
openbmi,31,2,n25,sew_clif_ce,RECOVERED_PARENT,0.58,0.58,0.15999999999999992,0.5091164095371669
openbmi,31,2,all,ann_sew_ce,RECOVERED_PARENT,0.59,0.59,0.17999999999999994,0.5670995670995671
openbmi,31,2,all,sew_clif_ce,RECOVERED_PARENT,0.54,0.54,0.08000000000000007,0.4414764448761534
openbmi,32,0,n25,soft_clif_exact,REV-E1,0.95,0.95,0.8999999999999999,0.949954959463517
openbmi,32,0,all,soft_clif_exact,REV-E1,0.95,0.95,0.8999999999999999,0.949954959463517
openbmi,32,0,n25,gru_stat,REV-E2,0.93,0.9299999999999999,0.8600000000000001,0.9299929992999301
openbmi,32,0,all,gru_stat,REV-E2,0.97,0.97,0.94,0.96999699969997
openbmi,32,0,n25,tcn_stat,REV-E2,0.97,0.97,0.94,0.96999699969997
openbmi,32,0,all,tcn_stat,REV-E2,0.98,0.98,0.96,0.98
openbmi,32,0,n25,ann_sew_equal,REV-E3,0.79,0.79,0.5800000000000001,0.7889659330720531
openbmi,32,0,all,ann_sew_equal,REV-E3,0.86,0.86,0.72,0.8599999999999999
openbmi,32,0,n25,sew_clif_equal,REV-E3,0.97,0.97,0.94,0.96999699969997
openbmi,32,0,all,sew_clif_equal,REV-E3,0.97,0.97,0.94,0.96999699969997
openbmi,32,0,n25,ann_sew_ce,RECOVERED_PARENT,0.8,0.8,0.6000000000000001,0.8000000000000002
openbmi,32,0,n25,sew_clif_ce,RECOVERED_PARENT,0.92,0.9199999999999999,0.8400000000000001,0.919967987194878
openbmi,32,0,all,ann_sew_ce,RECOVERED_PARENT,0.85,0.8500000000000001,0.7,0.849624060150376
openbmi,32,0,all,sew_clif_ce,RECOVERED_PARENT,0.98,0.98,0.96,0.98
openbmi,32,1,n25,soft_clif_exact,REV-E1,0.93,0.9299999999999999,0.8600000000000001,0.9298245614035088
openbmi,32,1,all,soft_clif_exact,REV-E1,0.91,0.9099999999999999,0.8200000000000001,0.9097744360902256
openbmi,32,1,n25,gru_stat,REV-E2,0.95,0.95,0.8999999999999999,0.9499949994999499
openbmi,32,1,all,gru_stat,REV-E2,0.95,0.95,0.8999999999999999,0.9499949994999499
openbmi,32,1,n25,tcn_stat,REV-E2,0.93,0.9299999999999999,0.8600000000000001,0.9299369432489241
openbmi,32,1,all,tcn_stat,REV-E2,0.91,0.9099999999999999,0.8200000000000001,0.9097744360902256
openbmi,32,1,n25,ann_sew_equal,REV-E3,0.74,0.74,0.48,0.74
openbmi,32,1,all,ann_sew_equal,REV-E3,0.74,0.74,0.48,0.7398959583833533
openbmi,32,1,n25,sew_clif_equal,REV-E3,0.92,0.9199999999999999,0.8400000000000001,0.919967987194878
openbmi,32,1,all,sew_clif_equal,REV-E3,0.95,0.95,0.8999999999999999,0.949954959463517
openbmi,32,1,n25,ann_sew_ce,RECOVERED_PARENT,0.71,0.71,0.41999999999999993,0.7097387648883996
openbmi,32,1,n25,sew_clif_ce,RECOVERED_PARENT,0.92,0.9199999999999999,0.8400000000000001,0.919967987194878
openbmi,32,1,all,ann_sew_ce,RECOVERED_PARENT,0.83,0.83,0.6599999999999999,0.8299829982998299
openbmi,32,1,all,sew_clif_ce,RECOVERED_PARENT,0.94,0.94,0.8799999999999999,0.9399759903961584
openbmi,32,2,n25,soft_clif_exact,REV-E1,0.93,0.9299999999999999,0.8600000000000001,0.9296553110240177
openbmi,32,2,all,soft_clif_exact,REV-E1,0.97,0.97,0.94,0.9699729756781104
openbmi,32,2,n25,gru_stat,REV-E2,0.93,0.9299999999999999,0.8600000000000001,0.9298245614035088
openbmi,32,2,all,gru_stat,REV-E2,0.97,0.97,0.94,0.96999699969997
openbmi,32,2,n25,tcn_stat,REV-E2,0.9,0.8999999999999999,0.8,0.8993558776167472
openbmi,32,2,all,tcn_stat,REV-E2,0.97,0.97,0.94,0.9699729756781104
openbmi,32,2,n25,ann_sew_equal,REV-E3,0.84,0.84,0.6799999999999999,0.8399359743897559
openbmi,32,2,all,ann_sew_equal,REV-E3,0.77,0.77,0.54,0.7681217864704104
openbmi,32,2,n25,sew_clif_equal,REV-E3,0.93,0.9299999999999999,0.8600000000000001,0.9296553110240177
openbmi,32,2,all,sew_clif_equal,REV-E3,0.98,0.98,0.96,0.98
openbmi,32,2,n25,ann_sew_ce,RECOVERED_PARENT,0.81,0.81,0.6200000000000001,0.8099809980998101
openbmi,32,2,n25,sew_clif_ce,RECOVERED_PARENT,0.99,0.99,0.98,0.98999899989999
openbmi,32,2,all,ann_sew_ce,RECOVERED_PARENT,0.82,0.8200000000000001,0.6399999999999999,0.8197115384615385
openbmi,32,2,all,sew_clif_ce,RECOVERED_PARENT,0.98,0.98,0.96,0.98
openbmi,33,0,n25,soft_clif_exact,REV-E1,0.93,0.9299999999999999,0.8600000000000001,0.9299929992999301
openbmi,33,0,all,soft_clif_exact,REV-E1,0.96,0.96,0.9199999999999999,0.959983993597439
openbmi,33,0,n25,gru_stat,REV-E2,0.94,0.94,0.8799999999999999,0.9399759903961584
openbmi,33,0,all,gru_stat,REV-E2,0.96,0.96,0.9199999999999999,0.959983993597439
openbmi,33,0,n25,tcn_stat,REV-E2,0.94,0.94,0.8799999999999999,0.939783219590526
openbmi,33,0,all,tcn_stat,REV-E2,0.96,0.96,0.9199999999999999,0.96
openbmi,33,0,n25,ann_sew_equal,REV-E3,0.86,0.86,0.72,0.8599999999999999
openbmi,33,0,all,ann_sew_equal,REV-E3,0.87,0.87,0.74,0.8689384010484928
openbmi,33,0,n25,sew_clif_equal,REV-E3,0.94,0.94,0.8799999999999999,0.9399759903961584
openbmi,33,0,all,sew_clif_equal,REV-E3,0.95,0.95,0.8999999999999999,0.9499949994999499
openbmi,33,0,n25,ann_sew_ce,RECOVERED_PARENT,0.84,0.8400000000000001,0.6799999999999999,0.8389694041867956
openbmi,33,0,n25,sew_clif_ce,RECOVERED_PARENT,0.94,0.94,0.8799999999999999,0.9399038461538463
openbmi,33,0,all,ann_sew_ce,RECOVERED_PARENT,0.84,0.84,0.6799999999999999,0.8383838383838385
openbmi,33,0,all,sew_clif_ce,RECOVERED_PARENT,0.96,0.96,0.9199999999999999,0.96
openbmi,33,1,n25,soft_clif_exact,REV-E1,0.92,0.9199999999999999,0.8400000000000001,0.919967987194878
openbmi,33,1,all,soft_clif_exact,REV-E1,0.97,0.97,0.94,0.96999699969997
openbmi,33,1,n25,gru_stat,REV-E2,0.97,0.97,0.94,0.96999699969997
openbmi,33,1,all,gru_stat,REV-E2,0.93,0.9299999999999999,0.8600000000000001,0.9298245614035088
openbmi,33,1,n25,tcn_stat,REV-E2,0.97,0.97,0.94,0.96999699969997
openbmi,33,1,all,tcn_stat,REV-E2,0.93,0.9299999999999999,0.8600000000000001,0.9298245614035088
openbmi,33,1,n25,ann_sew_equal,REV-E3,0.83,0.8300000000000001,0.6599999999999999,0.8249407887962106
openbmi,33,1,all,ann_sew_equal,REV-E3,0.87,0.87,0.74,0.8698828946051447
openbmi,33,1,n25,sew_clif_equal,REV-E3,0.96,0.96,0.9199999999999999,0.9599358974358974
openbmi,33,1,all,sew_clif_equal,REV-E3,0.92,0.9199999999999999,0.8400000000000001,0.9194847020933978
openbmi,33,1,n25,ann_sew_ce,RECOVERED_PARENT,0.84,0.8400000000000001,0.6799999999999999,0.8357963875205254
openbmi,33,1,n25,sew_clif_ce,RECOVERED_PARENT,0.96,0.96,0.9199999999999999,0.9599358974358974
openbmi,33,1,all,ann_sew_ce,RECOVERED_PARENT,0.85,0.8500000000000001,0.7,0.8492613807657521
openbmi,33,1,all,sew_clif_ce,RECOVERED_PARENT,0.96,0.96,0.9199999999999999,0.9599358974358974
openbmi,33,2,n25,soft_clif_exact,REV-E1,0.9,0.8999999999999999,0.8,0.8996386993175431
openbmi,33,2,all,soft_clif_exact,REV-E1,0.97,0.97,0.94,0.9699729756781104
openbmi,33,2,n25,gru_stat,REV-E2,0.97,0.97,0.94,0.96999699969997
openbmi,33,2,all,gru_stat,REV-E2,0.98,0.98,0.96,0.98
openbmi,33,2,n25,tcn_stat,REV-E2,0.98,0.98,0.96,0.98
openbmi,33,2,all,tcn_stat,REV-E2,0.96,0.96,0.9199999999999999,0.96
openbmi,33,2,n25,ann_sew_equal,REV-E3,0.85,0.8500000000000001,0.7,0.8492613807657521
openbmi,33,2,all,ann_sew_equal,REV-E3,0.81,0.81,0.6200000000000001,0.8098288459613652
openbmi,33,2,n25,sew_clif_equal,REV-E3,0.99,0.99,0.98,0.98999899989999
openbmi,33,2,all,sew_clif_equal,REV-E3,0.98,0.98,0.96,0.9799919967987194
openbmi,33,2,n25,ann_sew_ce,RECOVERED_PARENT,0.86,0.86,0.72,0.8590982286634461
openbmi,33,2,n25,sew_clif_ce,RECOVERED_PARENT,0.98,0.98,0.96,0.9799919967987194
openbmi,33,2,all,ann_sew_ce,RECOVERED_PARENT,0.82,0.8200000000000001,0.6399999999999999,0.8199279711884755
openbmi,33,2,all,sew_clif_ce,RECOVERED_PARENT,0.97,0.97,0.94,0.9699729756781104
openbmi,34,0,n25,soft_clif_exact,REV-E1,0.47,0.47,-0.06000000000000005,0.396011396011396
openbmi,34,0,all,soft_clif_exact,REV-E1,0.51,0.51,0.020000000000000018,0.3710691823899371
openbmi,34,0,n25,gru_stat,REV-E2,0.52,0.52,0.040000000000000036,0.5192307692307692
openbmi,34,0,all,gru_stat,REV-E2,0.58,0.5800000000000001,0.15999999999999992,0.5793269230769231
openbmi,34,0,n25,tcn_stat,REV-E2,0.57,0.5700000000000001,0.1399999999999999,0.5696126513862476
openbmi,34,0,all,tcn_stat,REV-E2,0.63,0.63,0.26,0.6281780725555222
openbmi,34,0,n25,ann_sew_equal,REV-E3,0.45,0.45,-0.09999999999999998,0.44550861982054646
openbmi,34,0,all,ann_sew_equal,REV-E3,0.52,0.52,0.040000000000000036,0.5169082125603865
openbmi,34,0,n25,sew_clif_equal,REV-E3,0.47,0.47,-0.06000000000000005,0.4578005115089514
openbmi,34,0,all,sew_clif_equal,REV-E3,0.54,0.54,0.08000000000000007,0.5398159263705482
openbmi,34,0,n25,ann_sew_ce,RECOVERED_PARENT,0.51,0.51,0.020000000000000018,0.5087719298245614
openbmi,34,0,n25,sew_clif_ce,RECOVERED_PARENT,0.52,0.52,0.040000000000000036,0.52
openbmi,34,0,all,ann_sew_ce,RECOVERED_PARENT,0.52,0.52,0.040000000000000036,0.5169082125603865
openbmi,34,0,all,sew_clif_ce,RECOVERED_PARENT,0.55,0.55,0.10000000000000009,0.5495946351716544
openbmi,34,1,n25,soft_clif_exact,REV-E1,0.49,0.49,-0.020000000000000018,0.38694554633970435
openbmi,34,1,all,soft_clif_exact,REV-E1,0.5,0.5,0.0,0.43464495703301675
openbmi,34,1,n25,gru_stat,REV-E2,0.56,0.56,0.1200000000000001,0.5571658615136876
openbmi,34,1,all,gru_stat,REV-E2,0.54,0.54,0.08000000000000007,0.5066495066495066
openbmi,34,1,n25,tcn_stat,REV-E2,0.55,0.55,0.10000000000000009,0.5477841422972565
openbmi,34,1,all,tcn_stat,REV-E2,0.55,0.55,0.10000000000000009,0.529239460194581
openbmi,34,1,n25,ann_sew_equal,REV-E3,0.46,0.45999999999999996,-0.07999999999999996,0.42084942084942084
openbmi,34,1,all,ann_sew_equal,REV-E3,0.52,0.52,0.040000000000000036,0.4725274725274725
openbmi,34,1,n25,sew_clif_equal,REV-E3,0.58,0.5800000000000001,0.15999999999999992,0.5798319327731092
openbmi,34,1,all,sew_clif_equal,REV-E3,0.53,0.53,0.06000000000000005,0.4725620020199753
openbmi,34,1,n25,ann_sew_ce,RECOVERED_PARENT,0.5,0.5,0.0,0.46943972835314096
openbmi,34,1,n25,sew_clif_ce,RECOVERED_PARENT,0.55,0.55,0.10000000000000009,0.54995499549955
openbmi,34,1,all,ann_sew_ce,RECOVERED_PARENT,0.48,0.48,-0.040000000000000036,0.4422994422994423
openbmi,34,1,all,sew_clif_ce,RECOVERED_PARENT,0.5,0.5,0.0,0.47456914670029426
openbmi,34,2,n25,soft_clif_exact,REV-E1,0.49,0.49,-0.020000000000000018,0.32885906040268453
openbmi,34,2,all,soft_clif_exact,REV-E1,0.49,0.49,-0.020000000000000018,0.32885906040268453
openbmi,34,2,n25,gru_stat,REV-E2,0.5,0.5,0.0,0.40476190476190477
openbmi,34,2,all,gru_stat,REV-E2,0.55,0.55,0.10000000000000009,0.5422642660970399
openbmi,34,2,n25,tcn_stat,REV-E2,0.5,0.5,0.0,0.415614773258532
openbmi,34,2,all,tcn_stat,REV-E2,0.53,0.53,0.06000000000000005,0.5295766189570613
openbmi,34,2,n25,ann_sew_equal,REV-E3,0.49,0.49,-0.020000000000000018,0.4615140956604371
openbmi,34,2,all,ann_sew_equal,REV-E3,0.54,0.54,0.08000000000000007,0.5166036149642708
openbmi,34,2,n25,sew_clif_equal,REV-E3,0.56,0.5599999999999999,0.1200000000000001,0.5512035903712771
openbmi,34,2,all,sew_clif_equal,REV-E3,0.49,0.49,-0.020000000000000018,0.48872180451127817
openbmi,34,2,n25,ann_sew_ce,RECOVERED_PARENT,0.47,0.47000000000000003,-0.06000000000000005,0.44554869756250653
openbmi,34,2,n25,sew_clif_ce,RECOVERED_PARENT,0.52,0.52,0.040000000000000036,0.4851994851994852
openbmi,34,2,all,ann_sew_ce,RECOVERED_PARENT,0.55,0.55,0.10000000000000009,0.5422642660970399
openbmi,34,2,all,sew_clif_ce,RECOVERED_PARENT,0.53,0.53,0.06000000000000005,0.5295766189570613
openbmi,35,0,n25,soft_clif_exact,REV-E1,0.49,0.49,-0.020000000000000018,0.3605015673981191
openbmi,35,0,all,soft_clif_exact,REV-E1,0.48,0.48,-0.040000000000000036,0.34043632673769664
openbmi,35,0,n25,gru_stat,REV-E2,0.5,0.5,0.0,0.3333333333333333
openbmi,35,0,all,gru_stat,REV-E2,0.5,0.5,0.0,0.3333333333333333
openbmi,35,0,n25,tcn_stat,REV-E2,0.5,0.5,0.0,0.3333333333333333
openbmi,35,0,all,tcn_stat,REV-E2,0.5,0.5,0.0,0.3333333333333333
openbmi,35,0,n25,ann_sew_equal,REV-E3,0.53,0.53,0.06000000000000005,0.43502824858757067
openbmi,35,0,all,ann_sew_equal,REV-E3,0.55,0.55,0.10000000000000009,0.4479205005520795
openbmi,35,0,n25,sew_clif_equal,REV-E3,0.5,0.5,0.0,0.3333333333333333
openbmi,35,0,all,sew_clif_equal,REV-E3,0.5,0.5,0.0,0.3333333333333333
openbmi,35,0,n25,ann_sew_ce,RECOVERED_PARENT,0.61,0.61,0.21999999999999997,0.5920075321686369
openbmi,35,0,n25,sew_clif_ce,RECOVERED_PARENT,0.49,0.49,-0.020000000000000018,0.32885906040268453
openbmi,35,0,all,ann_sew_ce,RECOVERED_PARENT,0.54,0.54,0.08000000000000007,0.46236559139784944
openbmi,35,0,all,sew_clif_ce,RECOVERED_PARENT,0.5,0.5,0.0,0.3333333333333333
openbmi,35,1,n25,soft_clif_exact,REV-E1,0.49,0.49,-0.020000000000000018,0.32885906040268453
openbmi,35,1,all,soft_clif_exact,REV-E1,0.49,0.49,-0.020000000000000018,0.32885906040268453
openbmi,35,1,n25,gru_stat,REV-E2,0.5,0.5,0.0,0.3333333333333333
openbmi,35,1,all,gru_stat,REV-E2,0.5,0.5,0.0,0.3503118503118503
openbmi,35,1,n25,tcn_stat,REV-E2,0.49,0.49,-0.020000000000000018,0.32885906040268453
openbmi,35,1,all,tcn_stat,REV-E2,0.49,0.49,-0.020000000000000018,0.3453985367731998
openbmi,35,1,n25,ann_sew_equal,REV-E3,0.53,0.53,0.06000000000000005,0.4106583072100314
openbmi,35,1,all,ann_sew_equal,REV-E3,0.54,0.54,0.08000000000000007,0.4165398274987316
openbmi,35,1,n25,sew_clif_equal,REV-E3,0.5,0.5,0.0,0.3333333333333333
openbmi,35,1,all,sew_clif_equal,REV-E3,0.5,0.5,0.0,0.3333333333333333
openbmi,35,1,n25,ann_sew_ce,RECOVERED_PARENT,0.54,0.54,0.08000000000000007,0.4165398274987316
openbmi,35,1,n25,sew_clif_ce,RECOVERED_PARENT,0.5,0.5,0.0,0.3333333333333333
openbmi,35,1,all,ann_sew_ce,RECOVERED_PARENT,0.53,0.53,0.06000000000000005,0.39673982800667434
openbmi,35,1,all,sew_clif_ce,RECOVERED_PARENT,0.5,0.5,0.0,0.3333333333333333
openbmi,35,2,n25,soft_clif_exact,REV-E1,0.5,0.5,0.0,0.4574652777777778
openbmi,35,2,all,soft_clif_exact,REV-E1,0.53,0.53,0.06000000000000005,0.42338363390994965
openbmi,35,2,n25,gru_stat,REV-E2,0.53,0.53,0.06000000000000005,0.4106583072100314
openbmi,35,2,all,gru_stat,REV-E2,0.53,0.53,0.06000000000000005,0.46438746438746437
openbmi,35,2,n25,tcn_stat,REV-E2,0.54,0.54,0.08000000000000007,0.5308037535699714
openbmi,35,2,all,tcn_stat,REV-E2,0.53,0.53,0.06000000000000005,0.5242433444680635
openbmi,35,2,n25,ann_sew_equal,REV-E3,0.56,0.56,0.1200000000000001,0.5024875621890548
openbmi,35,2,all,ann_sew_equal,REV-E3,0.49,0.49,-0.020000000000000018,0.3453985367731998
openbmi,35,2,n25,sew_clif_equal,REV-E3,0.54,0.54,0.08000000000000007,0.4414764448761534
openbmi,35,2,all,sew_clif_equal,REV-E3,0.53,0.53,0.06000000000000005,0.43502824858757067
openbmi,35,2,n25,ann_sew_ce,RECOVERED_PARENT,0.49,0.49,-0.020000000000000018,0.37430990062569014
openbmi,35,2,n25,sew_clif_ce,RECOVERED_PARENT,0.5,0.5,0.0,0.37996031746031744
openbmi,35,2,all,ann_sew_ce,RECOVERED_PARENT,0.51,0.51,0.020000000000000018,0.38557993730407525
openbmi,35,2,all,sew_clif_ce,RECOVERED_PARENT,0.53,0.53,0.06000000000000005,0.42338363390994965
openbmi,36,0,n25,soft_clif_exact,REV-E1,0.99,0.99,0.98,0.98999899989999
openbmi,36,0,all,soft_clif_exact,REV-E1,0.99,0.99,0.98,0.98999899989999
openbmi,36,0,n25,gru_stat,REV-E2,0.98,0.98,0.96,0.98
openbmi,36,0,all,gru_stat,REV-E2,0.98,0.98,0.96,0.98
openbmi,36,0,n25,tcn_stat,REV-E2,0.99,0.99,0.98,0.98999899989999
openbmi,36,0,all,tcn_stat,REV-E2,0.99,0.99,0.98,0.98999899989999
openbmi,36,0,n25,ann_sew_equal,REV-E3,0.89,0.89,0.78,0.8891017239641092
openbmi,36,0,all,ann_sew_equal,REV-E3,0.95,0.95,0.8999999999999999,0.949954959463517
openbmi,36,0,n25,sew_clif_equal,REV-E3,0.98,0.98,0.96,0.98
openbmi,36,0,all,sew_clif_equal,REV-E3,0.98,0.98,0.96,0.98
openbmi,36,0,n25,ann_sew_ce,RECOVERED_PARENT,0.89,0.8899999999999999,0.78,0.8897243107769424
openbmi,36,0,n25,sew_clif_ce,RECOVERED_PARENT,0.98,0.98,0.96,0.98
openbmi,36,0,all,ann_sew_ce,RECOVERED_PARENT,0.93,0.9299999999999999,0.8600000000000001,0.9298245614035088
openbmi,36,0,all,sew_clif_ce,RECOVERED_PARENT,0.98,0.98,0.96,0.98
openbmi,36,1,n25,soft_clif_exact,REV-E1,0.99,0.99,0.98,0.98999899989999
openbmi,36,1,all,soft_clif_exact,REV-E1,1.0,1.0,1.0,1.0
openbmi,36,1,n25,gru_stat,REV-E2,0.99,0.99,0.98,0.98999899989999
openbmi,36,1,all,gru_stat,REV-E2,0.98,0.98,0.96,0.98
openbmi,36,1,n25,tcn_stat,REV-E2,0.99,0.99,0.98,0.98999899989999
openbmi,36,1,all,tcn_stat,REV-E2,0.99,0.99,0.98,0.98999899989999
openbmi,36,1,n25,ann_sew_equal,REV-E3,0.9,0.8999999999999999,0.8,0.8996386993175431
openbmi,36,1,all,ann_sew_equal,REV-E3,0.97,0.97,0.94,0.96999699969997
openbmi,36,1,n25,sew_clif_equal,REV-E3,0.99,0.99,0.98,0.98999899989999
openbmi,36,1,all,sew_clif_equal,REV-E3,0.99,0.99,0.98,0.98999899989999
openbmi,36,1,n25,ann_sew_ce,RECOVERED_PARENT,0.92,0.9199999999999999,0.8400000000000001,0.9198717948717948
openbmi,36,1,n25,sew_clif_ce,RECOVERED_PARENT,0.99,0.99,0.98,0.98999899989999
openbmi,36,1,all,ann_sew_ce,RECOVERED_PARENT,0.96,0.96,0.9199999999999999,0.959983993597439
openbmi,36,1,all,sew_clif_ce,RECOVERED_PARENT,0.99,0.99,0.98,0.98999899989999
openbmi,36,2,n25,soft_clif_exact,REV-E1,0.98,0.98,0.96,0.9799919967987194
openbmi,36,2,all,soft_clif_exact,REV-E1,1.0,1.0,1.0,1.0
openbmi,36,2,n25,gru_stat,REV-E2,0.98,0.98,0.96,0.9799919967987194
openbmi,36,2,all,gru_stat,REV-E2,0.99,0.99,0.98,0.98999899989999
openbmi,36,2,n25,tcn_stat,REV-E2,0.99,0.99,0.98,0.98999899989999
openbmi,36,2,all,tcn_stat,REV-E2,0.99,0.99,0.98,0.98999899989999
openbmi,36,2,n25,ann_sew_equal,REV-E3,0.96,0.96,0.9199999999999999,0.959983993597439
openbmi,36,2,all,ann_sew_equal,REV-E3,0.92,0.9199999999999999,0.8400000000000001,0.9198717948717948
openbmi,36,2,n25,sew_clif_equal,REV-E3,0.98,0.98,0.96,0.9799919967987194
openbmi,36,2,all,sew_clif_equal,REV-E3,0.99,0.99,0.98,0.98999899989999
openbmi,36,2,n25,ann_sew_ce,RECOVERED_PARENT,0.94,0.94,0.8799999999999999,0.9399759903961584
openbmi,36,2,n25,sew_clif_ce,RECOVERED_PARENT,0.98,0.98,0.96,0.9799919967987194
openbmi,36,2,all,ann_sew_ce,RECOVERED_PARENT,0.95,0.95,0.8999999999999999,0.949954959463517
openbmi,36,2,all,sew_clif_ce,RECOVERED_PARENT,0.99,0.99,0.98,0.98999899989999
openbmi,37,0,n25,soft_clif_exact,REV-E1,0.83,0.8300000000000001,0.6599999999999999,0.8249407887962106
openbmi,37,0,all,soft_clif_exact,REV-E1,0.95,0.95,0.8999999999999999,0.949874686716792
openbmi,37,0,n25,gru_stat,REV-E2,0.86,0.86,0.72,0.8572011423908608
openbmi,37,0,all,gru_stat,REV-E2,0.91,0.9099999999999999,0.8200000000000001,0.9092650468797258
openbmi,37,0,n25,tcn_stat,REV-E2,0.88,0.88,0.76,0.8782467532467533
openbmi,37,0,all,tcn_stat,REV-E2,0.91,0.9099999999999999,0.8200000000000001,0.9092650468797258
openbmi,37,0,n25,ann_sew_equal,REV-E3,0.79,0.79,0.5800000000000001,0.7894736842105263
openbmi,37,0,all,ann_sew_equal,REV-E3,0.8,0.8,0.6000000000000001,0.7960016319869441
openbmi,37,0,n25,sew_clif_equal,REV-E3,0.89,0.89,0.78,0.8891017239641092
openbmi,37,0,all,sew_clif_equal,REV-E3,0.92,0.9199999999999999,0.8400000000000001,0.9194847020933978
openbmi,37,0,n25,ann_sew_ce,RECOVERED_PARENT,0.81,0.81,0.6200000000000001,0.8099809980998101
openbmi,37,0,n25,sew_clif_ce,RECOVERED_PARENT,0.9,0.9,0.8,0.898989898989899
openbmi,37,0,all,ann_sew_ce,RECOVERED_PARENT,0.83,0.83,0.6599999999999999,0.8279178054458953
openbmi,37,0,all,sew_clif_ce,RECOVERED_PARENT,0.93,0.9299999999999999,0.8600000000000001,0.9296553110240177
openbmi,37,1,n25,soft_clif_exact,REV-E1,0.94,0.94,0.8799999999999999,0.939783219590526
openbmi,37,1,all,soft_clif_exact,REV-E1,0.85,0.85,0.7,0.8465473145780051
openbmi,37,1,n25,gru_stat,REV-E2,0.93,0.9299999999999999,0.8600000000000001,0.9296553110240177
openbmi,37,1,all,gru_stat,REV-E2,0.96,0.96,0.9199999999999999,0.9599358974358974
openbmi,37,1,n25,tcn_stat,REV-E2,0.88,0.88,0.76,0.8782467532467533
openbmi,37,1,all,tcn_stat,REV-E2,0.93,0.9299999999999999,0.8600000000000001,0.9299369432489241
openbmi,37,1,n25,ann_sew_equal,REV-E3,0.86,0.8600000000000001,0.72,0.8594941790445605
openbmi,37,1,all,ann_sew_equal,REV-E3,0.83,0.8300000000000001,0.6599999999999999,0.8298468621759585
openbmi,37,1,n25,sew_clif_equal,REV-E3,0.91,0.9099999999999999,0.8200000000000001,0.9092650468797258
openbmi,37,1,all,sew_clif_equal,REV-E3,0.94,0.94,0.8799999999999999,0.939783219590526
openbmi,37,1,n25,ann_sew_ce,RECOVERED_PARENT,0.83,0.83,0.6599999999999999,0.8279178054458953
openbmi,37,1,n25,sew_clif_ce,RECOVERED_PARENT,0.93,0.9299999999999999,0.8600000000000001,0.9296553110240177
openbmi,37,1,all,ann_sew_ce,RECOVERED_PARENT,0.86,0.86,0.72,0.8585858585858586
openbmi,37,1,all,sew_clif_ce,RECOVERED_PARENT,0.95,0.95,0.8999999999999999,0.949874686716792
openbmi,37,2,n25,soft_clif_exact,REV-E1,0.74,0.74,0.48,0.7211497211497212
openbmi,37,2,all,soft_clif_exact,REV-E1,0.85,0.85,0.7,0.8465473145780051
openbmi,37,2,n25,gru_stat,REV-E2,0.89,0.89,0.78,0.8886526976414617
openbmi,37,2,all,gru_stat,REV-E2,0.92,0.9199999999999999,0.8400000000000001,0.9194847020933978
openbmi,37,2,n25,tcn_stat,REV-E2,0.85,0.85,0.7,0.8465473145780051
openbmi,37,2,all,tcn_stat,REV-E2,0.88,0.88,0.76,0.8782467532467533
openbmi,37,2,n25,ann_sew_equal,REV-E3,0.78,0.78,0.56,0.7767857142857144
openbmi,37,2,all,ann_sew_equal,REV-E3,0.76,0.76,0.52,0.75
openbmi,37,2,n25,sew_clif_equal,REV-E3,0.89,0.89,0.78,0.8886526976414617
openbmi,37,2,all,sew_clif_equal,REV-E3,0.89,0.89,0.78,0.8886526976414617
openbmi,37,2,n25,ann_sew_ce,RECOVERED_PARENT,0.74,0.74,0.48,0.7241086587436332
openbmi,37,2,n25,sew_clif_ce,RECOVERED_PARENT,0.84,0.8400000000000001,0.6799999999999999,0.8357963875205254
openbmi,37,2,all,ann_sew_ce,RECOVERED_PARENT,0.82,0.82,0.6399999999999999,0.8173701298701298
openbmi,37,2,all,sew_clif_ce,RECOVERED_PARENT,0.85,0.85,0.7,0.8465473145780051
openbmi,38,0,n25,soft_clif_exact,REV-E1,0.56,0.5599999999999999,0.1200000000000001,0.5512035903712771
openbmi,38,0,all,soft_clif_exact,REV-E1,0.54,0.54,0.08000000000000007,0.5332792207792207
openbmi,38,0,n25,gru_stat,REV-E2,0.52,0.52,0.040000000000000036,0.5192307692307692
openbmi,38,0,all,gru_stat,REV-E2,0.5,0.5,0.0,0.4949494949494949
openbmi,38,0,n25,tcn_stat,REV-E2,0.52,0.52,0.040000000000000036,0.5198079231692677
openbmi,38,0,all,tcn_stat,REV-E2,0.47,0.47,-0.06000000000000005,0.4578005115089514
openbmi,38,0,n25,ann_sew_equal,REV-E3,0.57,0.5700000000000001,0.1399999999999999,0.567882624861823
openbmi,38,0,all,ann_sew_equal,REV-E3,0.52,0.52,0.040000000000000036,0.512987012987013
openbmi,38,0,n25,sew_clif_equal,REV-E3,0.55,0.55,0.10000000000000009,0.5495946351716544
openbmi,38,0,all,sew_clif_equal,REV-E3,0.52,0.52,0.040000000000000036,0.5169082125603865
openbmi,38,0,n25,ann_sew_ce,RECOVERED_PARENT,0.54,0.54,0.08000000000000007,0.537037037037037
openbmi,38,0,n25,sew_clif_ce,RECOVERED_PARENT,0.55,0.55,0.10000000000000009,0.5477841422972565
openbmi,38,0,all,ann_sew_ce,RECOVERED_PARENT,0.48,0.48000000000000004,-0.040000000000000036,0.47665056360708535
openbmi,38,0,all,sew_clif_ce,RECOVERED_PARENT,0.51,0.51,0.020000000000000018,0.4987212276214833
openbmi,38,1,n25,soft_clif_exact,REV-E1,0.56,0.56,0.1200000000000001,0.548440065681445
openbmi,38,1,all,soft_clif_exact,REV-E1,0.55,0.55,0.10000000000000009,0.5331465919701215
openbmi,38,1,n25,gru_stat,REV-E2,0.53,0.53,0.06000000000000005,0.512397551613238
openbmi,38,1,all,gru_stat,REV-E2,0.56,0.5599999999999999,0.1200000000000001,0.5512035903712771
openbmi,38,1,n25,tcn_stat,REV-E2,0.52,0.52,0.040000000000000036,0.5073891625615763
openbmi,38,1,all,tcn_stat,REV-E2,0.56,0.56,0.1200000000000001,0.548440065681445
openbmi,38,1,n25,ann_sew_equal,REV-E3,0.5,0.5,0.0,0.4967793880837359
openbmi,38,1,all,ann_sew_equal,REV-E3,0.54,0.54,0.08000000000000007,0.5398159263705482
openbmi,38,1,n25,sew_clif_equal,REV-E3,0.56,0.56,0.1200000000000001,0.5555555555555556
openbmi,38,1,all,sew_clif_equal,REV-E3,0.54,0.54,0.08000000000000007,0.5279146141215106
openbmi,38,1,n25,ann_sew_ce,RECOVERED_PARENT,0.48,0.48,-0.040000000000000036,0.4781212364512244
openbmi,38,1,n25,sew_clif_ce,RECOVERED_PARENT,0.52,0.52,0.040000000000000036,0.5151515151515151
openbmi,38,1,all,ann_sew_ce,RECOVERED_PARENT,0.53,0.53,0.06000000000000005,0.5295766189570613
openbmi,38,1,all,sew_clif_ce,RECOVERED_PARENT,0.56,0.56,0.1200000000000001,0.545266639107069
openbmi,38,2,n25,soft_clif_exact,REV-E1,0.48,0.48,-0.040000000000000036,0.4422994422994423
openbmi,38,2,all,soft_clif_exact,REV-E1,0.5,0.5,0.0,0.46943972835314096
openbmi,38,2,n25,gru_stat,REV-E2,0.54,0.54,0.08000000000000007,0.4945054945054945
openbmi,38,2,all,gru_stat,REV-E2,0.5,0.5,0.0,0.48325754443985114
openbmi,38,2,n25,tcn_stat,REV-E2,0.48,0.48,-0.040000000000000036,0.4357638888888889
openbmi,38,2,all,tcn_stat,REV-E2,0.51,0.51,0.020000000000000018,0.49541756770672435
openbmi,38,2,n25,ann_sew_equal,REV-E3,0.5,0.5,0.0,0.4967793880837359
openbmi,38,2,all,ann_sew_equal,REV-E3,0.53,0.53,0.06000000000000005,0.5299529952995299
openbmi,38,2,n25,sew_clif_equal,REV-E3,0.5,0.5,0.0,0.4429590017825312
openbmi,38,2,all,sew_clif_equal,REV-E3,0.5,0.5,0.0,0.4574652777777778
openbmi,38,2,n25,ann_sew_ce,RECOVERED_PARENT,0.44,0.44,-0.12,0.4363929146537842
openbmi,38,2,n25,sew_clif_ce,RECOVERED_PARENT,0.49,0.49,-0.020000000000000018,0.44989752993204624
openbmi,38,2,all,ann_sew_ce,RECOVERED_PARENT,0.46,0.45999999999999996,-0.07999999999999996,0.45978391356542614
openbmi,38,2,all,sew_clif_ce,RECOVERED_PARENT,0.48,0.48,-0.040000000000000036,0.4422994422994423
openbmi,39,0,n25,soft_clif_exact,REV-E1,0.65,0.65,0.30000000000000004,0.6419437340153452
openbmi,39,0,all,soft_clif_exact,REV-E1,0.72,0.72,0.43999999999999995,0.7198879551820727
openbmi,39,0,n25,gru_stat,REV-E2,0.7,0.7,0.3999999999999999,0.6995192307692307
openbmi,39,0,all,gru_stat,REV-E2,0.7,0.7,0.3999999999999999,0.6989160979526294
openbmi,39,0,n25,tcn_stat,REV-E2,0.7,0.7,0.3999999999999999,0.6989160979526294
openbmi,39,0,all,tcn_stat,REV-E2,0.7,0.7,0.3999999999999999,0.6969696969696968
openbmi,39,0,n25,ann_sew_equal,REV-E3,0.67,0.6699999999999999,0.3400000000000001,0.6601791782514674
openbmi,39,0,all,ann_sew_equal,REV-E3,0.6,0.6000000000000001,0.19999999999999996,0.5833333333333333
openbmi,39,0,n25,sew_clif_equal,REV-E3,0.73,0.73,0.45999999999999996,0.7286704853783539
openbmi,39,0,all,sew_clif_equal,REV-E3,0.71,0.71,0.41999999999999993,0.7033248081841432
openbmi,39,0,n25,ann_sew_ce,RECOVERED_PARENT,0.63,0.63,0.26,0.6214833759590792
openbmi,39,0,n25,sew_clif_ce,RECOVERED_PARENT,0.75,0.75,0.5,0.7457023700539112
openbmi,39,0,all,ann_sew_ce,RECOVERED_PARENT,0.61,0.61,0.21999999999999997,0.5983935742971889
openbmi,39,0,all,sew_clif_ce,RECOVERED_PARENT,0.72,0.72,0.43999999999999995,0.7144022847817217
openbmi,39,1,n25,soft_clif_exact,REV-E1,0.69,0.6900000000000001,0.3799999999999999,0.6726850385386971
openbmi,39,1,all,soft_clif_exact,REV-E1,0.73,0.73,0.45999999999999996,0.7266929851199515
openbmi,39,1,n25,gru_stat,REV-E2,0.71,0.71,0.41999999999999993,0.7013695808876532
openbmi,39,1,all,gru_stat,REV-E2,0.72,0.72,0.43999999999999995,0.7171717171717171
openbmi,39,1,n25,tcn_stat,REV-E2,0.72,0.72,0.43999999999999995,0.7057587221521648
openbmi,39,1,all,tcn_stat,REV-E2,0.72,0.72,0.43999999999999995,0.7159090909090909
openbmi,39,1,n25,ann_sew_equal,REV-E3,0.66,0.6599999999999999,0.32000000000000006,0.6578099838969405
openbmi,39,1,all,ann_sew_equal,REV-E3,0.58,0.5800000000000001,0.15999999999999992,0.5625
openbmi,39,1,n25,sew_clif_equal,REV-E3,0.72,0.72,0.43999999999999995,0.7057587221521648
openbmi,39,1,all,sew_clif_equal,REV-E3,0.69,0.69,0.3799999999999999,0.6807743795695602
openbmi,39,1,n25,ann_sew_ce,RECOVERED_PARENT,0.67,0.6699999999999999,0.3400000000000001,0.6683750376846548
openbmi,39,1,n25,sew_clif_ce,RECOVERED_PARENT,0.73,0.73,0.45999999999999996,0.7175436761167486
openbmi,39,1,all,ann_sew_ce,RECOVERED_PARENT,0.59,0.5900000000000001,0.17999999999999994,0.5710848415106183
openbmi,39,1,all,sew_clif_ce,RECOVERED_PARENT,0.72,0.72,0.43999999999999995,0.7126436781609196
openbmi,39,2,n25,soft_clif_exact,REV-E1,0.74,0.74,0.48,0.7383252818035426
openbmi,39,2,all,soft_clif_exact,REV-E1,0.73,0.73,0.45999999999999996,0.7277951406391774
openbmi,39,2,n25,gru_stat,REV-E2,0.74,0.74,0.48,0.7395833333333335
openbmi,39,2,all,gru_stat,REV-E2,0.71,0.71,0.41999999999999993,0.7064480210547626
openbmi,39,2,n25,tcn_stat,REV-E2,0.73,0.73,0.45999999999999996,0.7253585596582239
openbmi,39,2,all,tcn_stat,REV-E2,0.73,0.73,0.45999999999999996,0.7297567811029926
openbmi,39,2,n25,ann_sew_equal,REV-E3,0.64,0.64,0.28,0.6216897856242118
openbmi,39,2,all,ann_sew_equal,REV-E3,0.7,0.7,0.3999999999999999,0.6921182266009853
openbmi,39,2,n25,sew_clif_equal,REV-E3,0.71,0.71,0.41999999999999993,0.7085720028137876
openbmi,39,2,all,sew_clif_equal,REV-E3,0.72,0.72,0.43999999999999995,0.7144022847817217
openbmi,39,2,n25,ann_sew_ce,RECOVERED_PARENT,0.62,0.62,0.24,0.5924495924495925
openbmi,39,2,n25,sew_clif_ce,RECOVERED_PARENT,0.76,0.76,0.52,0.7596153846153846
openbmi,39,2,all,ann_sew_ce,RECOVERED_PARENT,0.73,0.73,0.45999999999999996,0.7266929851199515
openbmi,39,2,all,sew_clif_ce,RECOVERED_PARENT,0.75,0.75,0.5,0.7479584635547939
openbmi,40,0,n25,soft_clif_exact,REV-E1,0.47,0.47000000000000003,-0.06000000000000005,0.4501504305425874
openbmi,40,0,all,soft_clif_exact,REV-E1,0.57,0.5700000000000001,0.1399999999999999,0.557203171661003
openbmi,40,0,n25,gru_stat,REV-E2,0.48,0.48,-0.040000000000000036,0.4120307553143374
openbmi,40,0,all,gru_stat,REV-E2,0.58,0.5800000000000001,0.15999999999999992,0.5757575757575757
openbmi,40,0,n25,tcn_stat,REV-E2,0.53,0.53,0.06000000000000005,0.5242433444680635
openbmi,40,0,all,tcn_stat,REV-E2,0.51,0.51,0.020000000000000018,0.5095586027424682
openbmi,40,0,n25,ann_sew_equal,REV-E3,0.55,0.55,0.10000000000000009,0.508679986898133
openbmi,40,0,all,ann_sew_equal,REV-E3,0.56,0.5599999999999999,0.1200000000000001,0.5512035903712771
openbmi,40,0,n25,sew_clif_equal,REV-E3,0.51,0.51,0.020000000000000018,0.49541756770672435
openbmi,40,0,all,sew_clif_equal,REV-E3,0.52,0.52,0.040000000000000036,0.5151515151515151
openbmi,40,0,n25,ann_sew_ce,RECOVERED_PARENT,0.49,0.49,-0.020000000000000018,0.45599999999999996
openbmi,40,0,n25,sew_clif_ce,RECOVERED_PARENT,0.47,0.47,-0.06000000000000005,0.46952257031328193
openbmi,40,0,all,ann_sew_ce,RECOVERED_PARENT,0.6,0.6,0.19999999999999996,0.586606035551881
openbmi,40,0,all,sew_clif_ce,RECOVERED_PARENT,0.49,0.49,-0.020000000000000018,0.4615140956604371
openbmi,40,1,n25,soft_clif_exact,REV-E1,0.54,0.54,0.08000000000000007,0.5066495066495066
openbmi,40,1,all,soft_clif_exact,REV-E1,0.54,0.54,0.08000000000000007,0.5279146141215106
openbmi,40,1,n25,gru_stat,REV-E2,0.53,0.53,0.06000000000000005,0.45545128026879855
openbmi,40,1,all,gru_stat,REV-E2,0.55,0.55,0.10000000000000009,0.5444883085332524
openbmi,40,1,n25,tcn_stat,REV-E2,0.54,0.54,0.08000000000000007,0.5008680555555556
openbmi,40,1,all,tcn_stat,REV-E2,0.56,0.5599999999999999,0.1200000000000001,0.528099528099528
openbmi,40,1,n25,ann_sew_equal,REV-E3,0.55,0.55,0.10000000000000009,0.5444883085332524
openbmi,40,1,all,ann_sew_equal,REV-E3,0.59,0.59,0.17999999999999994,0.5777983729790959
openbmi,40,1,n25,sew_clif_equal,REV-E3,0.5,0.5,0.0,0.4967793880837359
openbmi,40,1,all,sew_clif_equal,REV-E3,0.61,0.61,0.21999999999999997,0.60996099609961
openbmi,40,1,n25,ann_sew_ce,RECOVERED_PARENT,0.49,0.49,-0.020000000000000018,0.47826086956521735
openbmi,40,1,n25,sew_clif_ce,RECOVERED_PARENT,0.48,0.48,-0.040000000000000036,0.48
openbmi,40,1,all,ann_sew_ce,RECOVERED_PARENT,0.58,0.5800000000000001,0.15999999999999992,0.5798319327731092
openbmi,40,1,all,sew_clif_ce,RECOVERED_PARENT,0.6,0.6000000000000001,0.19999999999999996,0.5993589743589743
openbmi,40,2,n25,soft_clif_exact,REV-E1,0.55,0.55,0.10000000000000009,0.4950061721467849
openbmi,40,2,all,soft_clif_exact,REV-E1,0.47,0.47000000000000003,-0.06000000000000005,0.4501504305425874
openbmi,40,2,n25,gru_stat,REV-E2,0.62,0.62,0.24,0.596774193548387
openbmi,40,2,all,gru_stat,REV-E2,0.56,0.56,0.1200000000000001,0.5535714285714286
openbmi,40,2,n25,tcn_stat,REV-E2,0.57,0.57,0.1399999999999999,0.5413333333333333
openbmi,40,2,all,tcn_stat,REV-E2,0.6,0.6,0.19999999999999996,0.5941558441558441
openbmi,40,2,n25,ann_sew_equal,REV-E3,0.62,0.62,0.24,0.6198479391756702
openbmi,40,2,all,ann_sew_equal,REV-E3,0.67,0.6699999999999999,0.3400000000000001,0.6683750376846548
openbmi,40,2,n25,sew_clif_equal,REV-E3,0.57,0.5700000000000001,0.1399999999999999,0.50997150997151
openbmi,40,2,all,sew_clif_equal,REV-E3,0.56,0.56,0.1200000000000001,0.5592948717948718
openbmi,40,2,n25,ann_sew_ce,RECOVERED_PARENT,0.58,0.5800000000000001,0.15999999999999992,0.5793269230769231
openbmi,40,2,n25,sew_clif_ce,RECOVERED_PARENT,0.59,0.5900000000000001,0.17999999999999994,0.5464100011063171
openbmi,40,2,all,ann_sew_ce,RECOVERED_PARENT,0.64,0.64,0.28,0.6376811594202898
openbmi,40,2,all,sew_clif_ce,RECOVERED_PARENT,0.59,0.5900000000000001,0.17999999999999994,0.5866518802298619
openbmi,41,0,n25,soft_clif_exact,REV-E1,0.6,0.6000000000000001,0.19999999999999996,0.5833333333333333
openbmi,41,0,all,soft_clif_exact,REV-E1,0.65,0.65,0.30000000000000004,0.636891793754539
openbmi,41,0,n25,gru_stat,REV-E2,0.66,0.66,0.32000000000000006,0.66
openbmi,41,0,all,gru_stat,REV-E2,0.63,0.63,0.26,0.6269785260610949
openbmi,41,0,n25,tcn_stat,REV-E2,0.68,0.6799999999999999,0.3600000000000001,0.6666666666666667
openbmi,41,0,all,tcn_stat,REV-E2,0.66,0.6599999999999999,0.32000000000000006,0.6310763888888888
openbmi,41,0,n25,ann_sew_equal,REV-E3,0.49,0.49,-0.020000000000000018,0.45599999999999996
openbmi,41,0,all,ann_sew_equal,REV-E3,0.5,0.5,0.0,0.47456914670029426
openbmi,41,0,n25,sew_clif_equal,REV-E3,0.59,0.59,0.17999999999999994,0.5829518868884142
openbmi,41,0,all,sew_clif_equal,REV-E3,0.64,0.64,0.28,0.6398559423769508
openbmi,41,0,n25,ann_sew_ce,RECOVERED_PARENT,0.56,0.56,0.1200000000000001,0.5571658615136876
openbmi,41,0,n25,sew_clif_ce,RECOVERED_PARENT,0.71,0.71,0.41999999999999993,0.7085720028137876
openbmi,41,0,all,ann_sew_ce,RECOVERED_PARENT,0.65,0.65,0.30000000000000004,0.6499649964996499
openbmi,41,0,all,sew_clif_ce,RECOVERED_PARENT,0.68,0.6799999999999999,0.3600000000000001,0.6794871794871795
openbmi,41,1,n25,soft_clif_exact,REV-E1,0.58,0.58,0.15999999999999992,0.5442708333333334
openbmi,41,1,all,soft_clif_exact,REV-E1,0.68,0.6799999999999999,0.3600000000000001,0.6798719487795117
openbmi,41,1,n25,gru_stat,REV-E2,0.61,0.6100000000000001,0.21999999999999997,0.6080795899909557
openbmi,41,1,all,gru_stat,REV-E2,0.63,0.63,0.26,0.6269785260610949
openbmi,41,1,n25,tcn_stat,REV-E2,0.64,0.64,0.28,0.6398559423769508
openbmi,41,1,all,tcn_stat,REV-E2,0.7,0.7,0.3999999999999999,0.6995192307692307
openbmi,41,1,n25,ann_sew_equal,REV-E3,0.54,0.54,0.08000000000000007,0.5383380168606985
openbmi,41,1,all,ann_sew_equal,REV-E3,0.58,0.58,0.15999999999999992,0.5738636363636364
openbmi,41,1,n25,sew_clif_equal,REV-E3,0.63,0.63,0.26,0.6214833759590792
openbmi,41,1,all,sew_clif_equal,REV-E3,0.7,0.7,0.3999999999999999,0.6995192307692307
openbmi,41,1,n25,ann_sew_ce,RECOVERED_PARENT,0.56,0.5599999999999999,0.1200000000000001,0.5512035903712771
openbmi,41,1,n25,sew_clif_ce,RECOVERED_PARENT,0.61,0.61,0.21999999999999997,0.6010230179028133
openbmi,41,1,all,ann_sew_ce,RECOVERED_PARENT,0.61,0.6100000000000001,0.21999999999999997,0.6090225563909775
openbmi,41,1,all,sew_clif_ce,RECOVERED_PARENT,0.66,0.66,0.32000000000000006,0.66
openbmi,41,2,n25,soft_clif_exact,REV-E1,0.61,0.61,0.21999999999999997,0.6032956972841013
openbmi,41,2,all,soft_clif_exact,REV-E1,0.6,0.6,0.19999999999999996,0.595959595959596
openbmi,41,2,n25,gru_stat,REV-E2,0.62,0.62,0.24,0.6175523349436394
openbmi,41,2,all,gru_stat,REV-E2,0.61,0.6100000000000001,0.21999999999999997,0.6090225563909775
openbmi,41,2,n25,tcn_stat,REV-E2,0.62,0.62,0.24,0.6006725514922236
openbmi,41,2,all,tcn_stat,REV-E2,0.68,0.68,0.3600000000000001,0.6753246753246753
openbmi,41,2,n25,ann_sew_equal,REV-E3,0.56,0.56,0.1200000000000001,0.5592948717948718
openbmi,41,2,all,ann_sew_equal,REV-E3,0.61,0.61,0.21999999999999997,0.6096486838154338
openbmi,41,2,n25,sew_clif_equal,REV-E3,0.62,0.62,0.24,0.6175523349436394
openbmi,41,2,all,sew_clif_equal,REV-E3,0.64,0.64,0.28,0.6347402597402597
openbmi,41,2,n25,ann_sew_ce,RECOVERED_PARENT,0.56,0.56,0.1200000000000001,0.548440065681445
openbmi,41,2,n25,sew_clif_ce,RECOVERED_PARENT,0.65,0.6499999999999999,0.30000000000000004,0.6482765551200884
openbmi,41,2,all,ann_sew_ce,RECOVERED_PARENT,0.63,0.63,0.26,0.6269785260610949
openbmi,41,2,all,sew_clif_ce,RECOVERED_PARENT,0.65,0.65,0.30000000000000004,0.6471418489767113
openbmi,42,0,n25,soft_clif_exact,REV-E1,0.7,0.7,0.3999999999999999,0.6875
openbmi,42,0,all,soft_clif_exact,REV-E1,0.73,0.73,0.45999999999999996,0.7266929851199515
openbmi,42,0,n25,gru_stat,REV-E2,0.7,0.7,0.3999999999999999,0.6847414880201765
openbmi,42,0,all,gru_stat,REV-E2,0.7,0.7,0.3999999999999999,0.6940024479804162
openbmi,42,0,n25,tcn_stat,REV-E2,0.74,0.74,0.48,0.7362012987012987
openbmi,42,0,all,tcn_stat,REV-E2,0.69,0.69,0.3799999999999999,0.6807743795695602
openbmi,42,0,n25,ann_sew_equal,REV-E3,0.62,0.62,0.24,0.6072757337742869
openbmi,42,0,all,ann_sew_equal,REV-E3,0.63,0.63,0.26,0.6236395076797885
openbmi,42,0,n25,sew_clif_equal,REV-E3,0.69,0.69,0.3799999999999999,0.6656239887822242
openbmi,42,0,all,sew_clif_equal,REV-E3,0.67,0.6699999999999999,0.3400000000000001,0.6601791782514674
openbmi,42,0,n25,ann_sew_ce,RECOVERED_PARENT,0.6,0.6000000000000001,0.19999999999999996,0.5833333333333333
openbmi,42,0,n25,sew_clif_ce,RECOVERED_PARENT,0.73,0.73,0.45999999999999996,0.7149192271143491
openbmi,42,0,all,ann_sew_ce,RECOVERED_PARENT,0.65,0.65,0.30000000000000004,0.6496847162446201
openbmi,42,0,all,sew_clif_ce,RECOVERED_PARENT,0.68,0.6799999999999999,0.3600000000000001,0.6666666666666667
openbmi,42,1,n25,soft_clif_exact,REV-E1,0.69,0.69,0.3799999999999999,0.6892230576441103
openbmi,42,1,all,soft_clif_exact,REV-E1,0.71,0.71,0.41999999999999993,0.6991389148251893
openbmi,42,1,n25,gru_stat,REV-E2,0.57,0.5700000000000001,0.1399999999999999,0.557203171661003
openbmi,42,1,all,gru_stat,REV-E2,0.61,0.61,0.21999999999999997,0.5953937130407718
openbmi,42,1,n25,tcn_stat,REV-E2,0.66,0.66,0.32000000000000006,0.6532027743778049
openbmi,42,1,all,tcn_stat,REV-E2,0.69,0.69,0.3799999999999999,0.6846709388668497
openbmi,42,1,n25,ann_sew_equal,REV-E3,0.47,0.47,-0.06000000000000005,0.4608890245142916
openbmi,42,1,all,ann_sew_equal,REV-E3,0.55,0.55,0.10000000000000009,0.54995499549955
openbmi,42,1,n25,sew_clif_equal,REV-E3,0.69,0.69,0.3799999999999999,0.6897207486738064
openbmi,42,1,all,sew_clif_equal,REV-E3,0.65,0.65,0.30000000000000004,0.6419437340153452
openbmi,42,1,n25,ann_sew_ce,RECOVERED_PARENT,0.54,0.54,0.08000000000000007,0.5332792207792207
openbmi,42,1,n25,sew_clif_ce,RECOVERED_PARENT,0.66,0.66,0.32000000000000006,0.66
openbmi,42,1,all,ann_sew_ce,RECOVERED_PARENT,0.56,0.56,0.1200000000000001,0.5571658615136876
openbmi,42,1,all,sew_clif_ce,RECOVERED_PARENT,0.65,0.65,0.30000000000000004,0.6439833180754755
openbmi,42,2,n25,soft_clif_exact,REV-E1,0.64,0.64,0.28,0.6363636363636365
openbmi,42,2,all,soft_clif_exact,REV-E1,0.63,0.63,0.26,0.6189887756152817
openbmi,42,2,n25,gru_stat,REV-E2,0.72,0.72,0.43999999999999995,0.7171717171717171
openbmi,42,2,all,gru_stat,REV-E2,0.68,0.6799999999999999,0.3600000000000001,0.6736026111791106
openbmi,42,2,n25,tcn_stat,REV-E2,0.7,0.7,0.3999999999999999,0.6940024479804162
openbmi,42,2,all,tcn_stat,REV-E2,0.7,0.7,0.3999999999999999,0.6956168831168832
openbmi,42,2,n25,ann_sew_equal,REV-E3,0.62,0.62,0.24,0.6124031007751938
openbmi,42,2,all,ann_sew_equal,REV-E3,0.61,0.61,0.21999999999999997,0.6010230179028133
openbmi,42,2,n25,sew_clif_equal,REV-E3,0.71,0.71,0.41999999999999993,0.7076318177235609
openbmi,42,2,all,sew_clif_equal,REV-E3,0.63,0.63,0.26,0.6053333333333333
openbmi,42,2,n25,ann_sew_ce,RECOVERED_PARENT,0.61,0.61,0.21999999999999997,0.60996099609961
openbmi,42,2,n25,sew_clif_ce,RECOVERED_PARENT,0.67,0.67,0.3400000000000001,0.6643271284711627
openbmi,42,2,all,ann_sew_ce,RECOVERED_PARENT,0.59,0.59,0.17999999999999994,0.5777983729790959
openbmi,42,2,all,sew_clif_ce,RECOVERED_PARENT,0.63,0.63,0.26,0.6053333333333333
openbmi,43,0,n25,soft_clif_exact,REV-E1,0.78,0.78,0.56,0.78
openbmi,43,0,all,soft_clif_exact,REV-E1,0.8,0.8,0.6000000000000001,0.7996794871794872
openbmi,43,0,n25,gru_stat,REV-E2,0.82,0.8200000000000001,0.6399999999999999,0.8197115384615385
openbmi,43,0,all,gru_stat,REV-E2,0.84,0.8400000000000001,0.6799999999999999,0.8397435897435896
openbmi,43,0,n25,tcn_stat,REV-E2,0.81,0.81,0.6200000000000001,0.8090644156366193
openbmi,43,0,all,tcn_stat,REV-E2,0.79,0.79,0.5800000000000001,0.78997899789979
openbmi,43,0,n25,ann_sew_equal,REV-E3,0.63,0.63,0.26,0.6214833759590792
openbmi,43,0,all,ann_sew_equal,REV-E3,0.61,0.61,0.21999999999999997,0.60996099609961
openbmi,43,0,n25,sew_clif_equal,REV-E3,0.79,0.79,0.5800000000000001,0.7863899908452854
openbmi,43,0,all,sew_clif_equal,REV-E3,0.83,0.8300000000000001,0.6599999999999999,0.8286117552172598
openbmi,43,0,n25,ann_sew_ce,RECOVERED_PARENT,0.66,0.6599999999999999,0.32000000000000006,0.6587715776796468
openbmi,43,0,n25,sew_clif_ce,RECOVERED_PARENT,0.78,0.78,0.56,0.7785829307568439
openbmi,43,0,all,ann_sew_ce,RECOVERED_PARENT,0.64,0.64,0.28,0.639423076923077
openbmi,43,0,all,sew_clif_ce,RECOVERED_PARENT,0.8,0.8,0.6000000000000001,0.7992773986350863
openbmi,43,1,n25,soft_clif_exact,REV-E1,0.76,0.76,0.52,0.755201958384333
openbmi,43,1,all,soft_clif_exact,REV-E1,0.82,0.8200000000000001,0.6399999999999999,0.8181818181818181
openbmi,43,1,n25,gru_stat,REV-E2,0.78,0.78,0.56,0.7708333333333333
openbmi,43,1,all,gru_stat,REV-E2,0.78,0.78,0.56,0.779205138498595
openbmi,43,1,n25,tcn_stat,REV-E2,0.79,0.79,0.5800000000000001,0.7837503861600247
openbmi,43,1,all,tcn_stat,REV-E2,0.79,0.79,0.5800000000000001,0.7882851093860268
openbmi,43,1,n25,ann_sew_equal,REV-E3,0.62,0.62,0.24,0.596774193548387
openbmi,43,1,all,ann_sew_equal,REV-E3,0.59,0.5900000000000001,0.17999999999999994,0.5710848415106183
openbmi,43,1,n25,sew_clif_equal,REV-E3,0.81,0.81,0.6200000000000001,0.8084484323016432
openbmi,43,1,all,sew_clif_equal,REV-E3,0.82,0.8200000000000001,0.6399999999999999,0.818840579710145
openbmi,43,1,n25,ann_sew_ce,RECOVERED_PARENT,0.6,0.6,0.19999999999999996,0.5604395604395604
openbmi,43,1,n25,sew_clif_ce,RECOVERED_PARENT,0.8,0.8,0.6000000000000001,0.7987117552334944
openbmi,43,1,all,ann_sew_ce,RECOVERED_PARENT,0.6,0.6,0.19999999999999996,0.5941558441558441
openbmi,43,1,all,sew_clif_ce,RECOVERED_PARENT,0.82,0.82,0.6399999999999999,0.8173701298701298
openbmi,43,2,n25,soft_clif_exact,REV-E1,0.73,0.73,0.45999999999999996,0.7266929851199515
openbmi,43,2,all,soft_clif_exact,REV-E1,0.74,0.74,0.48,0.7312939231087227
openbmi,43,2,n25,gru_stat,REV-E2,0.7,0.7,0.3999999999999999,0.6782496782496782
openbmi,43,2,all,gru_stat,REV-E2,0.83,0.8300000000000001,0.6599999999999999,0.8291628982011858
openbmi,43,2,n25,tcn_stat,REV-E2,0.75,0.75,0.5,0.7384663667747673
openbmi,43,2,all,tcn_stat,REV-E2,0.79,0.79,0.5800000000000001,0.7837503861600247
openbmi,43,2,n25,ann_sew_equal,REV-E3,0.61,0.61,0.21999999999999997,0.60996099609961
openbmi,43,2,all,ann_sew_equal,REV-E3,0.65,0.65,0.30000000000000004,0.6471418489767113
openbmi,43,2,n25,sew_clif_equal,REV-E3,0.77,0.77,0.54,0.7681217864704104
openbmi,43,2,all,sew_clif_equal,REV-E3,0.78,0.78,0.56,0.7742200328407225
openbmi,43,2,n25,ann_sew_ce,RECOVERED_PARENT,0.65,0.65,0.30000000000000004,0.6499649964996499
openbmi,43,2,n25,sew_clif_ce,RECOVERED_PARENT,0.75,0.75,0.5,0.7469379491851402
openbmi,43,2,all,ann_sew_ce,RECOVERED_PARENT,0.55,0.55,0.10000000000000009,0.5463252343986289
openbmi,43,2,all,sew_clif_ce,RECOVERED_PARENT,0.76,0.76,0.52,0.7536945812807881
openbmi,44,0,n25,soft_clif_exact,REV-E1,0.93,0.9299999999999999,0.8600000000000001,0.9298245614035088
openbmi,44,0,all,soft_clif_exact,REV-E1,0.89,0.8899999999999999,0.78,0.8897243107769424
openbmi,44,0,n25,gru_stat,REV-E2,0.91,0.91,0.8200000000000001,0.90999099909991
openbmi,44,0,all,gru_stat,REV-E2,0.93,0.9299999999999999,0.8600000000000001,0.9298245614035088
openbmi,44,0,n25,tcn_stat,REV-E2,0.87,0.87,0.74,0.8693598633303186
openbmi,44,0,all,tcn_stat,REV-E2,0.93,0.9299999999999999,0.8600000000000001,0.9299929992999301
openbmi,44,0,n25,ann_sew_equal,REV-E3,0.66,0.6599999999999999,0.32000000000000006,0.6594551282051282
openbmi,44,0,all,ann_sew_equal,REV-E3,0.74,0.74,0.48,0.7383252818035426
openbmi,44,0,n25,sew_clif_equal,REV-E3,0.92,0.9199999999999999,0.8400000000000001,0.919967987194878
openbmi,44,0,all,sew_clif_equal,REV-E3,0.91,0.9099999999999999,0.8200000000000001,0.9097744360902256
openbmi,44,0,n25,ann_sew_ce,RECOVERED_PARENT,0.67,0.67,0.3400000000000001,0.66996699669967
openbmi,44,0,n25,sew_clif_ce,RECOVERED_PARENT,0.91,0.91,0.8200000000000001,0.90999099909991
openbmi,44,0,all,ann_sew_ce,RECOVERED_PARENT,0.74,0.74,0.48,0.7331691297208538
openbmi,44,0,all,sew_clif_ce,RECOVERED_PARENT,0.92,0.9199999999999999,0.8400000000000001,0.919967987194878
openbmi,44,1,n25,soft_clif_exact,REV-E1,0.96,0.96,0.9199999999999999,0.959983993597439
openbmi,44,1,all,soft_clif_exact,REV-E1,0.95,0.95,0.8999999999999999,0.949954959463517
openbmi,44,1,n25,gru_stat,REV-E2,0.88,0.88,0.76,0.8792270531400966
openbmi,44,1,all,gru_stat,REV-E2,0.93,0.9299999999999999,0.8600000000000001,0.9298245614035088
openbmi,44,1,n25,tcn_stat,REV-E2,0.9,0.8999999999999999,0.8,0.8993558776167472
openbmi,44,1,all,tcn_stat,REV-E2,0.92,0.9199999999999999,0.8400000000000001,0.9197109594540345
openbmi,44,1,n25,ann_sew_equal,REV-E3,0.66,0.6599999999999999,0.32000000000000006,0.6587715776796468
openbmi,44,1,all,ann_sew_equal,REV-E3,0.78,0.78,0.56,0.7785829307568439
openbmi,44,1,n25,sew_clif_equal,REV-E3,0.91,0.9099999999999999,0.8200000000000001,0.9095568284594513
openbmi,44,1,all,sew_clif_equal,REV-E3,0.94,0.94,0.8799999999999999,0.9399038461538463
openbmi,44,1,n25,ann_sew_ce,RECOVERED_PARENT,0.71,0.71,0.41999999999999993,0.6906666666666665
openbmi,44,1,n25,sew_clif_ce,RECOVERED_PARENT,0.92,0.92,0.8400000000000001,0.92
openbmi,44,1,all,ann_sew_ce,RECOVERED_PARENT,0.79,0.79,0.5800000000000001,0.7894736842105263
openbmi,44,1,all,sew_clif_ce,RECOVERED_PARENT,0.93,0.9299999999999999,0.8600000000000001,0.9298245614035088
openbmi,44,2,n25,soft_clif_exact,REV-E1,0.94,0.94,0.8799999999999999,0.9399759903961584
openbmi,44,2,all,soft_clif_exact,REV-E1,0.9,0.9,0.8,0.8999599839935974
openbmi,44,2,n25,gru_stat,REV-E2,0.9,0.9,0.8,0.8999599839935974
openbmi,44,2,all,gru_stat,REV-E2,0.9,0.8999999999999999,0.8,0.8993558776167472
openbmi,44,2,n25,tcn_stat,REV-E2,0.91,0.91,0.8200000000000001,0.90999099909991
openbmi,44,2,all,tcn_stat,REV-E2,0.92,0.9199999999999999,0.8400000000000001,0.9198717948717948
openbmi,44,2,n25,ann_sew_equal,REV-E3,0.72,0.72,0.43999999999999995,0.7083333333333334
openbmi,44,2,all,ann_sew_equal,REV-E3,0.74,0.74,0.48,0.7348021215830274
openbmi,44,2,n25,sew_clif_equal,REV-E3,0.87,0.87,0.74,0.8693598633303186
openbmi,44,2,all,sew_clif_equal,REV-E3,0.92,0.9199999999999999,0.8400000000000001,0.919967987194878
openbmi,44,2,n25,ann_sew_ce,RECOVERED_PARENT,0.69,0.6900000000000001,0.3799999999999999,0.6726850385386971
openbmi,44,2,n25,sew_clif_ce,RECOVERED_PARENT,0.94,0.94,0.8799999999999999,0.9399759903961584
openbmi,44,2,all,ann_sew_ce,RECOVERED_PARENT,0.74,0.74,0.48,0.7331691297208538
openbmi,44,2,all,sew_clif_ce,RECOVERED_PARENT,0.94,0.94,0.8799999999999999,0.9399759903961584
openbmi,45,0,n25,soft_clif_exact,REV-E1,0.87,0.87,0.74,0.8677652324280338
openbmi,45,0,all,soft_clif_exact,REV-E1,0.88,0.88,0.76,0.8782467532467533
openbmi,45,0,n25,gru_stat,REV-E2,0.86,0.86,0.72,0.8572011423908608
openbmi,45,0,all,gru_stat,REV-E2,0.89,0.89,0.78,0.8886526976414617
openbmi,45,0,n25,tcn_stat,REV-E2,0.88,0.88,0.76,0.8782467532467533
openbmi,45,0,all,tcn_stat,REV-E2,0.87,0.87,0.74,0.8677652324280338
openbmi,45,0,n25,ann_sew_equal,REV-E3,0.67,0.67,0.3400000000000001,0.6547756041426929
openbmi,45,0,all,ann_sew_equal,REV-E3,0.8,0.8,0.6000000000000001,0.7992773986350863
openbmi,45,0,n25,sew_clif_equal,REV-E3,0.89,0.89,0.78,0.8891017239641092
openbmi,45,0,all,sew_clif_equal,REV-E3,0.9,0.9,0.8,0.898989898989899
openbmi,45,0,n25,ann_sew_ce,RECOVERED_PARENT,0.74,0.74,0.48,0.7383252818035426
openbmi,45,0,n25,sew_clif_ce,RECOVERED_PARENT,0.9,0.9,0.8,0.898989898989899
openbmi,45,0,all,ann_sew_ce,RECOVERED_PARENT,0.7,0.7,0.3999999999999999,0.6921182266009853
openbmi,45,0,all,sew_clif_ce,RECOVERED_PARENT,0.88,0.88,0.76,0.8782467532467533
openbmi,45,1,n25,soft_clif_exact,REV-E1,0.88,0.8799999999999999,0.76,0.8795664391810518
openbmi,45,1,all,soft_clif_exact,REV-E1,0.88,0.88,0.76,0.8782467532467533
openbmi,45,1,n25,gru_stat,REV-E2,0.87,0.87,0.74,0.8693598633303186
openbmi,45,1,all,gru_stat,REV-E2,0.88,0.88,0.76,0.8792270531400966
openbmi,45,1,n25,tcn_stat,REV-E2,0.87,0.87,0.74,0.8677652324280338
openbmi,45,1,all,tcn_stat,REV-E2,0.87,0.87,0.74,0.8696741854636592
openbmi,45,1,n25,ann_sew_equal,REV-E3,0.61,0.61,0.21999999999999997,0.5400400990682864
openbmi,45,1,all,ann_sew_equal,REV-E3,0.68,0.6799999999999999,0.3600000000000001,0.6483516483516484
openbmi,45,1,n25,sew_clif_equal,REV-E3,0.86,0.86,0.72,0.8585858585858586
openbmi,45,1,all,sew_clif_equal,REV-E3,0.88,0.88,0.76,0.8787878787878789
openbmi,45,1,n25,ann_sew_ce,RECOVERED_PARENT,0.6,0.6,0.19999999999999996,0.5238095238095238
openbmi,45,1,n25,sew_clif_ce,RECOVERED_PARENT,0.86,0.86,0.72,0.8579545454545454
openbmi,45,1,all,ann_sew_ce,RECOVERED_PARENT,0.67,0.6699999999999999,0.3400000000000001,0.6396986570586309
openbmi,45,1,all,sew_clif_ce,RECOVERED_PARENT,0.88,0.8799999999999999,0.76,0.8795664391810518
openbmi,45,2,n25,soft_clif_exact,REV-E1,0.86,0.86,0.72,0.8572011423908608
openbmi,45,2,all,soft_clif_exact,REV-E1,0.88,0.88,0.76,0.8782467532467533
openbmi,45,2,n25,gru_stat,REV-E2,0.83,0.8300000000000001,0.6599999999999999,0.8249407887962106
openbmi,45,2,all,gru_stat,REV-E2,0.86,0.86,0.72,0.8572011423908608
openbmi,45,2,n25,tcn_stat,REV-E2,0.84,0.8400000000000001,0.6799999999999999,0.8357963875205254
openbmi,45,2,all,tcn_stat,REV-E2,0.86,0.86,0.72,0.8572011423908608
openbmi,45,2,n25,ann_sew_equal,REV-E3,0.62,0.62,0.24,0.5766488413547237
openbmi,45,2,all,ann_sew_equal,REV-E3,0.65,0.65,0.30000000000000004,0.612789025334661
openbmi,45,2,n25,sew_clif_equal,REV-E3,0.83,0.8300000000000001,0.6599999999999999,0.8249407887962106
openbmi,45,2,all,sew_clif_equal,REV-E3,0.89,0.89,0.78,0.8886526976414617
openbmi,45,2,n25,ann_sew_ce,RECOVERED_PARENT,0.61,0.61,0.21999999999999997,0.568536342515765
openbmi,45,2,n25,sew_clif_ce,RECOVERED_PARENT,0.84,0.84,0.6799999999999999,0.8368013055895552
openbmi,45,2,all,ann_sew_ce,RECOVERED_PARENT,0.65,0.65,0.30000000000000004,0.6072270227808327
openbmi,45,2,all,sew_clif_ce,RECOVERED_PARENT,0.86,0.86,0.72,0.8572011423908608
openbmi,46,0,n25,soft_clif_exact,REV-E1,0.68,0.6799999999999999,0.3600000000000001,0.6767676767676767
openbmi,46,0,all,soft_clif_exact,REV-E1,0.6,0.6,0.19999999999999996,0.586606035551881
openbmi,46,0,n25,gru_stat,REV-E2,0.67,0.6699999999999999,0.3400000000000001,0.6601791782514674
openbmi,46,0,all,gru_stat,REV-E2,0.69,0.69,0.3799999999999999,0.6756982948007114
openbmi,46,0,n25,tcn_stat,REV-E2,0.77,0.77,0.54,0.767182913250329
openbmi,46,0,all,tcn_stat,REV-E2,0.71,0.71,0.41999999999999993,0.7099709970997101
openbmi,46,0,n25,ann_sew_equal,REV-E3,0.72,0.72,0.43999999999999995,0.7106242248863166
openbmi,46,0,all,ann_sew_equal,REV-E3,0.73,0.73,0.45999999999999996,0.7253585596582239
openbmi,46,0,n25,sew_clif_equal,REV-E3,0.72,0.72,0.43999999999999995,0.7083333333333334
openbmi,46,0,all,sew_clif_equal,REV-E3,0.68,0.6799999999999999,0.3600000000000001,0.677938808373591
openbmi,46,0,n25,ann_sew_ce,RECOVERED_PARENT,0.63,0.63,0.26,0.6214833759590792
openbmi,46,0,n25,sew_clif_ce,RECOVERED_PARENT,0.67,0.6699999999999999,0.3400000000000001,0.6349153667441089
openbmi,46,0,all,ann_sew_ce,RECOVERED_PARENT,0.74,0.74,0.48,0.74
openbmi,46,0,all,sew_clif_ce,RECOVERED_PARENT,0.7,0.7,0.3999999999999999,0.6980676328502415
openbmi,46,1,n25,soft_clif_exact,REV-E1,0.66,0.66,0.32000000000000006,0.6598639455782312
openbmi,46,1,all,soft_clif_exact,REV-E1,0.61,0.61,0.21999999999999997,0.5920075321686369
openbmi,46,1,n25,gru_stat,REV-E2,0.55,0.55,0.10000000000000009,0.529239460194581
openbmi,46,1,all,gru_stat,REV-E2,0.65,0.65,0.30000000000000004,0.6266666666666667
openbmi,46,1,n25,tcn_stat,REV-E2,0.63,0.63,0.26,0.6290726817042607
openbmi,46,1,all,tcn_stat,REV-E2,0.64,0.64,0.28,0.6179966044142614
openbmi,46,1,n25,ann_sew_equal,REV-E3,0.68,0.68,0.3600000000000001,0.68
openbmi,46,1,all,ann_sew_equal,REV-E3,0.63,0.63,0.26,0.5783475783475783
openbmi,46,1,n25,sew_clif_equal,REV-E3,0.64,0.64,0.28,0.6328029375764994
openbmi,46,1,all,sew_clif_equal,REV-E3,0.64,0.64,0.28,0.5989304812834224
openbmi,46,1,n25,ann_sew_ce,RECOVERED_PARENT,0.6,0.6,0.19999999999999996,0.5920032639738881
openbmi,46,1,n25,sew_clif_ce,RECOVERED_PARENT,0.65,0.65,0.30000000000000004,0.6471418489767113
openbmi,46,1,all,ann_sew_ce,RECOVERED_PARENT,0.71,0.71,0.41999999999999993,0.69662098545873
openbmi,46,1,all,sew_clif_ce,RECOVERED_PARENT,0.62,0.62,0.24,0.5703301673450927
openbmi,46,2,n25,soft_clif_exact,REV-E1,0.55,0.55,0.10000000000000009,0.4786235662148072
openbmi,46,2,all,soft_clif_exact,REV-E1,0.63,0.63,0.26,0.6129302228266555
openbmi,46,2,n25,gru_stat,REV-E2,0.6,0.6,0.19999999999999996,0.5894909688013137
openbmi,46,2,all,gru_stat,REV-E2,0.61,0.61,0.21999999999999997,0.6032956972841013
openbmi,46,2,n25,tcn_stat,REV-E2,0.6,0.6,0.19999999999999996,0.5998399359743898
openbmi,46,2,all,tcn_stat,REV-E2,0.62,0.62,0.24,0.6193910256410255
openbmi,46,2,n25,ann_sew_equal,REV-E3,0.61,0.6100000000000001,0.21999999999999997,0.6090225563909775
openbmi,46,2,all,ann_sew_equal,REV-E3,0.63,0.63,0.26,0.6281780725555222
openbmi,46,2,n25,sew_clif_equal,REV-E3,0.62,0.62,0.24,0.6198479391756702
openbmi,46,2,all,sew_clif_equal,REV-E3,0.62,0.62,0.24,0.6198479391756702
openbmi,46,2,n25,ann_sew_ce,RECOVERED_PARENT,0.62,0.62,0.24,0.6041666666666667
openbmi,46,2,n25,sew_clif_ce,RECOVERED_PARENT,0.62,0.62,0.24,0.6175523349436394
openbmi,46,2,all,ann_sew_ce,RECOVERED_PARENT,0.69,0.69,0.3799999999999999,0.6884735202492211
openbmi,46,2,all,sew_clif_ce,RECOVERED_PARENT,0.66,0.66,0.32000000000000006,0.6565656565656566
openbmi,47,0,n25,soft_clif_exact,REV-E1,0.47,0.47,-0.06000000000000005,0.46994699469946993
openbmi,47,0,all,soft_clif_exact,REV-E1,0.54,0.54,0.08000000000000007,0.5208333333333333
openbmi,47,0,n25,gru_stat,REV-E2,0.56,0.56,0.1200000000000001,0.548440065681445
openbmi,47,0,all,gru_stat,REV-E2,0.56,0.56,0.1200000000000001,0.5592948717948718
openbmi,47,0,n25,tcn_stat,REV-E2,0.56,0.56,0.1200000000000001,0.5584102769971899
openbmi,47,0,all,tcn_stat,REV-E2,0.55,0.55,0.10000000000000009,0.5495946351716544
openbmi,47,0,n25,ann_sew_equal,REV-E3,0.58,0.5800000000000001,0.15999999999999992,0.5772946859903382
openbmi,47,0,all,ann_sew_equal,REV-E3,0.57,0.57,0.1399999999999999,0.5601023017902813
openbmi,47,0,n25,sew_clif_equal,REV-E3,0.57,0.5700000000000001,0.1399999999999999,0.5501621508525997
openbmi,47,0,all,sew_clif_equal,REV-E3,0.55,0.55,0.10000000000000009,0.529239460194581
openbmi,47,0,n25,ann_sew_ce,RECOVERED_PARENT,0.57,0.5700000000000001,0.1399999999999999,0.56995699569957
openbmi,47,0,n25,sew_clif_ce,RECOVERED_PARENT,0.53,0.53,0.06000000000000005,0.5037482842360891
openbmi,47,0,all,ann_sew_ce,RECOVERED_PARENT,0.56,0.56,0.1200000000000001,0.5592948717948718
openbmi,47,0,all,sew_clif_ce,RECOVERED_PARENT,0.59,0.5900000000000001,0.17999999999999994,0.5889724310776943
openbmi,47,1,n25,soft_clif_exact,REV-E1,0.58,0.5800000000000001,0.15999999999999992,0.5320855614973262
openbmi,47,1,all,soft_clif_exact,REV-E1,0.61,0.61,0.21999999999999997,0.60996099609961
openbmi,47,1,n25,gru_stat,REV-E2,0.64,0.64,0.28,0.6328029375764994
openbmi,47,1,all,gru_stat,REV-E2,0.56,0.56,0.1200000000000001,0.5598239295718288
openbmi,47,1,n25,tcn_stat,REV-E2,0.56,0.56,0.1200000000000001,0.5592948717948718
openbmi,47,1,all,tcn_stat,REV-E2,0.55,0.55,0.10000000000000009,0.54995499549955
openbmi,47,1,n25,ann_sew_equal,REV-E3,0.65,0.65,0.30000000000000004,0.6419437340153452
openbmi,47,1,all,ann_sew_equal,REV-E3,0.64,0.64,0.28,0.64
openbmi,47,1,n25,sew_clif_equal,REV-E3,0.6,0.6,0.19999999999999996,0.595959595959596
openbmi,47,1,all,sew_clif_equal,REV-E3,0.66,0.6599999999999999,0.32000000000000006,0.6578099838969405
openbmi,47,1,n25,ann_sew_ce,RECOVERED_PARENT,0.67,0.67,0.3400000000000001,0.6659580929243851
openbmi,47,1,n25,sew_clif_ce,RECOVERED_PARENT,0.63,0.63,0.26,0.6214833759590792
openbmi,47,1,all,ann_sew_ce,RECOVERED_PARENT,0.65,0.65,0.30000000000000004,0.6499649964996499
openbmi,47,1,all,sew_clif_ce,RECOVERED_PARENT,0.67,0.67,0.3400000000000001,0.6659580929243851
openbmi,47,2,n25,soft_clif_exact,REV-E1,0.48,0.48,-0.040000000000000036,0.4025735294117647
openbmi,47,2,all,soft_clif_exact,REV-E1,0.55,0.55,0.10000000000000009,0.5146154675870995
openbmi,47,2,n25,gru_stat,REV-E2,0.51,0.51,0.020000000000000018,0.48263118994826315
openbmi,47,2,all,gru_stat,REV-E2,0.57,0.5700000000000001,0.1399999999999999,0.5664885573142453
openbmi,47,2,n25,tcn_stat,REV-E2,0.5,0.5,0.0,0.47456914670029426
openbmi,47,2,all,tcn_stat,REV-E2,0.57,0.5700000000000001,0.1399999999999999,0.5696126513862476
openbmi,47,2,n25,ann_sew_equal,REV-E3,0.6,0.6,0.19999999999999996,0.5796553173602353
openbmi,47,2,all,ann_sew_equal,REV-E3,0.62,0.62,0.24,0.6072757337742869
openbmi,47,2,n25,sew_clif_equal,REV-E3,0.57,0.5700000000000001,0.1399999999999999,0.5664885573142453
openbmi,47,2,all,sew_clif_equal,REV-E3,0.7,0.7,0.3999999999999999,0.6980676328502415
openbmi,47,2,n25,ann_sew_ce,RECOVERED_PARENT,0.58,0.5800000000000001,0.15999999999999992,0.5798319327731092
openbmi,47,2,n25,sew_clif_ce,RECOVERED_PARENT,0.55,0.55,0.10000000000000009,0.5331465919701215
openbmi,47,2,all,ann_sew_ce,RECOVERED_PARENT,0.58,0.5800000000000001,0.15999999999999992,0.5757575757575757
openbmi,47,2,all,sew_clif_ce,RECOVERED_PARENT,0.61,0.61,0.21999999999999997,0.60996099609961
openbmi,48,0,n25,soft_clif_exact,REV-E1,0.48,0.48000000000000004,-0.040000000000000036,0.4206773618538324
openbmi,48,0,all,soft_clif_exact,REV-E1,0.5,0.5,0.0,0.46943972835314096
openbmi,48,0,n25,gru_stat,REV-E2,0.53,0.53,0.06000000000000005,0.5160127690248172
openbmi,48,0,all,gru_stat,REV-E2,0.52,0.52,0.040000000000000036,0.512987012987013
openbmi,48,0,n25,tcn_stat,REV-E2,0.48,0.48,-0.040000000000000036,0.4285714285714286
openbmi,48,0,all,tcn_stat,REV-E2,0.56,0.56,0.1200000000000001,0.5592948717948718
openbmi,48,0,n25,ann_sew_equal,REV-E3,0.49,0.49,-0.020000000000000018,0.46647138822052514
openbmi,48,0,all,ann_sew_equal,REV-E3,0.5,0.5,0.0,0.49919871794871795
openbmi,48,0,n25,sew_clif_equal,REV-E3,0.49,0.49,-0.020000000000000018,0.4188034188034188
openbmi,48,0,all,sew_clif_equal,REV-E3,0.51,0.51,0.020000000000000018,0.4873940788785438
openbmi,48,0,n25,ann_sew_ce,RECOVERED_PARENT,0.54,0.54,0.08000000000000007,0.5066495066495066
openbmi,48,0,n25,sew_clif_ce,RECOVERED_PARENT,0.52,0.52,0.040000000000000036,0.43899018232819076
openbmi,48,0,all,ann_sew_ce,RECOVERED_PARENT,0.46,0.46,-0.07999999999999996,0.4545454545454545
openbmi,48,0,all,sew_clif_ce,RECOVERED_PARENT,0.53,0.53,0.06000000000000005,0.5160127690248172
openbmi,48,1,n25,soft_clif_exact,REV-E1,0.49,0.49,-0.020000000000000018,0.48583526565177937
openbmi,48,1,all,soft_clif_exact,REV-E1,0.57,0.5700000000000001,0.1399999999999999,0.56995699569957
openbmi,48,1,n25,gru_stat,REV-E2,0.47,0.47,-0.06000000000000005,0.468671679197995
openbmi,48,1,all,gru_stat,REV-E2,0.53,0.53,0.06000000000000005,0.5288220551378446
openbmi,48,1,n25,tcn_stat,REV-E2,0.46,0.46,-0.07999999999999996,0.4545454545454545
openbmi,48,1,all,tcn_stat,REV-E2,0.57,0.5700000000000001,0.1399999999999999,0.5696126513862476
openbmi,48,1,n25,ann_sew_equal,REV-E3,0.55,0.55,0.10000000000000009,0.5463252343986289
openbmi,48,1,all,ann_sew_equal,REV-E3,0.52,0.52,0.040000000000000036,0.5151515151515151
openbmi,48,1,n25,sew_clif_equal,REV-E3,0.5,0.5,0.0,0.4949494949494949
openbmi,48,1,all,sew_clif_equal,REV-E3,0.53,0.53,0.06000000000000005,0.5276856597326902
openbmi,48,1,n25,ann_sew_ce,RECOVERED_PARENT,0.5,0.5,0.0,0.5
openbmi,48,1,n25,sew_clif_ce,RECOVERED_PARENT,0.56,0.5599999999999999,0.1200000000000001,0.5512035903712771
openbmi,48,1,all,ann_sew_ce,RECOVERED_PARENT,0.52,0.52,0.040000000000000036,0.5198079231692677
openbmi,48,1,all,sew_clif_ce,RECOVERED_PARENT,0.52,0.52,0.040000000000000036,0.5182657567242072
openbmi,48,2,n25,soft_clif_exact,REV-E1,0.6,0.6000000000000001,0.19999999999999996,0.5833333333333333
openbmi,48,2,all,soft_clif_exact,REV-E1,0.55,0.55,0.10000000000000009,0.5444883085332524
openbmi,48,2,n25,gru_stat,REV-E2,0.65,0.65,0.30000000000000004,0.6419437340153452
openbmi,48,2,all,gru_stat,REV-E2,0.61,0.6100000000000001,0.21999999999999997,0.6090225563909775
openbmi,48,2,n25,tcn_stat,REV-E2,0.64,0.6399999999999999,0.28,0.6386993175431553
openbmi,48,2,all,tcn_stat,REV-E2,0.62,0.62,0.24,0.6100164203612479
openbmi,48,2,n25,ann_sew_equal,REV-E3,0.54,0.54,0.08000000000000007,0.5398159263705482
openbmi,48,2,all,ann_sew_equal,REV-E3,0.55,0.55,0.10000000000000009,0.5422642660970399
openbmi,48,2,n25,sew_clif_equal,REV-E3,0.6,0.6,0.19999999999999996,0.5894909688013137
openbmi,48,2,all,sew_clif_equal,REV-E3,0.59,0.5900000000000001,0.17999999999999994,0.5889724310776943
openbmi,48,2,n25,ann_sew_ce,RECOVERED_PARENT,0.56,0.56,0.1200000000000001,0.5535714285714286
openbmi,48,2,n25,sew_clif_ce,RECOVERED_PARENT,0.62,0.62,0.24,0.614448051948052
openbmi,48,2,all,ann_sew_ce,RECOVERED_PARENT,0.55,0.55,0.10000000000000009,0.5463252343986289
openbmi,48,2,all,sew_clif_ce,RECOVERED_PARENT,0.6,0.6000000000000001,0.19999999999999996,0.5993589743589743
openbmi,49,0,n25,soft_clif_exact,REV-E1,0.7,0.7,0.3999999999999999,0.6995192307692307
openbmi,49,0,all,soft_clif_exact,REV-E1,0.69,0.69,0.3799999999999999,0.6807743795695602
openbmi,49,0,n25,gru_stat,REV-E2,0.66,0.6599999999999999,0.32000000000000006,0.6310763888888888
openbmi,49,0,all,gru_stat,REV-E2,0.68,0.6799999999999999,0.3600000000000001,0.6736026111791106
openbmi,49,0,n25,tcn_stat,REV-E2,0.62,0.62,0.24,0.5766488413547237
openbmi,49,0,all,tcn_stat,REV-E2,0.7,0.7,0.3999999999999999,0.6875
openbmi,49,0,n25,ann_sew_equal,REV-E3,0.64,0.64,0.28,0.6398559423769508
openbmi,49,0,all,ann_sew_equal,REV-E3,0.71,0.71,0.41999999999999993,0.7050147492625368
openbmi,49,0,n25,sew_clif_equal,REV-E3,0.72,0.72,0.43999999999999995,0.7083333333333334
openbmi,49,0,all,sew_clif_equal,REV-E3,0.72,0.72,0.43999999999999995,0.7126436781609196
openbmi,49,0,n25,ann_sew_ce,RECOVERED_PARENT,0.65,0.65,0.30000000000000004,0.6499649964996499
openbmi,49,0,n25,sew_clif_ce,RECOVERED_PARENT,0.73,0.73,0.45999999999999996,0.721964782205746
openbmi,49,0,all,ann_sew_ce,RECOVERED_PARENT,0.61,0.6100000000000001,0.21999999999999997,0.6090225563909775
openbmi,49,0,all,sew_clif_ce,RECOVERED_PARENT,0.71,0.71,0.41999999999999993,0.6991389148251893
openbmi,49,1,n25,soft_clif_exact,REV-E1,0.73,0.73,0.45999999999999996,0.7286704853783539
openbmi,49,1,all,soft_clif_exact,REV-E1,0.67,0.67,0.3400000000000001,0.6643271284711627
openbmi,49,1,n25,gru_stat,REV-E2,0.76,0.76,0.52,0.7599039615846339
openbmi,49,1,all,gru_stat,REV-E2,0.78,0.78,0.56,0.7767857142857144
openbmi,49,1,n25,tcn_stat,REV-E2,0.76,0.76,0.52,0.7591328783621035
openbmi,49,1,all,tcn_stat,REV-E2,0.72,0.72,0.43999999999999995,0.72
openbmi,49,1,n25,ann_sew_equal,REV-E3,0.7,0.7,0.3999999999999999,0.7
openbmi,49,1,all,ann_sew_equal,REV-E3,0.68,0.6799999999999999,0.3600000000000001,0.6798719487795117
openbmi,49,1,n25,sew_clif_equal,REV-E3,0.73,0.73,0.45999999999999996,0.7286704853783539
openbmi,49,1,all,sew_clif_equal,REV-E3,0.74,0.74,0.48,0.7395833333333335
openbmi,49,1,n25,ann_sew_ce,RECOVERED_PARENT,0.69,0.69,0.3799999999999999,0.6874684948079444
openbmi,49,1,n25,sew_clif_ce,RECOVERED_PARENT,0.76,0.76,0.52,0.7599039615846339
openbmi,49,1,all,ann_sew_ce,RECOVERED_PARENT,0.63,0.63,0.26,0.6281780725555222
openbmi,49,1,all,sew_clif_ce,RECOVERED_PARENT,0.71,0.71,0.41999999999999993,0.7085720028137876
openbmi,49,2,n25,soft_clif_exact,REV-E1,0.57,0.57,0.1399999999999999,0.4928647246137516
openbmi,49,2,all,soft_clif_exact,REV-E1,0.75,0.75,0.5,0.7487689679429204
openbmi,49,2,n25,gru_stat,REV-E2,0.67,0.6699999999999999,0.3400000000000001,0.6349153667441089
openbmi,49,2,all,gru_stat,REV-E2,0.78,0.78,0.56,0.7767857142857144
openbmi,49,2,n25,tcn_stat,REV-E2,0.65,0.6499999999999999,0.30000000000000004,0.6178622120318811
openbmi,49,2,all,tcn_stat,REV-E2,0.74,0.74,0.48,0.7331691297208538
openbmi,49,2,n25,ann_sew_equal,REV-E3,0.64,0.64,0.28,0.6363636363636365
openbmi,49,2,all,ann_sew_equal,REV-E3,0.77,0.77,0.54,0.7660461804495982
openbmi,49,2,n25,sew_clif_equal,REV-E3,0.69,0.69,0.3799999999999999,0.6656239887822242
openbmi,49,2,all,sew_clif_equal,REV-E3,0.78,0.78,0.56,0.7742200328407225
openbmi,49,2,n25,ann_sew_ce,RECOVERED_PARENT,0.7,0.7,0.3999999999999999,0.6995192307692307
openbmi,49,2,n25,sew_clif_ce,RECOVERED_PARENT,0.75,0.75,0.5,0.7384663667747673
openbmi,49,2,all,ann_sew_ce,RECOVERED_PARENT,0.7,0.7,0.3999999999999999,0.6921182266009853
openbmi,49,2,all,sew_clif_ce,RECOVERED_PARENT,0.77,0.77,0.54,0.7647058823529411
openbmi,50,0,n25,soft_clif_exact,REV-E1,0.57,0.57,0.1399999999999999,0.562608076492727
openbmi,50,0,all,soft_clif_exact,REV-E1,0.52,0.52,0.040000000000000036,0.42857142857142855
openbmi,50,0,n25,gru_stat,REV-E2,0.53,0.53,0.06000000000000005,0.5295766189570613
openbmi,50,0,all,gru_stat,REV-E2,0.53,0.53,0.06000000000000005,0.4986666666666667
openbmi,50,0,n25,tcn_stat,REV-E2,0.55,0.55,0.10000000000000009,0.4871794871794872
openbmi,50,0,all,tcn_stat,REV-E2,0.55,0.55,0.10000000000000009,0.5444883085332524
openbmi,50,0,n25,ann_sew_equal,REV-E3,0.51,0.51,0.020000000000000018,0.4873940788785438
openbmi,50,0,all,ann_sew_equal,REV-E3,0.57,0.57,0.1399999999999999,0.5413333333333333
openbmi,50,0,n25,sew_clif_equal,REV-E3,0.56,0.56,0.1200000000000001,0.545266639107069
openbmi,50,0,all,sew_clif_equal,REV-E3,0.56,0.56,0.1200000000000001,0.548440065681445
openbmi,50,0,n25,ann_sew_ce,RECOVERED_PARENT,0.55,0.55,0.10000000000000009,0.508679986898133
openbmi,50,0,n25,sew_clif_ce,RECOVERED_PARENT,0.52,0.52,0.040000000000000036,0.5169082125603865
openbmi,50,0,all,ann_sew_ce,RECOVERED_PARENT,0.52,0.52,0.040000000000000036,0.5151515151515151
openbmi,50,0,all,sew_clif_ce,RECOVERED_PARENT,0.55,0.55,0.10000000000000009,0.5366079703429101
openbmi,50,1,n25,soft_clif_exact,REV-E1,0.53,0.53,0.06000000000000005,0.39673982800667434
openbmi,50,1,all,soft_clif_exact,REV-E1,0.58,0.58,0.15999999999999992,0.5442708333333334
openbmi,50,1,n25,gru_stat,REV-E2,0.53,0.53,0.06000000000000005,0.4106583072100314
openbmi,50,1,all,gru_stat,REV-E2,0.54,0.54,0.08000000000000007,0.5308037535699714
openbmi,50,1,n25,tcn_stat,REV-E2,0.52,0.52,0.040000000000000036,0.3762993762993764
openbmi,50,1,all,tcn_stat,REV-E2,0.58,0.5800000000000001,0.15999999999999992,0.5757575757575757
openbmi,50,1,n25,ann_sew_equal,REV-E3,0.52,0.52,0.040000000000000036,0.39117199391172
openbmi,50,1,all,ann_sew_equal,REV-E3,0.48,0.48,-0.040000000000000036,0.47916666666666663
openbmi,50,1,n25,sew_clif_equal,REV-E3,0.55,0.55,0.10000000000000009,0.4479205005520795
openbmi,50,1,all,sew_clif_equal,REV-E3,0.52,0.52,0.040000000000000036,0.5151515151515151
openbmi,50,1,n25,ann_sew_ce,RECOVERED_PARENT,0.51,0.51,0.020000000000000018,0.3710691823899371
openbmi,50,1,n25,sew_clif_ce,RECOVERED_PARENT,0.51,0.51,0.020000000000000018,0.3551783129359126
openbmi,50,1,all,ann_sew_ce,RECOVERED_PARENT,0.5,0.5,0.0,0.36580416032470825
openbmi,50,1,all,sew_clif_ce,RECOVERED_PARENT,0.55,0.55,0.10000000000000009,0.5495946351716544
openbmi,50,2,n25,soft_clif_exact,REV-E1,0.5,0.5,0.0,0.4574652777777778
openbmi,50,2,all,soft_clif_exact,REV-E1,0.53,0.53,0.06000000000000005,0.39673982800667434
openbmi,50,2,n25,gru_stat,REV-E2,0.5,0.5,0.0,0.3333333333333333
openbmi,50,2,all,gru_stat,REV-E2,0.5,0.5,0.0,0.36580416032470825
openbmi,50,2,n25,tcn_stat,REV-E2,0.55,0.55,0.10000000000000009,0.4479205005520795
openbmi,50,2,all,tcn_stat,REV-E2,0.51,0.51,0.020000000000000018,0.3710691823899371
openbmi,50,2,n25,ann_sew_equal,REV-E3,0.5,0.5,0.0,0.4429590017825312
openbmi,50,2,all,ann_sew_equal,REV-E3,0.49,0.49,-0.020000000000000018,0.38694554633970435
openbmi,50,2,n25,sew_clif_equal,REV-E3,0.52,0.52,0.040000000000000036,0.46524064171123003
openbmi,50,2,all,sew_clif_equal,REV-E3,0.51,0.51,0.020000000000000018,0.3710691823899371
openbmi,50,2,n25,ann_sew_ce,RECOVERED_PARENT,0.51,0.51,0.020000000000000018,0.4873940788785438
openbmi,50,2,n25,sew_clif_ce,RECOVERED_PARENT,0.55,0.55,0.10000000000000009,0.508679986898133
openbmi,50,2,all,ann_sew_ce,RECOVERED_PARENT,0.5,0.5,0.0,0.3503118503118503
openbmi,50,2,all,sew_clif_ce,RECOVERED_PARENT,0.5,0.5,0.0,0.3503118503118503
openbmi,51,0,n25,soft_clif_exact,REV-E1,0.48,0.48,-0.040000000000000036,0.46258784621744525
openbmi,51,0,all,soft_clif_exact,REV-E1,0.52,0.52,0.040000000000000036,0.52
openbmi,51,0,n25,gru_stat,REV-E2,0.44,0.44000000000000006,-0.12,0.43181818181818177
openbmi,51,0,all,gru_stat,REV-E2,0.52,0.52,0.040000000000000036,0.5192307692307692
openbmi,51,0,n25,tcn_stat,REV-E2,0.52,0.52,0.040000000000000036,0.5192307692307692
openbmi,51,0,all,tcn_stat,REV-E2,0.47,0.47,-0.06000000000000005,0.46350845227249715
openbmi,51,0,n25,ann_sew_equal,REV-E3,0.52,0.52,0.040000000000000036,0.4851994851994852
openbmi,51,0,all,ann_sew_equal,REV-E3,0.46,0.45999999999999996,-0.07999999999999996,0.44581280788177335
openbmi,51,0,n25,sew_clif_equal,REV-E3,0.48,0.48000000000000004,-0.040000000000000036,0.45833333333333337
openbmi,51,0,all,sew_clif_equal,REV-E3,0.48,0.48,-0.040000000000000036,0.4724025974025974
openbmi,51,0,n25,ann_sew_ce,RECOVERED_PARENT,0.52,0.52,0.040000000000000036,0.4725274725274725
openbmi,51,0,n25,sew_clif_ce,RECOVERED_PARENT,0.48,0.48,-0.040000000000000036,0.4724025974025974
openbmi,51,0,all,ann_sew_ce,RECOVERED_PARENT,0.47,0.47,-0.06000000000000005,0.4542271650705386
openbmi,51,0,all,sew_clif_ce,RECOVERED_PARENT,0.51,0.51,0.020000000000000018,0.5095586027424682
openbmi,51,1,n25,soft_clif_exact,REV-E1,0.55,0.55,0.10000000000000009,0.5396419437340153
openbmi,51,1,all,soft_clif_exact,REV-E1,0.6,0.6,0.19999999999999996,0.5941558441558441
openbmi,51,1,n25,gru_stat,REV-E2,0.56,0.56,0.1200000000000001,0.5571658615136876
openbmi,51,1,all,gru_stat,REV-E2,0.52,0.52,0.040000000000000036,0.5151515151515151
openbmi,51,1,n25,tcn_stat,REV-E2,0.5,0.5,0.0,0.49919871794871795
openbmi,51,1,all,tcn_stat,REV-E2,0.54,0.54,0.08000000000000007,0.5398159263705482
openbmi,51,1,n25,ann_sew_equal,REV-E3,0.49,0.49,-0.020000000000000018,0.48375341633768604
openbmi,51,1,all,ann_sew_equal,REV-E3,0.5,0.5,0.0,0.4981934965877158
openbmi,51,1,n25,sew_clif_equal,REV-E3,0.53,0.53,0.06000000000000005,0.4986666666666667
openbmi,51,1,all,sew_clif_equal,REV-E3,0.54,0.54,0.08000000000000007,0.537037037037037
openbmi,51,1,n25,ann_sew_ce,RECOVERED_PARENT,0.53,0.53,0.06000000000000005,0.5219204557013528
openbmi,51,1,n25,sew_clif_ce,RECOVERED_PARENT,0.52,0.52,0.040000000000000036,0.5192307692307692
openbmi,51,1,all,ann_sew_ce,RECOVERED_PARENT,0.53,0.53,0.06000000000000005,0.48684354187138335
openbmi,51,1,all,sew_clif_ce,RECOVERED_PARENT,0.49,0.49,-0.020000000000000018,0.48748869460355737
openbmi,51,2,n25,soft_clif_exact,REV-E1,0.47,0.47000000000000003,-0.06000000000000005,0.44554869756250653
openbmi,51,2,all,soft_clif_exact,REV-E1,0.49,0.49,-0.020000000000000018,0.48583526565177937
openbmi,51,2,n25,gru_stat,REV-E2,0.49,0.49,-0.020000000000000018,0.4748223663886314
openbmi,51,2,all,gru_stat,REV-E2,0.55,0.55,0.10000000000000009,0.5422642660970399
openbmi,51,2,n25,tcn_stat,REV-E2,0.52,0.52,0.040000000000000036,0.5198079231692677
openbmi,51,2,all,tcn_stat,REV-E2,0.49,0.49,-0.020000000000000018,0.47826086956521735
openbmi,51,2,n25,ann_sew_equal,REV-E3,0.44,0.44,-0.12,0.43797671617824174
openbmi,51,2,all,ann_sew_equal,REV-E3,0.44,0.44,-0.12,0.43797671617824174
openbmi,51,2,n25,sew_clif_equal,REV-E3,0.51,0.51,0.020000000000000018,0.5087719298245614
openbmi,51,2,all,sew_clif_equal,REV-E3,0.48,0.48,-0.040000000000000036,0.4724025974025974
openbmi,51,2,n25,ann_sew_ce,RECOVERED_PARENT,0.45,0.45,-0.09999999999999998,0.4472917294744247
openbmi,51,2,n25,sew_clif_ce,RECOVERED_PARENT,0.53,0.53,0.06000000000000005,0.5261619114830125
openbmi,51,2,all,ann_sew_ce,RECOVERED_PARENT,0.47,0.47,-0.06000000000000005,0.4608890245142916
openbmi,51,2,all,sew_clif_ce,RECOVERED_PARENT,0.51,0.51,0.020000000000000018,0.5087719298245614
openbmi,52,0,n25,soft_clif_exact,REV-E1,0.69,0.69,0.3799999999999999,0.6756982948007114
openbmi,52,0,all,soft_clif_exact,REV-E1,0.72,0.72,0.43999999999999995,0.7181964573268922
openbmi,52,0,n25,gru_stat,REV-E2,0.65,0.6499999999999999,0.30000000000000004,0.6395839769333744
openbmi,52,0,all,gru_stat,REV-E2,0.71,0.71,0.41999999999999993,0.7097387648883996
openbmi,52,0,n25,tcn_stat,REV-E2,0.72,0.72,0.43999999999999995,0.72
openbmi,52,0,all,tcn_stat,REV-E2,0.74,0.74,0.48,0.7395833333333335
openbmi,52,0,n25,ann_sew_equal,REV-E3,0.51,0.51,0.020000000000000018,0.5075871771681238
openbmi,52,0,all,ann_sew_equal,REV-E3,0.53,0.53,0.06000000000000005,0.512397551613238
openbmi,52,0,n25,sew_clif_equal,REV-E3,0.69,0.69,0.3799999999999999,0.6828644501278773
openbmi,52,0,all,sew_clif_equal,REV-E3,0.7,0.7,0.3999999999999999,0.7
openbmi,52,0,n25,ann_sew_ce,RECOVERED_PARENT,0.46,0.45999999999999996,-0.07999999999999996,0.4591346153846153
openbmi,52,0,n25,sew_clif_ce,RECOVERED_PARENT,0.77,0.77,0.54,0.769792813532179
openbmi,52,0,all,ann_sew_ce,RECOVERED_PARENT,0.57,0.5700000000000001,0.1399999999999999,0.5689223057644109
openbmi,52,0,all,sew_clif_ce,RECOVERED_PARENT,0.71,0.71,0.41999999999999993,0.7097387648883996
openbmi,52,1,n25,soft_clif_exact,REV-E1,0.71,0.71,0.41999999999999993,0.7064480210547626
openbmi,52,1,all,soft_clif_exact,REV-E1,0.73,0.73,0.45999999999999996,0.72997299729973
openbmi,52,1,n25,gru_stat,REV-E2,0.66,0.66,0.32000000000000006,0.6353496353496353
openbmi,52,1,all,gru_stat,REV-E2,0.75,0.75,0.5,0.7442455242966751
openbmi,52,1,n25,tcn_stat,REV-E2,0.66,0.66,0.32000000000000006,0.6353496353496353
openbmi,52,1,all,tcn_stat,REV-E2,0.72,0.72,0.43999999999999995,0.7159090909090909
openbmi,52,1,n25,ann_sew_equal,REV-E3,0.59,0.5900000000000001,0.17999999999999994,0.5879811074263892
openbmi,52,1,all,ann_sew_equal,REV-E3,0.65,0.65,0.30000000000000004,0.6496847162446201
openbmi,52,1,n25,sew_clif_equal,REV-E3,0.71,0.71,0.41999999999999993,0.7013695808876532
openbmi,52,1,all,sew_clif_equal,REV-E3,0.7,0.7,0.3999999999999999,0.6940024479804162
openbmi,52,1,n25,ann_sew_ce,RECOVERED_PARENT,0.63,0.63,0.26,0.6290726817042607
openbmi,52,1,n25,sew_clif_ce,RECOVERED_PARENT,0.71,0.71,0.41999999999999993,0.6938021328265231
openbmi,52,1,all,ann_sew_ce,RECOVERED_PARENT,0.61,0.61,0.21999999999999997,0.6068152031454783
openbmi,52,1,all,sew_clif_ce,RECOVERED_PARENT,0.71,0.71,0.41999999999999993,0.7033248081841432
openbmi,52,2,n25,soft_clif_exact,REV-E1,0.61,0.61,0.21999999999999997,0.5623386825272136
openbmi,52,2,all,soft_clif_exact,REV-E1,0.75,0.75,0.5,0.7406369955389562
openbmi,52,2,n25,gru_stat,REV-E2,0.66,0.66,0.32000000000000006,0.6212121212121211
openbmi,52,2,all,gru_stat,REV-E2,0.71,0.71,0.41999999999999993,0.6906666666666665
openbmi,52,2,n25,tcn_stat,REV-E2,0.66,0.6599999999999999,0.32000000000000006,0.6263736263736264
openbmi,52,2,all,tcn_stat,REV-E2,0.67,0.67,0.3400000000000001,0.648
openbmi,52,2,n25,ann_sew_equal,REV-E3,0.62,0.62,0.24,0.6072757337742869
openbmi,52,2,all,ann_sew_equal,REV-E3,0.56,0.56,0.1200000000000001,0.548440065681445
openbmi,52,2,n25,sew_clif_equal,REV-E3,0.68,0.6799999999999999,0.3600000000000001,0.6527777777777779
openbmi,52,2,all,sew_clif_equal,REV-E3,0.71,0.71,0.41999999999999993,0.69662098545873
openbmi,52,2,n25,ann_sew_ce,RECOVERED_PARENT,0.6,0.6000000000000001,0.19999999999999996,0.5993589743589743
openbmi,52,2,n25,sew_clif_ce,RECOVERED_PARENT,0.66,0.6599999999999999,0.32000000000000006,0.6310763888888888
openbmi,52,2,all,ann_sew_ce,RECOVERED_PARENT,0.6,0.6,0.19999999999999996,0.5894909688013137
openbmi,52,2,all,sew_clif_ce,RECOVERED_PARENT,0.72,0.72,0.43999999999999995,0.7028862478777589
openbmi,53,0,n25,soft_clif_exact,REV-E1,0.61,0.61,0.21999999999999997,0.5793334052421528
openbmi,53,0,all,soft_clif_exact,REV-E1,0.68,0.6799999999999999,0.3600000000000001,0.6767676767676767
openbmi,53,0,n25,gru_stat,REV-E2,0.69,0.69,0.3799999999999999,0.6783898744683057
openbmi,53,0,all,gru_stat,REV-E2,0.7,0.7,0.3999999999999999,0.6980676328502415
openbmi,53,0,n25,tcn_stat,REV-E2,0.75,0.75,0.5,0.7487689679429204
openbmi,53,0,all,tcn_stat,REV-E2,0.73,0.73,0.45999999999999996,0.7297567811029926
openbmi,53,0,n25,ann_sew_equal,REV-E3,0.72,0.72,0.43999999999999995,0.7189883580891208
openbmi,53,0,all,ann_sew_equal,REV-E3,0.63,0.63,0.26,0.6053333333333333
openbmi,53,0,n25,sew_clif_equal,REV-E3,0.73,0.73,0.45999999999999996,0.7266929851199515
openbmi,53,0,all,sew_clif_equal,REV-E3,0.72,0.72,0.43999999999999995,0.7198879551820727
openbmi,53,0,n25,ann_sew_ce,RECOVERED_PARENT,0.69,0.69,0.3799999999999999,0.6807743795695602
openbmi,53,0,n25,sew_clif_ce,RECOVERED_PARENT,0.71,0.71,0.41999999999999993,0.6991389148251893
openbmi,53,0,all,ann_sew_ce,RECOVERED_PARENT,0.68,0.68,0.3600000000000001,0.6753246753246753
openbmi,53,0,all,sew_clif_ce,RECOVERED_PARENT,0.74,0.74,0.48,0.7398959583833533
openbmi,53,1,n25,soft_clif_exact,REV-E1,0.69,0.69,0.3799999999999999,0.6846709388668497
openbmi,53,1,all,soft_clif_exact,REV-E1,0.71,0.71,0.41999999999999993,0.7097387648883996
openbmi,53,1,n25,gru_stat,REV-E2,0.66,0.6599999999999999,0.32000000000000006,0.6594551282051282
openbmi,53,1,all,gru_stat,REV-E2,0.7,0.7,0.3999999999999999,0.6956168831168832
openbmi,53,1,n25,tcn_stat,REV-E2,0.69,0.69,0.3799999999999999,0.6862030569895738
openbmi,53,1,all,tcn_stat,REV-E2,0.69,0.69,0.3799999999999999,0.6897207486738064
openbmi,53,1,n25,ann_sew_equal,REV-E3,0.6,0.6,0.19999999999999996,0.5920032639738881
openbmi,53,1,all,ann_sew_equal,REV-E3,0.69,0.69,0.3799999999999999,0.6846709388668497
openbmi,53,1,n25,sew_clif_equal,REV-E3,0.65,0.65,0.30000000000000004,0.6496847162446201
openbmi,53,1,all,sew_clif_equal,REV-E3,0.67,0.6699999999999999,0.3400000000000001,0.667305171892328
openbmi,53,1,n25,ann_sew_ce,RECOVERED_PARENT,0.65,0.6499999999999999,0.30000000000000004,0.6482765551200884
openbmi,53,1,n25,sew_clif_ce,RECOVERED_PARENT,0.73,0.73,0.45999999999999996,0.7253585596582239
openbmi,53,1,all,ann_sew_ce,RECOVERED_PARENT,0.66,0.66,0.32000000000000006,0.6550324675324675
openbmi,53,1,all,sew_clif_ce,RECOVERED_PARENT,0.74,0.74,0.48,0.7398959583833533
openbmi,53,2,n25,soft_clif_exact,REV-E1,0.73,0.73,0.45999999999999996,0.7198879551820727
openbmi,53,2,all,soft_clif_exact,REV-E1,0.68,0.6799999999999999,0.3600000000000001,0.6736026111791106
openbmi,53,2,n25,gru_stat,REV-E2,0.75,0.75,0.5,0.7442455242966751
openbmi,53,2,all,gru_stat,REV-E2,0.71,0.71,0.41999999999999993,0.7092731829573935
openbmi,53,2,n25,tcn_stat,REV-E2,0.73,0.73,0.45999999999999996,0.7253585596582239
openbmi,53,2,all,tcn_stat,REV-E2,0.72,0.72,0.43999999999999995,0.7171717171717171
openbmi,53,2,n25,ann_sew_equal,REV-E3,0.69,0.69,0.3799999999999999,0.6807743795695602
openbmi,53,2,all,ann_sew_equal,REV-E3,0.72,0.72,0.43999999999999995,0.7159090909090909
openbmi,53,2,n25,sew_clif_equal,REV-E3,0.69,0.69,0.3799999999999999,0.6846709388668497
openbmi,53,2,all,sew_clif_equal,REV-E3,0.71,0.71,0.41999999999999993,0.7097387648883996
openbmi,53,2,n25,ann_sew_ce,RECOVERED_PARENT,0.71,0.71,0.41999999999999993,0.69662098545873
openbmi,53,2,n25,sew_clif_ce,RECOVERED_PARENT,0.71,0.71,0.41999999999999993,0.7099709970997101
openbmi,53,2,all,ann_sew_ce,RECOVERED_PARENT,0.73,0.73,0.45999999999999996,0.7266929851199515
openbmi,53,2,all,sew_clif_ce,RECOVERED_PARENT,0.74,0.74,0.48,0.7383252818035426
openbmi,54,0,n25,soft_clif_exact,REV-E1,0.52,0.52,0.040000000000000036,0.5182657567242072
openbmi,54,0,all,soft_clif_exact,REV-E1,0.56,0.5599999999999999,0.1200000000000001,0.528099528099528
openbmi,54,0,n25,gru_stat,REV-E2,0.56,0.56,0.1200000000000001,0.5598239295718288
openbmi,54,0,all,gru_stat,REV-E2,0.56,0.56,0.1200000000000001,0.56
openbmi,54,0,n25,tcn_stat,REV-E2,0.52,0.52,0.040000000000000036,0.5039272426622571
openbmi,54,0,all,tcn_stat,REV-E2,0.54,0.54,0.08000000000000007,0.5118845500848896
openbmi,54,0,n25,ann_sew_equal,REV-E3,0.46,0.45999999999999996,-0.07999999999999996,0.4521103896103896
openbmi,54,0,all,ann_sew_equal,REV-E3,0.51,0.51,0.020000000000000018,0.45011783189316573
openbmi,54,0,n25,sew_clif_equal,REV-E3,0.57,0.5700000000000001,0.1399999999999999,0.5664885573142453
openbmi,54,0,all,sew_clif_equal,REV-E3,0.53,0.53,0.06000000000000005,0.5037482842360891
openbmi,54,0,n25,ann_sew_ce,RECOVERED_PARENT,0.48,0.48,-0.040000000000000036,0.4781212364512244
openbmi,54,0,n25,sew_clif_ce,RECOVERED_PARENT,0.58,0.5800000000000001,0.15999999999999992,0.5772946859903382
openbmi,54,0,all,ann_sew_ce,RECOVERED_PARENT,0.5,0.5,0.0,0.46943972835314096
openbmi,54,0,all,sew_clif_ce,RECOVERED_PARENT,0.55,0.55,0.10000000000000009,0.529239460194581
openbmi,54,1,n25,soft_clif_exact,REV-E1,0.53,0.53,0.06000000000000005,0.5160127690248172
openbmi,54,1,all,soft_clif_exact,REV-E1,0.56,0.56,0.1200000000000001,0.5555555555555556
openbmi,54,1,n25,gru_stat,REV-E2,0.59,0.59,0.17999999999999994,0.5805626598465473
openbmi,54,1,all,gru_stat,REV-E2,0.55,0.55,0.10000000000000009,0.529239460194581
openbmi,54,1,n25,tcn_stat,REV-E2,0.58,0.5800000000000001,0.15999999999999992,0.5757575757575757
openbmi,54,1,all,tcn_stat,REV-E2,0.59,0.59,0.17999999999999994,0.58497823666363
openbmi,54,1,n25,ann_sew_equal,REV-E3,0.62,0.62,0.24,0.6072757337742869
openbmi,54,1,all,ann_sew_equal,REV-E3,0.59,0.5900000000000001,0.17999999999999994,0.5866518802298619
openbmi,54,1,n25,sew_clif_equal,REV-E3,0.59,0.59,0.17999999999999994,0.5899589958995899
openbmi,54,1,all,sew_clif_equal,REV-E3,0.61,0.61,0.21999999999999997,0.6010230179028133
openbmi,54,1,n25,ann_sew_ce,RECOVERED_PARENT,0.58,0.58,0.15999999999999992,0.5716034271725826
openbmi,54,1,n25,sew_clif_ce,RECOVERED_PARENT,0.53,0.53,0.06000000000000005,0.5299529952995299
openbmi,54,1,all,ann_sew_ce,RECOVERED_PARENT,0.55,0.55,0.10000000000000009,0.5477841422972565
openbmi,54,1,all,sew_clif_ce,RECOVERED_PARENT,0.62,0.62,0.24,0.6175523349436394
openbmi,54,2,n25,soft_clif_exact,REV-E1,0.59,0.59,0.17999999999999994,0.58497823666363
openbmi,54,2,all,soft_clif_exact,REV-E1,0.59,0.59,0.17999999999999994,0.5899589958995899
openbmi,54,2,n25,gru_stat,REV-E2,0.57,0.5700000000000001,0.1399999999999999,0.5538956323270049
openbmi,54,2,all,gru_stat,REV-E2,0.57,0.5700000000000001,0.1399999999999999,0.567882624861823
openbmi,54,2,n25,tcn_stat,REV-E2,0.61,0.61,0.21999999999999997,0.5882166613873931
openbmi,54,2,all,tcn_stat,REV-E2,0.55,0.55,0.10000000000000009,0.5477841422972565
openbmi,54,2,n25,ann_sew_equal,REV-E3,0.57,0.5700000000000001,0.1399999999999999,0.567882624861823
openbmi,54,2,all,ann_sew_equal,REV-E3,0.5,0.5,0.0,0.4981934965877158
openbmi,54,2,n25,sew_clif_equal,REV-E3,0.67,0.6699999999999999,0.3400000000000001,0.667305171892328
openbmi,54,2,all,sew_clif_equal,REV-E3,0.52,0.52,0.040000000000000036,0.5192307692307692
openbmi,54,2,n25,ann_sew_ce,RECOVERED_PARENT,0.55,0.55,0.10000000000000009,0.5444883085332524
openbmi,54,2,n25,sew_clif_ce,RECOVERED_PARENT,0.56,0.56,0.1200000000000001,0.5555555555555556
openbmi,54,2,all,ann_sew_ce,RECOVERED_PARENT,0.57,0.5700000000000001,0.1399999999999999,0.56995699569957
openbmi,54,2,all,sew_clif_ce,RECOVERED_PARENT,0.59,0.5900000000000001,0.17999999999999994,0.5889724310776943
bnci2014_004,1,0,n25,soft_clif_exact,REV-E1,0.65625,0.65625,0.3125,0.6518436461465421
bnci2014_004,1,0,all,soft_clif_exact,REV-E1,0.68125,0.68125,0.36250000000000004,0.6732732732732734
bnci2014_004,1,0,n25,gru_stat,REV-E2,0.690625,0.690625,0.3812500000000001,0.6890184645286686
bnci2014_004,1,0,all,gru_stat,REV-E2,0.6875,0.6875,0.375,0.6825396825396826
bnci2014_004,1,0,n25,tcn_stat,REV-E2,0.6875,0.6875,0.375,0.6854233022688845
bnci2014_004,1,0,all,tcn_stat,REV-E2,0.678125,0.678125,0.35624999999999996,0.6716313823163138
bnci2014_004,1,0,n25,ann_sew_equal,REV-E3,0.540625,0.540625,0.08125000000000004,0.5368209612146634
bnci2014_004,1,0,n50,ann_sew_equal,REV-E3,0.61875,0.61875,0.23750000000000004,0.6126984126984127
bnci2014_004,1,0,n100,ann_sew_equal,REV-E3,0.64375,0.64375,0.2875000000000001,0.6428571428571428
bnci2014_004,1,0,all,ann_sew_equal,REV-E3,0.675,0.675,0.3500000000000001,0.6675191815856778
bnci2014_004,1,0,n25,sew_clif_equal,REV-E3,0.64375,0.64375,0.2875000000000001,0.6396823515467583
bnci2014_004,1,0,n50,sew_clif_equal,REV-E3,0.6625,0.6625000000000001,0.32499999999999996,0.6616541353383458
bnci2014_004,1,0,n100,sew_clif_equal,REV-E3,0.68125,0.68125,0.36250000000000004,0.6766908356115535
bnci2014_004,1,0,all,sew_clif_equal,REV-E3,0.7,0.7,0.3999999999999999,0.6924924924924925
bnci2014_004,1,0,n25,ann_sew_ce,RECOVERED_PARENT,0.55,0.55,0.10000000000000009,0.5488721804511277
bnci2014_004,1,0,n25,sew_clif_ce,RECOVERED_PARENT,0.696875,0.696875,0.39375000000000004,0.6968009768009769
bnci2014_004,1,0,all,ann_sew_ce,RECOVERED_PARENT,0.6625,0.6625,0.32499999999999996,0.6565841249652213
bnci2014_004,1,0,all,sew_clif_ce,RECOVERED_PARENT,0.671875,0.671875,0.34375,0.6618867924528302
bnci2014_004,1,0,n50,ann_sew_ce,RECOVERED_PARENT,0.63125,0.63125,0.26249999999999996,0.6294988029357511
bnci2014_004,1,0,n50,sew_clif_ce,RECOVERED_PARENT,0.675,0.675,0.3500000000000001,0.6739684156902699
bnci2014_004,1,0,n100,ann_sew_ce,RECOVERED_PARENT,0.653125,0.653125,0.3062499999999999,0.6502525625498479
bnci2014_004,1,0,n100,sew_clif_ce,RECOVERED_PARENT,0.70625,0.70625,0.4125000000000001,0.7042979041327514
bnci2014_004,1,1,n25,soft_clif_exact,REV-E1,0.59375,0.59375,0.1875,0.5745377188676157
bnci2014_004,1,1,all,soft_clif_exact,REV-E1,0.646875,0.646875,0.29374999999999996,0.6186900907930951
bnci2014_004,1,1,n25,gru_stat,REV-E2,0.625,0.625,0.25,0.609375
bnci2014_004,1,1,all,gru_stat,REV-E2,0.634375,0.634375,0.26875000000000004,0.6186401833460657
bnci2014_004,1,1,n25,tcn_stat,REV-E2,0.621875,0.621875,0.2437499999999999,0.6161738320165744
bnci2014_004,1,1,all,tcn_stat,REV-E2,0.65,0.6499999999999999,0.30000000000000004,0.645513530621934
bnci2014_004,1,1,n25,ann_sew_equal,REV-E3,0.584375,0.5843750000000001,0.16874999999999996,0.5781084269273089
bnci2014_004,1,1,n50,ann_sew_equal,REV-E3,0.59375,0.59375,0.1875,0.5885424909004588
bnci2014_004,1,1,n100,ann_sew_equal,REV-E3,0.653125,0.653125,0.3062499999999999,0.6461270236612702
bnci2014_004,1,1,all,ann_sew_equal,REV-E3,0.65625,0.65625,0.3125,0.6461742591773552
bnci2014_004,1,1,n25,sew_clif_equal,REV-E3,0.59375,0.59375,0.1875,0.5745377188676157
bnci2014_004,1,1,n50,sew_clif_equal,REV-E3,0.6375,0.6375,0.2749999999999999,0.6203567337587956
bnci2014_004,1,1,n100,sew_clif_equal,REV-E3,0.6375,0.6375,0.2749999999999999,0.623361337716628
bnci2014_004,1,1,all,sew_clif_equal,REV-E3,0.64375,0.64375,0.2875000000000001,0.632495164410058
bnci2014_004,1,1,n25,ann_sew_ce,RECOVERED_PARENT,0.56875,0.56875,0.13749999999999996,0.5625817187685724
bnci2014_004,1,1,n25,sew_clif_ce,RECOVERED_PARENT,0.584375,0.584375,0.16874999999999996,0.566488413547237
bnci2014_004,1,1,all,ann_sew_ce,RECOVERED_PARENT,0.696875,0.696875,0.39375000000000004,0.6907596513075965
bnci2014_004,1,1,all,sew_clif_ce,RECOVERED_PARENT,0.690625,0.690625,0.3812500000000001,0.687299503508997
bnci2014_004,1,1,n50,ann_sew_ce,RECOVERED_PARENT,0.603125,0.603125,0.20625000000000004,0.5988589590468951
bnci2014_004,1,1,n50,sew_clif_ce,RECOVERED_PARENT,0.6375,0.6375,0.2749999999999999,0.6170195204490116
bnci2014_004,1,1,n100,ann_sew_ce,RECOVERED_PARENT,0.70625,0.70625,0.4125000000000001,0.7011009976549147
bnci2014_004,1,1,n100,sew_clif_ce,RECOVERED_PARENT,0.671875,0.671875,0.34375,0.6633232797923827
bnci2014_004,1,2,n25,soft_clif_exact,REV-E1,0.6,0.6,0.19999999999999996,0.5586016638648217
bnci2014_004,1,2,all,soft_clif_exact,REV-E1,0.7,0.7,0.3999999999999999,0.690522243713733
bnci2014_004,1,2,n25,gru_stat,REV-E2,0.625,0.625,0.25,0.5807127882599581
bnci2014_004,1,2,all,gru_stat,REV-E2,0.6625,0.6625,0.32499999999999996,0.6465390279823269
bnci2014_004,1,2,n25,tcn_stat,REV-E2,0.628125,0.628125,0.2562500000000001,0.611075364361512
bnci2014_004,1,2,all,tcn_stat,REV-E2,0.65,0.65,0.30000000000000004,0.6363488777953651
bnci2014_004,1,2,n25,ann_sew_equal,REV-E3,0.540625,0.540625,0.08125000000000004,0.5244594061808145
bnci2014_004,1,2,n50,ann_sew_equal,REV-E3,0.6375,0.6375,0.2749999999999999,0.6360784313725489
bnci2014_004,1,2,n100,ann_sew_equal,REV-E3,0.684375,0.684375,0.3687499999999999,0.6830098372875372
bnci2014_004,1,2,all,ann_sew_equal,REV-E3,0.646875,0.6468750000000001,0.29374999999999996,0.6439508069201154
bnci2014_004,1,2,n25,sew_clif_equal,REV-E3,0.609375,0.609375,0.21875,0.5733378843958997
bnci2014_004,1,2,n50,sew_clif_equal,REV-E3,0.68125,0.68125,0.36250000000000004,0.6732732732732734
bnci2014_004,1,2,n100,sew_clif_equal,REV-E3,0.671875,0.671875,0.34375,0.6683479582671181
bnci2014_004,1,2,all,sew_clif_equal,REV-E3,0.653125,0.653125,0.3062499999999999,0.6409183271161253
bnci2014_004,1,2,n25,ann_sew_ce,RECOVERED_PARENT,0.54375,0.54375,0.08749999999999991,0.5271255060728745
bnci2014_004,1,2,n25,sew_clif_ce,RECOVERED_PARENT,0.6,0.6,0.19999999999999996,0.5586016638648217
bnci2014_004,1,2,all,ann_sew_ce,RECOVERED_PARENT,0.709375,0.709375,0.41874999999999996,0.7054369450960596
bnci2014_004,1,2,all,sew_clif_ce,RECOVERED_PARENT,0.6375,0.6375,0.2749999999999999,0.6181698485845951
bnci2014_004,1,2,n50,ann_sew_ce,RECOVERED_PARENT,0.634375,0.634375,0.26875000000000004,0.634199958964739
bnci2014_004,1,2,n50,sew_clif_ce,RECOVERED_PARENT,0.684375,0.684375,0.3687499999999999,0.6761490596098158
bnci2014_004,1,2,n100,ann_sew_ce,RECOVERED_PARENT,0.6375,0.6375,0.2749999999999999,0.6372732958098812
bnci2014_004,1,2,n100,sew_clif_ce,RECOVERED_PARENT,0.6625,0.6625000000000001,0.32499999999999996,0.6581737616711506
bnci2014_004,2,0,n25,soft_clif_exact,REV-E1,0.5,0.5,0.0,0.3514658196016147
bnci2014_004,2,0,all,soft_clif_exact,REV-E1,0.5357142857142857,0.5357142857142857,0.0714285714285714,0.5310245310245311
bnci2014_004,2,0,n25,gru_stat,REV-E2,0.5071428571428571,0.5071428571428571,0.014285714285714235,0.45839874411302983
bnci2014_004,2,0,all,gru_stat,REV-E2,0.4714285714285714,0.4714285714285714,-0.05714285714285716,0.46871794871794875
bnci2014_004,2,0,n25,tcn_stat,REV-E2,0.4785714285714286,0.47857142857142854,-0.042857142857142816,0.4584282761909808
bnci2014_004,2,0,all,tcn_stat,REV-E2,0.46785714285714286,0.46785714285714286,-0.06428571428571428,0.46670757116744
bnci2014_004,2,0,n25,ann_sew_equal,REV-E3,0.4857142857142857,0.4857142857142857,-0.02857142857142858,0.4789081885856079
bnci2014_004,2,0,n50,ann_sew_equal,REV-E3,0.4857142857142857,0.48571428571428565,-0.02857142857142858,0.484029484029484
bnci2014_004,2,0,n100,ann_sew_equal,REV-E3,0.4714285714285714,0.4714285714285714,-0.05714285714285716,0.46923510425739023
bnci2014_004,2,0,all,ann_sew_equal,REV-E3,0.4857142857142857,0.4857142857142857,-0.02857142857142858,0.485478025624011
bnci2014_004,2,0,n25,sew_clif_equal,REV-E3,0.4857142857142857,0.48571428571428577,-0.02857142857142858,0.4726930320150659
bnci2014_004,2,0,n50,sew_clif_equal,REV-E3,0.5071428571428571,0.5071428571428571,0.014285714285714235,0.5067401960784313
bnci2014_004,2,0,n100,sew_clif_equal,REV-E3,0.475,0.475,-0.050000000000000044,0.4730575719168876
bnci2014_004,2,0,all,sew_clif_equal,REV-E3,0.4642857142857143,0.4642857142857143,-0.0714285714285714,0.4640396100250115
bnci2014_004,2,0,n25,ann_sew_ce,RECOVERED_PARENT,0.49642857142857144,0.49642857142857144,-0.0071428571428571175,0.49534072170878557
bnci2014_004,2,0,n25,sew_clif_ce,RECOVERED_PARENT,0.5,0.5,0.0,0.4666666666666667
bnci2014_004,2,0,all,ann_sew_ce,RECOVERED_PARENT,0.48214285714285715,0.48214285714285715,-0.0357142857142857,0.4819776714513556
bnci2014_004,2,0,all,sew_clif_ce,RECOVERED_PARENT,0.4392857142857143,0.4392857142857143,-0.12142857142857144,0.43927856222655903
bnci2014_004,2,0,n50,ann_sew_ce,RECOVERED_PARENT,0.4392857142857143,0.4392857142857143,-0.12142857142857144,0.43922133918434514
bnci2014_004,2,0,n50,sew_clif_ce,RECOVERED_PARENT,0.49642857142857144,0.49642857142857144,-0.0071428571428571175,0.4961136424551058
bnci2014_004,2,0,n100,ann_sew_ce,RECOVERED_PARENT,0.4714285714285714,0.4714285714285714,-0.05714285714285716,0.46683135196335757
bnci2014_004,2,0,n100,sew_clif_ce,RECOVERED_PARENT,0.4785714285714286,0.47857142857142854,-0.042857142857142816,0.4772645900465449
bnci2014_004,2,1,n25,soft_clif_exact,REV-E1,0.5357142857142857,0.5357142857142857,0.0714285714285714,0.5310245310245311
bnci2014_004,2,1,all,soft_clif_exact,REV-E1,0.5714285714285714,0.5714285714285714,0.1428571428571428,0.5687663637763745
bnci2014_004,2,1,n25,gru_stat,REV-E2,0.5107142857142857,0.5107142857142857,0.021428571428571352,0.5038222245217369
bnci2014_004,2,1,all,gru_stat,REV-E2,0.4785714285714286,0.47857142857142854,-0.042857142857142816,0.47854482371549567
bnci2014_004,2,1,n25,tcn_stat,REV-E2,0.5142857142857142,0.5142857142857143,0.02857142857142847,0.5136653895274584
bnci2014_004,2,1,all,tcn_stat,REV-E2,0.4607142857142857,0.46071428571428574,-0.07857142857142863,0.46070740698223195
bnci2014_004,2,1,n25,ann_sew_equal,REV-E3,0.5,0.5,0.0,0.4993614303959132
bnci2014_004,2,1,n50,ann_sew_equal,REV-E3,0.5107142857142857,0.5107142857142857,0.021428571428571352,0.5106581112627725
bnci2014_004,2,1,n100,ann_sew_equal,REV-E3,0.49642857142857144,0.49642857142857144,-0.0071428571428571175,0.4909681661702704
bnci2014_004,2,1,all,ann_sew_equal,REV-E3,0.4714285714285714,0.4714285714285714,-0.05714285714285716,0.47132067768932434
bnci2014_004,2,1,n25,sew_clif_equal,REV-E3,0.5392857142857143,0.5392857142857143,0.07857142857142851,0.5319727891156463
bnci2014_004,2,1,n50,sew_clif_equal,REV-E3,0.5071428571428571,0.5071428571428571,0.014285714285714235,0.5070422535211268
bnci2014_004,2,1,n100,sew_clif_equal,REV-E3,0.49642857142857144,0.49642857142857144,-0.0071428571428571175,0.49170217970671165
bnci2014_004,2,1,all,sew_clif_equal,REV-E3,0.5142857142857142,0.5142857142857142,0.02857142857142847,0.5130683852488365
bnci2014_004,2,1,n25,ann_sew_ce,RECOVERED_PARENT,0.5428571428571428,0.5428571428571428,0.08571428571428563,0.5413595413595413
bnci2014_004,2,1,n25,sew_clif_ce,RECOVERED_PARENT,0.49642857142857144,0.49642857142857144,-0.0071428571428571175,0.4963707568470871
bnci2014_004,2,1,all,ann_sew_ce,RECOVERED_PARENT,0.48928571428571427,0.4892857142857143,-0.021428571428571463,0.4892791999897958
bnci2014_004,2,1,all,sew_clif_ce,RECOVERED_PARENT,0.49642857142857144,0.49642857142857144,-0.0071428571428571175,0.4945654261243615
bnci2014_004,2,1,n50,ann_sew_ce,RECOVERED_PARENT,0.5142857142857142,0.5142857142857142,0.02857142857142847,0.5142857142857142
bnci2014_004,2,1,n50,sew_clif_ce,RECOVERED_PARENT,0.5178571428571429,0.5178571428571429,0.03571428571428581,0.5126290952694078
bnci2014_004,2,1,n100,ann_sew_ce,RECOVERED_PARENT,0.48928571428571427,0.4892857142857143,-0.021428571428571463,0.48639669569902133
bnci2014_004,2,1,n100,sew_clif_ce,RECOVERED_PARENT,0.5107142857142857,0.5107142857142857,0.021428571428571352,0.5029478458049886
bnci2014_004,2,2,n25,soft_clif_exact,REV-E1,0.5142857142857142,0.5142857142857142,0.02857142857142847,0.46872035269825324
bnci2014_004,2,2,all,soft_clif_exact,REV-E1,0.5214285714285715,0.5214285714285714,0.04285714285714293,0.5202291442892947
bnci2014_004,2,2,n25,gru_stat,REV-E2,0.5285714285714286,0.5285714285714285,0.05714285714285716,0.5284751990202081
bnci2014_004,2,2,all,gru_stat,REV-E2,0.48928571428571427,0.4892857142857143,-0.021428571428571463,0.4892270796392443
bnci2014_004,2,2,n25,tcn_stat,REV-E2,0.525,0.5249999999999999,0.050000000000000044,0.5145922131414643
bnci2014_004,2,2,all,tcn_stat,REV-E2,0.48928571428571427,0.4892857142857143,-0.021428571428571463,0.488496276140472
bnci2014_004,2,2,n25,ann_sew_equal,REV-E3,0.5107142857142857,0.5107142857142857,0.021428571428571352,0.4925321797568494
bnci2014_004,2,2,n50,ann_sew_equal,REV-E3,0.5107142857142857,0.5107142857142857,0.021428571428571352,0.5061219760270886
bnci2014_004,2,2,n100,ann_sew_equal,REV-E3,0.49642857142857144,0.49642857142857144,-0.0071428571428571175,0.49590776184578456
bnci2014_004,2,2,all,ann_sew_equal,REV-E3,0.45357142857142857,0.45357142857142857,-0.09285714285714286,0.45300629476883
bnci2014_004,2,2,n25,sew_clif_equal,REV-E3,0.5214285714285715,0.5214285714285715,0.04285714285714293,0.5124486719683975
bnci2014_004,2,2,n50,sew_clif_equal,REV-E3,0.5785714285714286,0.5785714285714285,0.15714285714285725,0.5775152166129609
bnci2014_004,2,2,n100,sew_clif_equal,REV-E3,0.49642857142857144,0.49642857142857144,-0.0071428571428571175,0.49565017437626946
bnci2014_004,2,2,all,sew_clif_equal,REV-E3,0.525,0.525,0.050000000000000044,0.5223130106851037
bnci2014_004,2,2,n25,ann_sew_ce,RECOVERED_PARENT,0.49642857142857144,0.49642857142857144,-0.0071428571428571175,0.4730308733432107
bnci2014_004,2,2,n25,sew_clif_ce,RECOVERED_PARENT,0.5428571428571428,0.5428571428571429,0.08571428571428563,0.5420159476589654
bnci2014_004,2,2,all,ann_sew_ce,RECOVERED_PARENT,0.4607142857142857,0.4607142857142857,-0.07857142857142863,0.459162136232811
bnci2014_004,2,2,all,sew_clif_ce,RECOVERED_PARENT,0.4928571428571429,0.4928571428571429,-0.014285714285714235,0.49192394193416483
bnci2014_004,2,2,n50,ann_sew_ce,RECOVERED_PARENT,0.5071428571428571,0.5071428571428571,0.014285714285714235,0.5028562606144821
bnci2014_004,2,2,n50,sew_clif_ce,RECOVERED_PARENT,0.5535714285714286,0.5535714285714286,0.1071428571428572,0.5528813602626501
bnci2014_004,2,2,n100,ann_sew_ce,RECOVERED_PARENT,0.49642857142857144,0.49642857142857144,-0.0071428571428571175,0.49590776184578456
bnci2014_004,2,2,n100,sew_clif_ce,RECOVERED_PARENT,0.475,0.475,-0.050000000000000044,0.4748325358851675
bnci2014_004,3,0,n25,soft_clif_exact,REV-E1,0.496875,0.496875,-0.006249999999999978,0.4738078459008691
bnci2014_004,3,0,all,soft_clif_exact,REV-E1,0.525,0.525,0.050000000000000044,0.5243310905961508
bnci2014_004,3,0,n25,gru_stat,REV-E2,0.4625,0.4625,-0.07499999999999996,0.45773399014778327
bnci2014_004,3,0,all,gru_stat,REV-E2,0.546875,0.546875,0.09375,0.5468351710599564
bnci2014_004,3,0,n25,tcn_stat,REV-E2,0.484375,0.484375,-0.03125,0.4812085482682388
bnci2014_004,3,0,all,tcn_stat,REV-E2,0.478125,0.47812499999999997,-0.043749999999999956,0.47750760175598117
bnci2014_004,3,0,n25,ann_sew_equal,REV-E3,0.475,0.475,-0.050000000000000044,0.4749794913863823
bnci2014_004,3,0,n50,ann_sew_equal,REV-E3,0.509375,0.509375,0.018750000000000044,0.5092551892551893
bnci2014_004,3,0,n100,ann_sew_equal,REV-E3,0.496875,0.49687499999999996,-0.006249999999999978,0.49604327454490327
bnci2014_004,3,0,all,ann_sew_equal,REV-E3,0.49375,0.49375,-0.012499999999999956,0.49343339587242024
bnci2014_004,3,0,n25,sew_clif_equal,REV-E3,0.496875,0.49687499999999996,-0.006249999999999978,0.4968307761424344
bnci2014_004,3,0,n50,sew_clif_equal,REV-E3,0.446875,0.44687499999999997,-0.10624999999999996,0.4444825861375651
bnci2014_004,3,0,n100,sew_clif_equal,REV-E3,0.49375,0.49375,-0.012499999999999956,0.4932551319648095
bnci2014_004,3,0,all,sew_clif_equal,REV-E3,0.49375,0.49375,-0.012499999999999956,0.49277914758717856
bnci2014_004,3,0,n25,ann_sew_ce,RECOVERED_PARENT,0.484375,0.484375,-0.03125,0.48396680968344097
bnci2014_004,3,0,n25,sew_clif_ce,RECOVERED_PARENT,0.509375,0.509375,0.018750000000000044,0.5063620732006877
bnci2014_004,3,0,all,ann_sew_ce,RECOVERED_PARENT,0.546875,0.546875,0.09375,0.5461259304907513
bnci2014_004,3,0,all,sew_clif_ce,RECOVERED_PARENT,0.484375,0.484375,-0.03125,0.48396680968344097
bnci2014_004,3,0,n50,ann_sew_ce,RECOVERED_PARENT,0.509375,0.5093749999999999,0.018750000000000044,0.5072529153875578
bnci2014_004,3,0,n50,sew_clif_ce,RECOVERED_PARENT,0.521875,0.521875,0.043749999999999956,0.5213093596926055
bnci2014_004,3,0,n100,ann_sew_ce,RECOVERED_PARENT,0.50625,0.50625,0.012499999999999956,0.5062307121371928
bnci2014_004,3,0,n100,sew_clif_ce,RECOVERED_PARENT,0.48125,0.48125,-0.03749999999999998,0.48106756281505214
bnci2014_004,3,1,n25,soft_clif_exact,REV-E1,0.496875,0.496875,-0.006249999999999978,0.49545102878240344
bnci2014_004,3,1,all,soft_clif_exact,REV-E1,0.515625,0.515625,0.03125,0.5067179839086633
bnci2014_004,3,1,n25,gru_stat,REV-E2,0.475,0.475,-0.050000000000000044,0.474671669793621
bnci2014_004,3,1,all,gru_stat,REV-E2,0.471875,0.47187500000000004,-0.05625000000000002,0.47182857868367334
bnci2014_004,3,1,n25,tcn_stat,REV-E2,0.5,0.5,0.0,0.4999804679870307
bnci2014_004,3,1,all,tcn_stat,REV-E2,0.4875,0.4875,-0.025000000000000022,0.4846008799497172
bnci2014_004,3,1,n25,ann_sew_equal,REV-E3,0.50625,0.50625,0.012499999999999956,0.5057673509286412
bnci2014_004,3,1,n50,ann_sew_equal,REV-E3,0.515625,0.515625,0.03125,0.5139113476219876
bnci2014_004,3,1,n100,ann_sew_equal,REV-E3,0.5,0.5,0.0,0.4998241569301708
bnci2014_004,3,1,all,ann_sew_equal,REV-E3,0.50625,0.50625,0.012499999999999956,0.5060763549685436
bnci2014_004,3,1,n25,sew_clif_equal,REV-E3,0.48125,0.48124999999999996,-0.03749999999999998,0.4807429130009775
bnci2014_004,3,1,n50,sew_clif_equal,REV-E3,0.50625,0.5062500000000001,0.012499999999999956,0.5053031192516927
bnci2014_004,3,1,n100,sew_clif_equal,REV-E3,0.475,0.475,-0.050000000000000044,0.4749794913863823
bnci2014_004,3,1,all,sew_clif_equal,REV-E3,0.5,0.5,0.0,0.4987468671679198
bnci2014_004,3,1,n25,ann_sew_ce,RECOVERED_PARENT,0.478125,0.478125,-0.043749999999999956,0.4777118619220282
bnci2014_004,3,1,n25,sew_clif_ce,RECOVERED_PARENT,0.475,0.47500000000000003,-0.050000000000000044,0.4739931900904074
bnci2014_004,3,1,all,ann_sew_ce,RECOVERED_PARENT,0.5,0.5,0.0,0.4995112414467253
bnci2014_004,3,1,all,sew_clif_ce,RECOVERED_PARENT,0.4875,0.48750000000000004,-0.025000000000000022,0.48295566502463055
bnci2014_004,3,1,n50,ann_sew_ce,RECOVERED_PARENT,0.54375,0.54375,0.08749999999999991,0.5435895431987808
bnci2014_004,3,1,n50,sew_clif_ce,RECOVERED_PARENT,0.48125,0.48124999999999996,-0.03749999999999998,0.4772476775310975
bnci2014_004,3,1,n100,ann_sew_ce,RECOVERED_PARENT,0.50625,0.5062500000000001,0.012499999999999956,0.5061728395061729
bnci2014_004,3,1,n100,sew_clif_ce,RECOVERED_PARENT,0.49375,0.49375,-0.012499999999999956,0.49277914758717856
bnci2014_004,3,2,n25,soft_clif_exact,REV-E1,0.5,0.5,0.0,0.4995112414467253
bnci2014_004,3,2,all,soft_clif_exact,REV-E1,0.521875,0.521875,0.043749999999999956,0.5217582417582418
bnci2014_004,3,2,n25,gru_stat,REV-E2,0.51875,0.51875,0.03750000000000009,0.5172224616952075
bnci2014_004,3,2,all,gru_stat,REV-E2,0.4875,0.4875,-0.025000000000000022,0.4874199093608376
bnci2014_004,3,2,n25,tcn_stat,REV-E2,0.496875,0.49687499999999996,-0.006249999999999978,0.4907832962688411
bnci2014_004,3,2,all,tcn_stat,REV-E2,0.471875,0.471875,-0.05625000000000002,0.47100194657197914
bnci2014_004,3,2,n25,ann_sew_equal,REV-E3,0.534375,0.534375,0.06875000000000009,0.5102661284524287
bnci2014_004,3,2,n50,ann_sew_equal,REV-E3,0.51875,0.51875,0.03750000000000009,0.5178270909162068
bnci2014_004,3,2,n100,ann_sew_equal,REV-E3,0.49375,0.49375,-0.012499999999999956,0.49176470588235305
bnci2014_004,3,2,all,ann_sew_equal,REV-E3,0.55625,0.5562499999999999,0.11250000000000004,0.5553990059097491
bnci2014_004,3,2,n25,sew_clif_equal,REV-E3,0.525,0.5249999999999999,0.050000000000000044,0.524925769651508
bnci2014_004,3,2,n50,sew_clif_equal,REV-E3,0.5,0.5,0.0,0.4966772836302151
bnci2014_004,3,2,n100,sew_clif_equal,REV-E3,0.478125,0.478125,-0.043749999999999956,0.4743830590827276
bnci2014_004,3,2,all,sew_clif_equal,REV-E3,0.540625,0.5406249999999999,0.08125000000000004,0.5406205138722058
bnci2014_004,3,2,n25,ann_sew_ce,RECOVERED_PARENT,0.509375,0.509375,0.018750000000000044,0.5076392359784004
bnci2014_004,3,2,n25,sew_clif_ce,RECOVERED_PARENT,0.509375,0.509375,0.018750000000000044,0.5085639385313653
bnci2014_004,3,2,all,ann_sew_ce,RECOVERED_PARENT,0.55,0.55,0.10000000000000009,0.5478629459554927
bnci2014_004,3,2,all,sew_clif_ce,RECOVERED_PARENT,0.48125,0.48125,-0.03749999999999998,0.4811689326457259
bnci2014_004,3,2,n50,ann_sew_ce,RECOVERED_PARENT,0.5125,0.5125,0.02499999999999991,0.5124238162212846
bnci2014_004,3,2,n50,sew_clif_ce,RECOVERED_PARENT,0.465625,0.465625,-0.06874999999999998,0.4611998936578737
bnci2014_004,3,2,n100,ann_sew_ce,RECOVERED_PARENT,0.515625,0.515625,0.03125,0.5156202697291965
bnci2014_004,3,2,n100,sew_clif_ce,RECOVERED_PARENT,0.49375,0.49375,-0.012499999999999956,0.49303708339852914
bnci2014_004,4,0,n25,soft_clif_exact,REV-E1,0.796875,0.796875,0.59375,0.793139799703633
bnci2014_004,4,0,all,soft_clif_exact,REV-E1,0.865625,0.865625,0.73125,0.8654028621455332
bnci2014_004,4,0,n25,gru_stat,REV-E2,0.790625,0.7906249999999999,0.58125,0.7897193970125246
bnci2014_004,4,0,all,gru_stat,REV-E2,0.875,0.875,0.75,0.8749804656977653
bnci2014_004,4,0,n25,tcn_stat,REV-E2,0.821875,0.8218749999999999,0.64375,0.8189020939445388
bnci2014_004,4,0,all,tcn_stat,REV-E2,0.85625,0.85625,0.7124999999999999,0.8561094819159336
bnci2014_004,4,0,n25,ann_sew_equal,REV-E3,0.625,0.625,0.25,0.6249413970932958
bnci2014_004,4,0,n50,ann_sew_equal,REV-E3,0.75,0.75,0.5,0.7497556207233627
bnci2014_004,4,0,n100,ann_sew_equal,REV-E3,0.84375,0.84375,0.6875,0.8432540460049375
bnci2014_004,4,0,all,ann_sew_equal,REV-E3,0.853125,0.853125,0.70625,0.8528821981590711
bnci2014_004,4,0,n25,sew_clif_equal,REV-E3,0.7875,0.7875000000000001,0.575,0.784776072163317
bnci2014_004,4,0,n50,sew_clif_equal,REV-E3,0.840625,0.840625,0.6812499999999999,0.8404364532308684
bnci2014_004,4,0,n100,sew_clif_equal,REV-E3,0.85625,0.85625,0.7124999999999999,0.854975369458128
bnci2014_004,4,0,all,sew_clif_equal,REV-E3,0.871875,0.871875,0.7437499999999999,0.8718637380238498
bnci2014_004,4,0,n25,ann_sew_ce,RECOVERED_PARENT,0.65,0.6499999999999999,0.30000000000000004,0.6499453039537427
bnci2014_004,4,0,n25,sew_clif_ce,RECOVERED_PARENT,0.8,0.8,0.6000000000000001,0.7992156862745099
bnci2014_004,4,0,all,ann_sew_ce,RECOVERED_PARENT,0.83125,0.83125,0.6625000000000001,0.8307143696853325
bnci2014_004,4,0,all,sew_clif_ce,RECOVERED_PARENT,0.871875,0.871875,0.7437499999999999,0.8715928553951553
bnci2014_004,4,0,n50,ann_sew_ce,RECOVERED_PARENT,0.703125,0.703125,0.40625,0.7022847685362008
bnci2014_004,4,0,n50,sew_clif_ce,RECOVERED_PARENT,0.834375,0.834375,0.66875,0.8331874379124824
bnci2014_004,4,0,n100,ann_sew_ce,RECOVERED_PARENT,0.828125,0.828125,0.65625,0.8276385502051689
bnci2014_004,4,0,n100,sew_clif_ce,RECOVERED_PARENT,0.865625,0.865625,0.73125,0.864661506230882
bnci2014_004,4,1,n25,soft_clif_exact,REV-E1,0.715625,0.715625,0.4312499999999999,0.7113373447397378
bnci2014_004,4,1,all,soft_clif_exact,REV-E1,0.840625,0.840625,0.6812499999999999,0.8406109912003985
bnci2014_004,4,1,n25,gru_stat,REV-E2,0.778125,0.778125,0.5562499999999999,0.7744219064923203
bnci2014_004,4,1,all,gru_stat,REV-E2,0.90625,0.90625,0.8125,0.9062353492733239
bnci2014_004,4,1,n25,tcn_stat,REV-E2,0.75,0.75,0.5,0.7421018697614443
bnci2014_004,4,1,all,tcn_stat,REV-E2,0.890625,0.890625,0.78125,0.8906153861179205
bnci2014_004,4,1,n25,ann_sew_equal,REV-E3,0.71875,0.71875,0.4375,0.7185741088180113
bnci2014_004,4,1,n50,ann_sew_equal,REV-E3,0.75625,0.75625,0.5125,0.752763580173541
bnci2014_004,4,1,n100,ann_sew_equal,REV-E3,0.825,0.825,0.6499999999999999,0.8238370492705753
bnci2014_004,4,1,all,ann_sew_equal,REV-E3,0.88125,0.8812500000000001,0.7625,0.8809523809523809
bnci2014_004,4,1,n25,sew_clif_equal,REV-E3,0.73125,0.73125,0.4624999999999999,0.7200520833333333
bnci2014_004,4,1,n50,sew_clif_equal,REV-E3,0.821875,0.8218749999999999,0.64375,0.8189020939445388
bnci2014_004,4,1,n100,sew_clif_equal,REV-E3,0.834375,0.834375,0.66875,0.8325946836967357
bnci2014_004,4,1,all,sew_clif_equal,REV-E3,0.875,0.875,0.75,0.8749951169967577
bnci2014_004,4,1,n25,ann_sew_ce,RECOVERED_PARENT,0.709375,0.7093750000000001,0.41874999999999996,0.7069683632174402
bnci2014_004,4,1,n25,sew_clif_ce,RECOVERED_PARENT,0.703125,0.703125,0.40625,0.6886490029598828
bnci2014_004,4,1,all,ann_sew_ce,RECOVERED_PARENT,0.859375,0.859375,0.71875,0.8590653290922436
bnci2014_004,4,1,all,sew_clif_ce,RECOVERED_PARENT,0.884375,0.884375,0.76875,0.8843467643467643
bnci2014_004,4,1,n50,ann_sew_ce,RECOVERED_PARENT,0.759375,0.7593749999999999,0.51875,0.7585237017218907
bnci2014_004,4,1,n50,sew_clif_ce,RECOVERED_PARENT,0.803125,0.8031250000000001,0.60625,0.7979939678754295
bnci2014_004,4,1,n100,ann_sew_ce,RECOVERED_PARENT,0.840625,0.840625,0.6812499999999999,0.8399356604125187
bnci2014_004,4,1,n100,sew_clif_ce,RECOVERED_PARENT,0.825,0.825,0.6499999999999999,0.8227567653109669
bnci2014_004,4,2,n25,soft_clif_exact,REV-E1,0.840625,0.840625,0.6812499999999999,0.8394822515761624
bnci2014_004,4,2,all,soft_clif_exact,REV-E1,0.896875,0.8968750000000001,0.79375,0.8968739929100871
bnci2014_004,4,2,n25,gru_stat,REV-E2,0.85625,0.85625,0.7124999999999999,0.85622753555243
bnci2014_004,4,2,all,gru_stat,REV-E2,0.89375,0.89375,0.7875000000000001,0.893483709273183
bnci2014_004,4,2,n25,tcn_stat,REV-E2,0.821875,0.821875,0.64375,0.8218315018315019
bnci2014_004,4,2,all,tcn_stat,REV-E2,0.915625,0.915625,0.83125,0.9156043956043955
bnci2014_004,4,2,n25,ann_sew_equal,REV-E3,0.653125,0.653125,0.3062499999999999,0.6516246726625409
bnci2014_004,4,2,n50,ann_sew_equal,REV-E3,0.828125,0.828125,0.65625,0.8279889365611469
bnci2014_004,4,2,n100,ann_sew_equal,REV-E3,0.865625,0.8656250000000001,0.73125,0.8650437921125159
bnci2014_004,4,2,all,ann_sew_equal,REV-E3,0.875,0.875,0.75,0.8744063738765258
bnci2014_004,4,2,n25,sew_clif_equal,REV-E3,0.79375,0.79375,0.5874999999999999,0.7934595524956971
bnci2014_004,4,2,n50,sew_clif_equal,REV-E3,0.828125,0.828125,0.65625,0.826701720182357
bnci2014_004,4,2,n100,sew_clif_equal,REV-E3,0.853125,0.853125,0.70625,0.8513466765505313
bnci2014_004,4,2,all,sew_clif_equal,REV-E3,0.884375,0.8843749999999999,0.76875,0.8842382111674929
bnci2014_004,4,2,n25,ann_sew_ce,RECOVERED_PARENT,0.646875,0.646875,0.29374999999999996,0.6425994563874475
bnci2014_004,4,2,n25,sew_clif_ce,RECOVERED_PARENT,0.8125,0.8125,0.625,0.8122359568142701
bnci2014_004,4,2,all,ann_sew_ce,RECOVERED_PARENT,0.871875,0.871875,0.7437499999999999,0.8715123737893077
bnci2014_004,4,2,all,sew_clif_ce,RECOVERED_PARENT,0.865625,0.865625,0.73125,0.8655606686793486
bnci2014_004,4,2,n50,ann_sew_ce,RECOVERED_PARENT,0.834375,0.834375,0.66875,0.8343604418357082
bnci2014_004,4,2,n50,sew_clif_ce,RECOVERED_PARENT,0.8375,0.8375,0.675,0.8358585858585859
bnci2014_004,4,2,n100,ann_sew_ce,RECOVERED_PARENT,0.84375,0.84375,0.6875,0.8436522826766728
bnci2014_004,4,2,n100,sew_clif_ce,RECOVERED_PARENT,0.828125,0.828125,0.65625,0.8257960427987449
bnci2014_004,5,0,n25,soft_clif_exact,REV-E1,0.746875,0.746875,0.4937499999999999,0.7352697858259032
bnci2014_004,5,0,all,soft_clif_exact,REV-E1,0.8125,0.8125,0.625,0.8106060606060607
bnci2014_004,5,0,n25,gru_stat,REV-E2,0.79375,0.79375,0.5874999999999999,0.7872340425531915
bnci2014_004,5,0,all,gru_stat,REV-E2,0.83125,0.83125,0.6625000000000001,0.8293232191537276
bnci2014_004,5,0,n25,tcn_stat,REV-E2,0.76875,0.76875,0.5375000000000001,0.7597305085433662
bnci2014_004,5,0,all,tcn_stat,REV-E2,0.803125,0.803125,0.60625,0.8019159911569639
bnci2014_004,5,0,n25,ann_sew_equal,REV-E3,0.54375,0.54375,0.08749999999999991,0.5271255060728745
bnci2014_004,5,0,n50,ann_sew_equal,REV-E3,0.65625,0.65625,0.3125,0.6453900709219857
bnci2014_004,5,0,n100,ann_sew_equal,REV-E3,0.74375,0.74375,0.48750000000000004,0.7433891409795024
bnci2014_004,5,0,all,ann_sew_equal,REV-E3,0.815625,0.815625,0.6312500000000001,0.815406877267083
bnci2014_004,5,0,n25,sew_clif_equal,REV-E3,0.753125,0.753125,0.5062500000000001,0.7395720658075018
bnci2014_004,5,0,n50,sew_clif_equal,REV-E3,0.81875,0.81875,0.6375,0.8138340555288075
bnci2014_004,5,0,n100,sew_clif_equal,REV-E3,0.821875,0.8218749999999999,0.64375,0.821104561637521
bnci2014_004,5,0,all,sew_clif_equal,REV-E3,0.7875,0.7875000000000001,0.575,0.786967418546366
bnci2014_004,5,0,n25,ann_sew_ce,RECOVERED_PARENT,0.5625,0.5625,0.125,0.5038759689922481
bnci2014_004,5,0,n25,sew_clif_ce,RECOVERED_PARENT,0.75625,0.7562500000000001,0.5125,0.745420423483334
bnci2014_004,5,0,all,ann_sew_ce,RECOVERED_PARENT,0.840625,0.840625,0.6812499999999999,0.8405487000615529
bnci2014_004,5,0,all,sew_clif_ce,RECOVERED_PARENT,0.821875,0.821875,0.64375,0.8209500250316577
bnci2014_004,5,0,n50,ann_sew_ce,RECOVERED_PARENT,0.6375,0.6375,0.2749999999999999,0.6181698485845951
bnci2014_004,5,0,n50,sew_clif_ce,RECOVERED_PARENT,0.771875,0.7718750000000001,0.54375,0.7607513391165415
bnci2014_004,5,0,n100,ann_sew_ce,RECOVERED_PARENT,0.759375,0.7593749999999999,0.51875,0.7590903313485662
bnci2014_004,5,0,n100,sew_clif_ce,RECOVERED_PARENT,0.825,0.825,0.6499999999999999,0.824561403508772
bnci2014_004,5,1,n25,soft_clif_exact,REV-E1,0.759375,0.7593749999999999,0.51875,0.7503014825849471
bnci2014_004,5,1,all,soft_clif_exact,REV-E1,0.796875,0.796875,0.59375,0.7919979199791998
bnci2014_004,5,1,n25,gru_stat,REV-E2,0.75,0.75,0.5,0.7437437437437437
bnci2014_004,5,1,all,gru_stat,REV-E2,0.828125,0.828125,0.65625,0.8268926242488024
bnci2014_004,5,1,n25,tcn_stat,REV-E2,0.734375,0.734375,0.46875,0.7256709463343789
bnci2014_004,5,1,all,tcn_stat,REV-E2,0.80625,0.80625,0.6125,0.8047551566682413
bnci2014_004,5,1,n25,ann_sew_equal,REV-E3,0.675,0.675,0.3500000000000001,0.6647324306898775
bnci2014_004,5,1,n50,ann_sew_equal,REV-E3,0.659375,0.659375,0.3187500000000001,0.649006289308176
bnci2014_004,5,1,n100,ann_sew_equal,REV-E3,0.740625,0.740625,0.48124999999999996,0.735855436544639
bnci2014_004,5,1,all,ann_sew_equal,REV-E3,0.79375,0.79375,0.5874999999999999,0.7929411764705883
bnci2014_004,5,1,n25,sew_clif_equal,REV-E3,0.7625,0.7625,0.5249999999999999,0.7570332480818416
bnci2014_004,5,1,n50,sew_clif_equal,REV-E3,0.78125,0.78125,0.5625,0.7774156365515322
bnci2014_004,5,1,n100,sew_clif_equal,REV-E3,0.75625,0.75625,0.5125,0.7496389022628791
bnci2014_004,5,1,all,sew_clif_equal,REV-E3,0.803125,0.803125,0.60625,0.8021026592455163
bnci2014_004,5,1,n25,ann_sew_ce,RECOVERED_PARENT,0.65,0.65,0.30000000000000004,0.6199363732767762
bnci2014_004,5,1,n25,sew_clif_ce,RECOVERED_PARENT,0.765625,0.765625,0.53125,0.757377248051436
bnci2014_004,5,1,all,ann_sew_ce,RECOVERED_PARENT,0.76875,0.76875,0.5375000000000001,0.7680159880873074
bnci2014_004,5,1,all,sew_clif_ce,RECOVERED_PARENT,0.784375,0.784375,0.5687500000000001,0.7834423640875254
bnci2014_004,5,1,n50,ann_sew_ce,RECOVERED_PARENT,0.709375,0.709375,0.41874999999999996,0.7040307903451979
bnci2014_004,5,1,n50,sew_clif_ce,RECOVERED_PARENT,0.759375,0.7593749999999999,0.51875,0.7557469840105473
bnci2014_004,5,1,n100,ann_sew_ce,RECOVERED_PARENT,0.734375,0.734375,0.46875,0.7279972799727997
bnci2014_004,5,1,n100,sew_clif_ce,RECOVERED_PARENT,0.7625,0.7625,0.5249999999999999,0.7555385790679908
bnci2014_004,5,2,n25,soft_clif_exact,REV-E1,0.828125,0.828125,0.65625,0.8272324802937048
bnci2014_004,5,2,all,soft_clif_exact,REV-E1,0.828125,0.828125,0.65625,0.8252564064377128
bnci2014_004,5,2,n25,gru_stat,REV-E2,0.79375,0.79375,0.5874999999999999,0.7937177684013128
bnci2014_004,5,2,all,gru_stat,REV-E2,0.85,0.8500000000000001,0.7,0.8491514770584538
bnci2014_004,5,2,n25,tcn_stat,REV-E2,0.771875,0.7718750000000001,0.54375,0.7697138181567247
bnci2014_004,5,2,all,tcn_stat,REV-E2,0.84375,0.84375,0.6875,0.8427116511344421
bnci2014_004,5,2,n25,ann_sew_equal,REV-E3,0.6125,0.6125,0.2250000000000001,0.5941744395352644
bnci2014_004,5,2,n50,ann_sew_equal,REV-E3,0.584375,0.584375,0.16874999999999996,0.5543968757525312
bnci2014_004,5,2,n100,ann_sew_equal,REV-E3,0.75,0.75,0.5,0.7488127477530515
bnci2014_004,5,2,all,ann_sew_equal,REV-E3,0.796875,0.796875,0.59375,0.7966346952942441
bnci2014_004,5,2,n25,sew_clif_equal,REV-E3,0.753125,0.753125,0.5062500000000001,0.7528329373576198
bnci2014_004,5,2,n50,sew_clif_equal,REV-E3,0.771875,0.771875,0.54375,0.7718192918192917
bnci2014_004,5,2,n100,sew_clif_equal,REV-E3,0.821875,0.821875,0.64375,0.8218593431063277
bnci2014_004,5,2,all,sew_clif_equal,REV-E3,0.83125,0.83125,0.6625000000000001,0.8302954116907604
bnci2014_004,5,2,n25,ann_sew_ce,RECOVERED_PARENT,0.571875,0.571875,0.14375000000000004,0.5568091064406231
bnci2014_004,5,2,n25,sew_clif_ce,RECOVERED_PARENT,0.790625,0.7906249999999999,0.58125,0.7904592499926699
bnci2014_004,5,2,all,ann_sew_ce,RECOVERED_PARENT,0.784375,0.784375,0.5687500000000001,0.7842717706715128
bnci2014_004,5,2,all,sew_clif_ce,RECOVERED_PARENT,0.815625,0.815625,0.6312500000000001,0.8138782913869419
bnci2014_004,5,2,n50,ann_sew_ce,RECOVERED_PARENT,0.6375,0.6375,0.2749999999999999,0.6192820512820512
bnci2014_004,5,2,n50,sew_clif_ce,RECOVERED_PARENT,0.7875,0.7875,0.575,0.784460557074369
bnci2014_004,5,2,n100,ann_sew_ce,RECOVERED_PARENT,0.79375,0.79375,0.5874999999999999,0.7933544675355173
bnci2014_004,5,2,n100,sew_clif_ce,RECOVERED_PARENT,0.825,0.825,0.6499999999999999,0.8248289345063539
bnci2014_004,6,0,n25,soft_clif_exact,REV-E1,0.49375,0.49375,-0.012499999999999956,0.4617716682586486
bnci2014_004,6,0,all,soft_clif_exact,REV-E1,0.559375,0.559375,0.11874999999999991,0.5292104466866308
bnci2014_004,6,0,n25,gru_stat,REV-E2,0.559375,0.559375,0.11874999999999991,0.5534044006295098
bnci2014_004,6,0,all,gru_stat,REV-E2,0.58125,0.58125,0.1625000000000001,0.5724143432651271
bnci2014_004,6,0,n25,tcn_stat,REV-E2,0.571875,0.5718749999999999,0.14375000000000004,0.5703603524142731
bnci2014_004,6,0,all,tcn_stat,REV-E2,0.590625,0.590625,0.1812499999999999,0.5718560733727569
bnci2014_004,6,0,n25,ann_sew_equal,REV-E3,0.546875,0.546875,0.09375,0.5273745861981156
bnci2014_004,6,0,n50,ann_sew_equal,REV-E3,0.534375,0.534375,0.06875000000000009,0.5336052665042892
bnci2014_004,6,0,n100,ann_sew_equal,REV-E3,0.534375,0.534375,0.06875000000000009,0.5341520844935564
bnci2014_004,6,0,all,ann_sew_equal,REV-E3,0.5375,0.5375,0.07499999999999996,0.531571451178984
bnci2014_004,6,0,n25,sew_clif_equal,REV-E3,0.53125,0.53125,0.0625,0.5290239020369716
bnci2014_004,6,0,n50,sew_clif_equal,REV-E3,0.55625,0.5562499999999999,0.11250000000000004,0.5553990059097491
bnci2014_004,6,0,n100,sew_clif_equal,REV-E3,0.55625,0.5562499999999999,0.11250000000000004,0.5551378446115288
bnci2014_004,6,0,all,sew_clif_equal,REV-E3,0.56875,0.5687500000000001,0.13749999999999996,0.55078125
bnci2014_004,6,0,n25,ann_sew_ce,RECOVERED_PARENT,0.54375,0.54375,0.08749999999999991,0.5164762377877132
bnci2014_004,6,0,n25,sew_clif_ce,RECOVERED_PARENT,0.509375,0.509375,0.018750000000000044,0.5092551892551893
bnci2014_004,6,0,all,ann_sew_ce,RECOVERED_PARENT,0.575,0.575,0.1499999999999999,0.5536410256410257
bnci2014_004,6,0,all,sew_clif_ce,RECOVERED_PARENT,0.5625,0.5625,0.125,0.5532687168441626
bnci2014_004,6,0,n50,ann_sew_ce,RECOVERED_PARENT,0.58125,0.58125,0.1625000000000001,0.5764687290111019
bnci2014_004,6,0,n50,sew_clif_ce,RECOVERED_PARENT,0.571875,0.571875,0.14375000000000004,0.5718373685187176
bnci2014_004,6,0,n100,ann_sew_ce,RECOVERED_PARENT,0.521875,0.521875,0.043749999999999956,0.5216461001846586
bnci2014_004,6,0,n100,sew_clif_ce,RECOVERED_PARENT,0.55625,0.55625,0.11250000000000004,0.55625
bnci2014_004,6,1,n25,soft_clif_exact,REV-E1,0.475,0.475,-0.050000000000000044,0.43204868154158216
bnci2014_004,6,1,all,soft_clif_exact,REV-E1,0.521875,0.521875,0.043749999999999956,0.49408421596486685
bnci2014_004,6,1,n25,gru_stat,REV-E2,0.459375,0.459375,-0.08125000000000004,0.445285022896021
bnci2014_004,6,1,all,gru_stat,REV-E2,0.53125,0.53125,0.0625,0.5076923076923077
bnci2014_004,6,1,n25,tcn_stat,REV-E2,0.428125,0.428125,-0.14375000000000004,0.4246131171702284
bnci2014_004,6,1,all,tcn_stat,REV-E2,0.565625,0.565625,0.1312500000000001,0.557637417827769
bnci2014_004,6,1,n25,ann_sew_equal,REV-E3,0.4875,0.48750000000000004,-0.025000000000000022,0.46017116524028967
bnci2014_004,6,1,n50,ann_sew_equal,REV-E3,0.528125,0.528125,0.05624999999999991,0.5273449345110583
bnci2014_004,6,1,n100,ann_sew_equal,REV-E3,0.55,0.55,0.10000000000000009,0.5448619177432736
bnci2014_004,6,1,all,ann_sew_equal,REV-E3,0.521875,0.521875,0.043749999999999956,0.5173453996983408
bnci2014_004,6,1,n25,sew_clif_equal,REV-E3,0.44375,0.44375,-0.11250000000000004,0.42982982982982976
bnci2014_004,6,1,n50,sew_clif_equal,REV-E3,0.46875,0.46875,-0.0625,0.4652196138571036
bnci2014_004,6,1,n100,sew_clif_equal,REV-E3,0.50625,0.50625,0.012499999999999956,0.5024405605416471
bnci2014_004,6,1,all,sew_clif_equal,REV-E3,0.571875,0.571875,0.14375000000000004,0.5588427672955976
bnci2014_004,6,1,n25,ann_sew_ce,RECOVERED_PARENT,0.515625,0.515625,0.03125,0.5156202697291965
bnci2014_004,6,1,n25,sew_clif_ce,RECOVERED_PARENT,0.465625,0.46562499999999996,-0.06874999999999998,0.4548443337484433
bnci2014_004,6,1,all,ann_sew_ce,RECOVERED_PARENT,0.48125,0.48125,-0.03749999999999998,0.47215708096506215
bnci2014_004,6,1,all,sew_clif_ce,RECOVERED_PARENT,0.521875,0.521875,0.043749999999999956,0.5094139219831861
bnci2014_004,6,1,n50,ann_sew_ce,RECOVERED_PARENT,0.5,0.5,0.0,0.49556650246305417
bnci2014_004,6,1,n50,sew_clif_ce,RECOVERED_PARENT,0.475,0.475,-0.050000000000000044,0.47426067907995617
bnci2014_004,6,1,n100,ann_sew_ce,RECOVERED_PARENT,0.546875,0.546875,0.09375,0.5385426301081043
bnci2014_004,6,1,n100,sew_clif_ce,RECOVERED_PARENT,0.521875,0.521875,0.043749999999999956,0.4971189104243059
bnci2014_004,6,2,n25,soft_clif_exact,REV-E1,0.515625,0.515625,0.03125,0.5155824242365052
bnci2014_004,6,2,all,soft_clif_exact,REV-E1,0.5375,0.5375,0.07499999999999996,0.5128373930217248
bnci2014_004,6,2,n25,gru_stat,REV-E2,0.53125,0.53125,0.0625,0.5309568480300187
bnci2014_004,6,2,all,gru_stat,REV-E2,0.603125,0.6031249999999999,0.20625000000000004,0.5965011566834459
bnci2014_004,6,2,n25,tcn_stat,REV-E2,0.5,0.5,0.0,0.4996873045653534
bnci2014_004,6,2,all,tcn_stat,REV-E2,0.565625,0.565625,0.1312500000000001,0.5431341735227353
bnci2014_004,6,2,n25,ann_sew_equal,REV-E3,0.515625,0.515625,0.03125,0.5049455539918755
bnci2014_004,6,2,n50,ann_sew_equal,REV-E3,0.503125,0.503125,0.006250000000000089,0.4977840510902074
bnci2014_004,6,2,n100,ann_sew_equal,REV-E3,0.534375,0.534375,0.06875000000000009,0.5336052665042892
bnci2014_004,6,2,all,ann_sew_equal,REV-E3,0.540625,0.540625,0.08125000000000004,0.537803979366249
bnci2014_004,6,2,n25,sew_clif_equal,REV-E3,0.553125,0.5531250000000001,0.10624999999999996,0.5515440174835113
bnci2014_004,6,2,n50,sew_clif_equal,REV-E3,0.553125,0.553125,0.10624999999999996,0.5483215050685513
bnci2014_004,6,2,n100,sew_clif_equal,REV-E3,0.565625,0.565625,0.1312500000000001,0.561509872928558
bnci2014_004,6,2,all,sew_clif_equal,REV-E3,0.540625,0.540625,0.08125000000000004,0.5356871415739654
bnci2014_004,6,2,n25,ann_sew_ce,RECOVERED_PARENT,0.4875,0.4875,-0.025000000000000022,0.4585448392554991
bnci2014_004,6,2,n25,sew_clif_ce,RECOVERED_PARENT,0.5,0.5,0.0,0.4999218627910611
bnci2014_004,6,2,all,ann_sew_ce,RECOVERED_PARENT,0.55625,0.55625,0.11250000000000004,0.5517676767676767
bnci2014_004,6,2,all,sew_clif_ce,RECOVERED_PARENT,0.546875,0.546875,0.09375,0.5158547146777408
bnci2014_004,6,2,n50,ann_sew_ce,RECOVERED_PARENT,0.48125,0.48125,-0.03749999999999998,0.4778026817663482
bnci2014_004,6,2,n50,sew_clif_ce,RECOVERED_PARENT,0.5125,0.5125,0.02499999999999991,0.5121951219512195
bnci2014_004,6,2,n100,ann_sew_ce,RECOVERED_PARENT,0.496875,0.496875,-0.006249999999999978,0.48376236234832015
bnci2014_004,6,2,n100,sew_clif_ce,RECOVERED_PARENT,0.590625,0.590625,0.1812499999999999,0.5901406935930151
bnci2014_004,7,0,n25,soft_clif_exact,REV-E1,0.778125,0.778125,0.5562499999999999,0.777758214240299
bnci2014_004,7,0,all,soft_clif_exact,REV-E1,0.790625,0.7906249999999999,0.58125,0.7897193970125246
bnci2014_004,7,0,n25,gru_stat,REV-E2,0.771875,0.771875,0.54375,0.771372644971862
bnci2014_004,7,0,all,gru_stat,REV-E2,0.803125,0.803125,0.60625,0.8026914607291411
bnci2014_004,7,0,n25,tcn_stat,REV-E2,0.7625,0.7625,0.5249999999999999,0.7624907222938396
bnci2014_004,7,0,all,tcn_stat,REV-E2,0.809375,0.809375,0.6187499999999999,0.808955223880597
bnci2014_004,7,0,n25,ann_sew_equal,REV-E3,0.6125,0.6125,0.2250000000000001,0.6125
bnci2014_004,7,0,n50,ann_sew_equal,REV-E3,0.653125,0.653125,0.3062499999999999,0.6531216125157473
bnci2014_004,7,0,n100,ann_sew_equal,REV-E3,0.690625,0.690625,0.3812500000000001,0.6895304736424308
bnci2014_004,7,0,all,ann_sew_equal,REV-E3,0.790625,0.790625,0.58125,0.7905738705738706
bnci2014_004,7,0,n25,sew_clif_equal,REV-E3,0.765625,0.765625,0.53125,0.7651088818204063
bnci2014_004,7,0,n50,sew_clif_equal,REV-E3,0.73125,0.73125,0.4624999999999999,0.7305764411027569
bnci2014_004,7,0,n100,sew_clif_equal,REV-E3,0.775,0.775,0.55,0.7747800586510264
bnci2014_004,7,0,all,sew_clif_equal,REV-E3,0.809375,0.809375,0.6187499999999999,0.8085504957875225
bnci2014_004,7,0,n25,ann_sew_ce,RECOVERED_PARENT,0.6875,0.6875,0.375,0.6850889623681311
bnci2014_004,7,0,n25,sew_clif_ce,RECOVERED_PARENT,0.771875,0.771875,0.54375,0.7704740849914026
bnci2014_004,7,0,all,ann_sew_ce,RECOVERED_PARENT,0.784375,0.784375,0.5687500000000001,0.7839001712747737
bnci2014_004,7,0,all,sew_clif_ce,RECOVERED_PARENT,0.784375,0.784375,0.5687500000000001,0.7837647266210301
bnci2014_004,7,0,n50,ann_sew_ce,RECOVERED_PARENT,0.659375,0.659375,0.3187500000000001,0.6584109449520619
bnci2014_004,7,0,n50,sew_clif_ce,RECOVERED_PARENT,0.759375,0.7593749999999999,0.51875,0.7590903313485662
bnci2014_004,7,0,n100,ann_sew_ce,RECOVERED_PARENT,0.703125,0.703125,0.40625,0.7028899813328904
bnci2014_004,7,0,n100,sew_clif_ce,RECOVERED_PARENT,0.7875,0.7875,0.575,0.7874916988944881
bnci2014_004,7,1,n25,soft_clif_exact,REV-E1,0.753125,0.753125,0.5062500000000001,0.7516089412920659
bnci2014_004,7,1,all,soft_clif_exact,REV-E1,0.79375,0.79375,0.5874999999999999,0.7919211822660099
bnci2014_004,7,1,n25,gru_stat,REV-E2,0.73125,0.73125,0.4624999999999999,0.7312080012501954
bnci2014_004,7,1,all,gru_stat,REV-E2,0.78125,0.78125,0.5625,0.7808304958710031
bnci2014_004,7,1,n25,tcn_stat,REV-E2,0.709375,0.7093750000000001,0.41874999999999996,0.7083468085731925
bnci2014_004,7,1,all,tcn_stat,REV-E2,0.8125,0.8125,0.625,0.8116095608147886
bnci2014_004,7,1,n25,ann_sew_equal,REV-E3,0.634375,0.6343749999999999,0.26875000000000004,0.6340855559573491
bnci2014_004,7,1,n50,ann_sew_equal,REV-E3,0.7,0.7,0.3999999999999999,0.7
bnci2014_004,7,1,n100,ann_sew_equal,REV-E3,0.721875,0.721875,0.4437500000000001,0.7218722839090225
bnci2014_004,7,1,all,ann_sew_equal,REV-E3,0.784375,0.784375,0.5687500000000001,0.7834423640875254
bnci2014_004,7,1,n25,sew_clif_equal,REV-E3,0.734375,0.734375,0.46875,0.7324704192936039
bnci2014_004,7,1,n50,sew_clif_equal,REV-E3,0.7375,0.7375,0.4750000000000001,0.736253385140704
bnci2014_004,7,1,n100,sew_clif_equal,REV-E3,0.734375,0.734375,0.46875,0.7337900660631269
bnci2014_004,7,1,all,sew_clif_equal,REV-E3,0.796875,0.796875,0.59375,0.7963001047879268
bnci2014_004,7,1,n25,ann_sew_ce,RECOVERED_PARENT,0.671875,0.671875,0.34375,0.6717948717948719
bnci2014_004,7,1,n25,sew_clif_ce,RECOVERED_PARENT,0.753125,0.753125,0.5062500000000001,0.7524262812037881
bnci2014_004,7,1,all,ann_sew_ce,RECOVERED_PARENT,0.778125,0.778125,0.5562499999999999,0.7771653311625261
bnci2014_004,7,1,all,sew_clif_ce,RECOVERED_PARENT,0.775,0.775,0.55,0.7741176470588235
bnci2014_004,7,1,n50,ann_sew_ce,RECOVERED_PARENT,0.6875,0.6875,0.375,0.6869007083871472
bnci2014_004,7,1,n50,sew_clif_ce,RECOVERED_PARENT,0.753125,0.753125,0.5062500000000001,0.7525813555174945
bnci2014_004,7,1,n100,ann_sew_ce,RECOVERED_PARENT,0.696875,0.696875,0.39375000000000004,0.696207487154392
bnci2014_004,7,1,n100,sew_clif_ce,RECOVERED_PARENT,0.734375,0.734375,0.46875,0.7334352551475416
bnci2014_004,7,2,n25,soft_clif_exact,REV-E1,0.684375,0.684375,0.3687499999999999,0.6834817012858555
bnci2014_004,7,2,all,soft_clif_exact,REV-E1,0.7875,0.7875000000000001,0.575,0.7862979258328096
bnci2014_004,7,2,n25,gru_stat,REV-E2,0.703125,0.703125,0.40625,0.7026342303215267
bnci2014_004,7,2,all,gru_stat,REV-E2,0.8,0.8,0.6000000000000001,0.7996164533677742
bnci2014_004,7,2,n25,tcn_stat,REV-E2,0.671875,0.671875,0.34375,0.6718461583537616
bnci2014_004,7,2,all,tcn_stat,REV-E2,0.79375,0.79375,0.5874999999999999,0.7929411764705883
bnci2014_004,7,2,n25,ann_sew_equal,REV-E3,0.6125,0.6125,0.2250000000000001,0.6057076990341428
bnci2014_004,7,2,n50,ann_sew_equal,REV-E3,0.678125,0.6781250000000001,0.35624999999999996,0.6777442094662638
bnci2014_004,7,2,n100,ann_sew_equal,REV-E3,0.725,0.7250000000000001,0.44999999999999996,0.7244726233806896
bnci2014_004,7,2,all,ann_sew_equal,REV-E3,0.7625,0.7625,0.5249999999999999,0.7624628848257542
bnci2014_004,7,2,n25,sew_clif_equal,REV-E3,0.7,0.7,0.3999999999999999,0.6994246800516614
bnci2014_004,7,2,n50,sew_clif_equal,REV-E3,0.68125,0.6812499999999999,0.36250000000000004,0.6794468887492144
bnci2014_004,7,2,n100,sew_clif_equal,REV-E3,0.759375,0.759375,0.51875,0.7581254724111868
bnci2014_004,7,2,all,sew_clif_equal,REV-E3,0.784375,0.784375,0.5687500000000001,0.7834423640875254
bnci2014_004,7,2,n25,ann_sew_ce,RECOVERED_PARENT,0.634375,0.6343749999999999,0.26875000000000004,0.6282727191493165
bnci2014_004,7,2,n25,sew_clif_ce,RECOVERED_PARENT,0.725,0.725,0.44999999999999996,0.7241271209686899
bnci2014_004,7,2,all,ann_sew_ce,RECOVERED_PARENT,0.765625,0.765625,0.53125,0.7653477253395125
bnci2014_004,7,2,all,sew_clif_ce,RECOVERED_PARENT,0.765625,0.765625,0.53125,0.7641857037582902
bnci2014_004,7,2,n50,ann_sew_ce,RECOVERED_PARENT,0.646875,0.646875,0.29374999999999996,0.6458755667851652
bnci2014_004,7,2,n50,sew_clif_ce,RECOVERED_PARENT,0.69375,0.69375,0.38749999999999996,0.6927779301696775
bnci2014_004,7,2,n100,ann_sew_ce,RECOVERED_PARENT,0.7375,0.7375,0.4750000000000001,0.736666797288295
bnci2014_004,7,2,n100,sew_clif_ce,RECOVERED_PARENT,0.753125,0.753125,0.5062500000000001,0.7516089412920659
bnci2014_004,8,0,n25,soft_clif_exact,REV-E1,0.871875,0.871875,0.7437499999999999,0.8712096671280345
bnci2014_004,8,0,all,soft_clif_exact,REV-E1,0.86875,0.86875,0.7375,0.8681266925703521
bnci2014_004,8,0,n25,gru_stat,REV-E2,0.88125,0.8812500000000001,0.7625,0.8809523809523809
bnci2014_004,8,0,all,gru_stat,REV-E2,0.8,0.8,0.6000000000000001,0.7961458831024049
bnci2014_004,8,0,n25,tcn_stat,REV-E2,0.890625,0.890625,0.78125,0.8904441901184572
bnci2014_004,8,0,all,tcn_stat,REV-E2,0.809375,0.809375,0.6187499999999999,0.8067919747404262
bnci2014_004,8,0,n25,ann_sew_equal,REV-E3,0.684375,0.684375,0.3687499999999999,0.6840016034572102
bnci2014_004,8,0,n50,ann_sew_equal,REV-E3,0.734375,0.734375,0.46875,0.7311588831233012
bnci2014_004,8,0,n100,ann_sew_equal,REV-E3,0.765625,0.765625,0.53125,0.7624491492710159
bnci2014_004,8,0,all,ann_sew_equal,REV-E3,0.825,0.825,0.6499999999999999,0.8238370492705753
bnci2014_004,8,0,n25,sew_clif_equal,REV-E3,0.89375,0.89375,0.7875000000000001,0.8936461388074292
bnci2014_004,8,0,n50,sew_clif_equal,REV-E3,0.834375,0.8343750000000001,0.66875,0.8328059227713207
bnci2014_004,8,0,n100,sew_clif_equal,REV-E3,0.7875,0.7875,0.575,0.784126984126984
bnci2014_004,8,0,all,sew_clif_equal,REV-E3,0.828125,0.828125,0.65625,0.8268926242488024
bnci2014_004,8,0,n25,ann_sew_ce,RECOVERED_PARENT,0.69375,0.6937500000000001,0.38749999999999996,0.6917148362235068
bnci2014_004,8,0,n25,sew_clif_ce,RECOVERED_PARENT,0.884375,0.8843749999999999,0.76875,0.8842834664138625
bnci2014_004,8,0,all,ann_sew_ce,RECOVERED_PARENT,0.853125,0.853125,0.70625,0.8513466765505313
bnci2014_004,8,0,all,sew_clif_ce,RECOVERED_PARENT,0.81875,0.81875,0.6375,0.8184947582537945
bnci2014_004,8,0,n50,ann_sew_ce,RECOVERED_PARENT,0.753125,0.753125,0.5062500000000001,0.7494027498290031
bnci2014_004,8,0,n50,sew_clif_ce,RECOVERED_PARENT,0.8375,0.8374999999999999,0.675,0.8354169963601835
bnci2014_004,8,0,n100,ann_sew_ce,RECOVERED_PARENT,0.73125,0.73125,0.4624999999999999,0.7239608409565077
bnci2014_004,8,0,n100,sew_clif_ce,RECOVERED_PARENT,0.796875,0.796875,0.59375,0.7934848439718425
bnci2014_004,8,1,n25,soft_clif_exact,REV-E1,0.859375,0.859375,0.71875,0.8587667591875165
bnci2014_004,8,1,all,soft_clif_exact,REV-E1,0.859375,0.859375,0.71875,0.8582104983310194
bnci2014_004,8,1,n25,gru_stat,REV-E2,0.759375,0.7593749999999999,0.51875,0.7557469840105473
bnci2014_004,8,1,all,gru_stat,REV-E2,0.840625,0.840625,0.6812499999999999,0.8391151332327804
bnci2014_004,8,1,n25,tcn_stat,REV-E2,0.784375,0.784375,0.5687500000000001,0.7823322390796439
bnci2014_004,8,1,all,tcn_stat,REV-E2,0.83125,0.83125,0.6625000000000001,0.8293232191537276
bnci2014_004,8,1,n25,ann_sew_equal,REV-E3,0.625,0.625,0.25,0.6148290804044295
bnci2014_004,8,1,n50,ann_sew_equal,REV-E3,0.603125,0.6031249999999999,0.20625000000000004,0.6028108171502848
bnci2014_004,8,1,n100,ann_sew_equal,REV-E3,0.7625,0.7625,0.5249999999999999,0.7587301587301587
bnci2014_004,8,1,all,ann_sew_equal,REV-E3,0.8375,0.8374999999999999,0.675,0.8356445814072933
bnci2014_004,8,1,n25,sew_clif_equal,REV-E3,0.7125,0.7125,0.42500000000000004,0.7047022949767293
bnci2014_004,8,1,n50,sew_clif_equal,REV-E3,0.80625,0.80625,0.6125,0.8045320197044334
bnci2014_004,8,1,n100,sew_clif_equal,REV-E3,0.784375,0.784375,0.5687500000000001,0.7782932192668013
bnci2014_004,8,1,all,sew_clif_equal,REV-E3,0.859375,0.859375,0.71875,0.8585114222549741
bnci2014_004,8,1,n25,ann_sew_ce,RECOVERED_PARENT,0.540625,0.5406249999999999,0.08125000000000004,0.5400815416654445
bnci2014_004,8,1,n25,sew_clif_ce,RECOVERED_PARENT,0.753125,0.753125,0.5062500000000001,0.7481444582814446
bnci2014_004,8,1,all,ann_sew_ce,RECOVERED_PARENT,0.821875,0.821875,0.64375,0.8205978105851225
bnci2014_004,8,1,all,sew_clif_ce,RECOVERED_PARENT,0.846875,0.846875,0.6937500000000001,0.8454243436942399
bnci2014_004,8,1,n50,ann_sew_ce,RECOVERED_PARENT,0.578125,0.578125,0.15625,0.5759342698118208
bnci2014_004,8,1,n50,sew_clif_ce,RECOVERED_PARENT,0.81875,0.8187500000000001,0.6375,0.8182957393483709
bnci2014_004,8,1,n100,ann_sew_ce,RECOVERED_PARENT,0.740625,0.7406250000000001,0.48124999999999996,0.7338650687882644
bnci2014_004,8,1,n100,sew_clif_ce,RECOVERED_PARENT,0.771875,0.771875,0.54375,0.7654406522677752
bnci2014_004,8,2,n25,soft_clif_exact,REV-E1,0.846875,0.846875,0.6937500000000001,0.8466938472218148
bnci2014_004,8,2,all,soft_clif_exact,REV-E1,0.853125,0.853125,0.70625,0.852071878903522
bnci2014_004,8,2,n25,gru_stat,REV-E2,0.8125,0.8125,0.625,0.8119048552059249
bnci2014_004,8,2,all,gru_stat,REV-E2,0.86875,0.86875,0.7375,0.8683333986441475
bnci2014_004,8,2,n25,tcn_stat,REV-E2,0.75625,0.7562500000000001,0.5125,0.755639097744361
bnci2014_004,8,2,all,tcn_stat,REV-E2,0.846875,0.846875,0.6937500000000001,0.8454243436942399
bnci2014_004,8,2,n25,ann_sew_equal,REV-E3,0.684375,0.684375,0.3687499999999999,0.6827360092666215
bnci2014_004,8,2,n50,ann_sew_equal,REV-E3,0.746875,0.746875,0.4937499999999999,0.7464565542741438
bnci2014_004,8,2,n100,ann_sew_equal,REV-E3,0.78125,0.78125,0.5625,0.7774156365515322
bnci2014_004,8,2,all,ann_sew_equal,REV-E3,0.803125,0.803125,0.60625,0.8010087749602708
bnci2014_004,8,2,n25,sew_clif_equal,REV-E3,0.815625,0.815625,0.6312500000000001,0.815406877267083
bnci2014_004,8,2,n50,sew_clif_equal,REV-E3,0.859375,0.859375,0.71875,0.8588774880192868
bnci2014_004,8,2,n100,sew_clif_equal,REV-E3,0.846875,0.846875,0.6937500000000001,0.846079846079846
bnci2014_004,8,2,all,sew_clif_equal,REV-E3,0.828125,0.828125,0.65625,0.827840870186147
bnci2014_004,8,2,n25,ann_sew_ce,RECOVERED_PARENT,0.671875,0.671875,0.34375,0.6709463231189587
bnci2014_004,8,2,n25,sew_clif_ce,RECOVERED_PARENT,0.796875,0.796875,0.59375,0.7967777549804105
bnci2014_004,8,2,all,ann_sew_ce,RECOVERED_PARENT,0.809375,0.809375,0.6187499999999999,0.8073259567075638
bnci2014_004,8,2,all,sew_clif_ce,RECOVERED_PARENT,0.85,0.85,0.7,0.8498533724340176
bnci2014_004,8,2,n50,ann_sew_ce,RECOVERED_PARENT,0.753125,0.753125,0.5062500000000001,0.7528329373576198
bnci2014_004,8,2,n50,sew_clif_ce,RECOVERED_PARENT,0.840625,0.840625,0.6812499999999999,0.8397973908177989
bnci2014_004,8,2,n100,ann_sew_ce,RECOVERED_PARENT,0.790625,0.7906249999999999,0.58125,0.7898842599398269
bnci2014_004,8,2,n100,sew_clif_ce,RECOVERED_PARENT,0.796875,0.796875,0.59375,0.7949506600025631
bnci2014_004,9,0,n25,soft_clif_exact,REV-E1,0.74375,0.74375,0.48750000000000004,0.7344129554655872
bnci2014_004,9,0,all,soft_clif_exact,REV-E1,0.803125,0.803125,0.60625,0.8010087749602708
bnci2014_004,9,0,n25,gru_stat,REV-E2,0.73125,0.73125,0.4624999999999999,0.7151846332174201
bnci2014_004,9,0,all,gru_stat,REV-E2,0.775,0.7749999999999999,0.55,0.7749648382559775
bnci2014_004,9,0,n25,tcn_stat,REV-E2,0.734375,0.734375,0.46875,0.7180499839329955
bnci2014_004,9,0,all,tcn_stat,REV-E2,0.7625,0.7625,0.5249999999999999,0.7621655452980753
bnci2014_004,9,0,n25,ann_sew_equal,REV-E3,0.59375,0.59375,0.1875,0.5799507249888929
bnci2014_004,9,0,n50,ann_sew_equal,REV-E3,0.7,0.7,0.3999999999999999,0.6912066261911464
bnci2014_004,9,0,n100,ann_sew_equal,REV-E3,0.753125,0.753125,0.5062500000000001,0.7524262812037881
bnci2014_004,9,0,all,ann_sew_equal,REV-E3,0.775,0.775,0.55,0.7732640529050543
bnci2014_004,9,0,n25,sew_clif_equal,REV-E3,0.709375,0.709375,0.41874999999999996,0.6894792307933096
bnci2014_004,9,0,n50,sew_clif_equal,REV-E3,0.7375,0.7375,0.4750000000000001,0.7235023041474653
bnci2014_004,9,0,n100,sew_clif_equal,REV-E3,0.7625,0.7625,0.5249999999999999,0.7615686274509803
bnci2014_004,9,0,all,sew_clif_equal,REV-E3,0.7375,0.7375,0.4750000000000001,0.736253385140704
bnci2014_004,9,0,n25,ann_sew_ce,RECOVERED_PARENT,0.615625,0.615625,0.23124999999999996,0.6132645541635962
bnci2014_004,9,0,n25,sew_clif_ce,RECOVERED_PARENT,0.70625,0.70625,0.4125000000000001,0.6886901804934593
bnci2014_004,9,0,all,ann_sew_ce,RECOVERED_PARENT,0.78125,0.78125,0.5625,0.7795622736576917
bnci2014_004,9,0,all,sew_clif_ce,RECOVERED_PARENT,0.771875,0.7718750000000001,0.54375,0.7708882982375269
bnci2014_004,9,0,n50,ann_sew_ce,RECOVERED_PARENT,0.66875,0.66875,0.3374999999999999,0.6566801619433198
bnci2014_004,9,0,n50,sew_clif_ce,RECOVERED_PARENT,0.753125,0.753125,0.5062500000000001,0.7438158068079328
bnci2014_004,9,0,n100,ann_sew_ce,RECOVERED_PARENT,0.696875,0.696875,0.39375000000000004,0.6950135101940556
bnci2014_004,9,0,n100,sew_clif_ce,RECOVERED_PARENT,0.74375,0.7437499999999999,0.48750000000000004,0.7436598804267125
bnci2014_004,9,1,n25,soft_clif_exact,REV-E1,0.759375,0.7593749999999999,0.51875,0.7535975359753597
bnci2014_004,9,1,all,soft_clif_exact,REV-E1,0.790625,0.790625,0.58125,0.784251572327044
bnci2014_004,9,1,n25,gru_stat,REV-E2,0.7,0.7,0.3999999999999999,0.684923076923077
bnci2014_004,9,1,all,gru_stat,REV-E2,0.815625,0.815625,0.6312500000000001,0.8155799755799755
bnci2014_004,9,1,n25,tcn_stat,REV-E2,0.765625,0.765625,0.53125,0.7567871583619615
bnci2014_004,9,1,all,tcn_stat,REV-E2,0.790625,0.7906249999999999,0.58125,0.7906229553022979
bnci2014_004,9,1,n25,ann_sew_equal,REV-E3,0.559375,0.559375,0.11874999999999991,0.5527314902011321
bnci2014_004,9,1,n50,ann_sew_equal,REV-E3,0.59375,0.59375,0.1875,0.5733333333333335
bnci2014_004,9,1,n100,ann_sew_equal,REV-E3,0.703125,0.703125,0.40625,0.6986488763766492
bnci2014_004,9,1,all,ann_sew_equal,REV-E3,0.8,0.8,0.6000000000000001,0.7999296627720682
bnci2014_004,9,1,n25,sew_clif_equal,REV-E3,0.709375,0.709375,0.41874999999999996,0.6968678380443086
bnci2014_004,9,1,n50,sew_clif_equal,REV-E3,0.66875,0.66875,0.3374999999999999,0.6489485014075178
bnci2014_004,9,1,n100,sew_clif_equal,REV-E3,0.721875,0.721875,0.4437500000000001,0.7157429310017865
bnci2014_004,9,1,all,sew_clif_equal,REV-E3,0.796875,0.796875,0.59375,0.7966346952942441
bnci2014_004,9,1,n25,ann_sew_ce,RECOVERED_PARENT,0.609375,0.609375,0.21875,0.604081915451693
bnci2014_004,9,1,n25,sew_clif_ce,RECOVERED_PARENT,0.73125,0.73125,0.4624999999999999,0.7160661961949568
bnci2014_004,9,1,all,ann_sew_ce,RECOVERED_PARENT,0.759375,0.759375,0.51875,0.7586939702872365
bnci2014_004,9,1,all,sew_clif_ce,RECOVERED_PARENT,0.771875,0.7718750000000001,0.54375,0.7710679250090651
bnci2014_004,9,1,n50,ann_sew_ce,RECOVERED_PARENT,0.60625,0.60625,0.2124999999999999,0.5979418451597462
bnci2014_004,9,1,n50,sew_clif_ce,RECOVERED_PARENT,0.69375,0.6937500000000001,0.38749999999999996,0.6764475258965787
bnci2014_004,9,1,n100,ann_sew_ce,RECOVERED_PARENT,0.696875,0.6968749999999999,0.39375000000000004,0.6955639031375357
bnci2014_004,9,1,n100,sew_clif_ce,RECOVERED_PARENT,0.734375,0.734375,0.46875,0.7303700472843704
bnci2014_004,9,2,n25,soft_clif_exact,REV-E1,0.653125,0.653125,0.3062499999999999,0.621124041343559
bnci2014_004,9,2,all,soft_clif_exact,REV-E1,0.80625,0.80625,0.6125,0.8042929292929293
bnci2014_004,9,2,n25,gru_stat,REV-E2,0.78125,0.78125,0.5625,0.7811131957473421
bnci2014_004,9,2,all,gru_stat,REV-E2,0.8125,0.8125,0.625,0.8124706985466479
bnci2014_004,9,2,n25,tcn_stat,REV-E2,0.78125,0.78125,0.5625,0.780701754385965
bnci2014_004,9,2,all,tcn_stat,REV-E2,0.771875,0.771875,0.54375,0.7714978822470678
bnci2014_004,9,2,n25,ann_sew_equal,REV-E3,0.615625,0.615625,0.23124999999999996,0.6104166048044659
bnci2014_004,9,2,n50,ann_sew_equal,REV-E3,0.7125,0.7125,0.42500000000000004,0.7123202001250781
bnci2014_004,9,2,n100,ann_sew_equal,REV-E3,0.759375,0.7593749999999999,0.51875,0.7585237017218907
bnci2014_004,9,2,all,ann_sew_equal,REV-E3,0.728125,0.728125,0.45625000000000004,0.726175605629924
bnci2014_004,9,2,n25,sew_clif_equal,REV-E3,0.759375,0.759375,0.51875,0.7576496739483235
bnci2014_004,9,2,n50,sew_clif_equal,REV-E3,0.734375,0.734375,0.46875,0.7337900660631269
bnci2014_004,9,2,n100,sew_clif_equal,REV-E3,0.715625,0.715625,0.4312499999999999,0.7155555555555555
bnci2014_004,9,2,all,sew_clif_equal,REV-E3,0.80625,0.80625,0.6125,0.8054901960784314
bnci2014_004,9,2,n25,ann_sew_ce,RECOVERED_PARENT,0.59375,0.59375,0.1875,0.59375
bnci2014_004,9,2,n25,sew_clif_ce,RECOVERED_PARENT,0.76875,0.76875,0.5375000000000001,0.7642936773371556
bnci2014_004,9,2,all,ann_sew_ce,RECOVERED_PARENT,0.765625,0.765625,0.53125,0.764795813365478
bnci2014_004,9,2,all,sew_clif_ce,RECOVERED_PARENT,0.771875,0.771875,0.54375,0.7718549481888057
bnci2014_004,9,2,n50,ann_sew_ce,RECOVERED_PARENT,0.69375,0.6937500000000001,0.38749999999999996,0.6898243392941921
bnci2014_004,9,2,n50,sew_clif_ce,RECOVERED_PARENT,0.734375,0.734375,0.46875,0.7311588831233012
bnci2014_004,9,2,n100,ann_sew_ce,RECOVERED_PARENT,0.7,0.7,0.3999999999999999,0.6998944941581025
bnci2014_004,9,2,n100,sew_clif_ce,RECOVERED_PARENT,0.721875,0.721875,0.4437500000000001,0.7214152263012198
