dataset,subject,seed,budget,variant,layer,firing_rate,event_sparsity,events,denominator_elements,denominator_definition,total_events_all_layers
bci2a,1,0,n25,sew_clif_equal,0,0.1738673080632716,0.8261326919367284,57685,331776,batch_x_channel_x_time,119207
bci2a,1,0,n25,sew_clif_equal,1,0.025589554398148147,0.9744104456018519,8490,331776,batch_x_channel_x_time,119207
bci2a,1,0,n25,sew_clif_equal,2,0.030767746913580248,0.9692322530864198,10208,331776,batch_x_channel_x_time,119207
bci2a,1,0,n25,sew_clif_equal,3,0.1290750385802469,0.8709249614197531,42824,331776,batch_x_channel_x_time,119207
bci2a,1,0,n50,sew_clif_equal,0,0.18478431230709877,0.8152156876929012,61307,331776,batch_x_channel_x_time,128133
bci2a,1,0,n50,sew_clif_equal,1,0.025001808449074073,0.9749981915509259,8295,331776,batch_x_channel_x_time,128133
bci2a,1,0,n50,sew_clif_equal,2,0.038510923032407406,0.9614890769675926,12777,331776,batch_x_channel_x_time,128133
bci2a,1,0,n50,sew_clif_equal,3,0.13790629822530864,0.8620937017746914,45754,331776,batch_x_channel_x_time,128133
bci2a,1,0,all,sew_clif_equal,0,0.1886302806712963,0.8113697193287037,62583,331776,batch_x_channel_x_time,132340
bci2a,1,0,all,sew_clif_equal,1,0.029414424189814815,0.9705855758101852,9759,331776,batch_x_channel_x_time,132340
bci2a,1,0,all,sew_clif_equal,2,0.03866162712191358,0.9613383728780864,12827,331776,batch_x_channel_x_time,132340
bci2a,1,0,all,sew_clif_equal,3,0.14217725212191357,0.8578227478780864,47171,331776,batch_x_channel_x_time,132340
bci2a,1,1,n25,sew_clif_equal,0,0.19965880594135801,0.800341194058642,66242,331776,batch_x_channel_x_time,142131
bci2a,1,1,n25,sew_clif_equal,1,0.033109688464506175,0.9668903115354939,10985,331776,batch_x_channel_x_time,142131
bci2a,1,1,n25,sew_clif_equal,2,0.042649257330246916,0.9573507426697531,14150,331776,batch_x_channel_x_time,142131
bci2a,1,1,n25,sew_clif_equal,3,0.15297670717592593,0.8470232928240741,50754,331776,batch_x_channel_x_time,142131
bci2a,1,1,n50,sew_clif_equal,0,0.20122914255401234,0.7987708574459876,66763,331776,batch_x_channel_x_time,146780
bci2a,1,1,n50,sew_clif_equal,1,0.034514250578703706,0.9654857494212963,11451,331776,batch_x_channel_x_time,146780
bci2a,1,1,n50,sew_clif_equal,2,0.04919282889660494,0.9508071711033951,16321,331776,batch_x_channel_x_time,146780
bci2a,1,1,n50,sew_clif_equal,3,0.157470703125,0.842529296875,52245,331776,batch_x_channel_x_time,146780
bci2a,1,1,all,sew_clif_equal,0,0.201416015625,0.798583984375,66825,331776,batch_x_channel_x_time,137816
bci2a,1,1,all,sew_clif_equal,1,0.028184678819444444,0.9718153211805556,9351,331776,batch_x_channel_x_time,137816
bci2a,1,1,all,sew_clif_equal,2,0.03749819155092592,0.9625018084490741,12441,331776,batch_x_channel_x_time,137816
bci2a,1,1,all,sew_clif_equal,3,0.14828980999228394,0.8517101900077161,49199,331776,batch_x_channel_x_time,137816
bci2a,1,2,n25,sew_clif_equal,0,0.19592435860339505,0.8040756413966049,65003,331776,batch_x_channel_x_time,135231
bci2a,1,2,n25,sew_clif_equal,1,0.025568455825617283,0.9744315441743827,8483,331776,batch_x_channel_x_time,135231
bci2a,1,2,n25,sew_clif_equal,2,0.04039773823302469,0.9596022617669753,13403,331776,batch_x_channel_x_time,135231
bci2a,1,2,n25,sew_clif_equal,3,0.14570674189814814,0.8542932581018519,48342,331776,batch_x_channel_x_time,135231
bci2a,1,2,n50,sew_clif_equal,0,0.20381522472993827,0.7961847752700617,67621,331776,batch_x_channel_x_time,155172
bci2a,1,2,n50,sew_clif_equal,1,0.04088903356481482,0.9591109664351852,13566,331776,batch_x_channel_x_time,155172
bci2a,1,2,n50,sew_clif_equal,2,0.05777391975308642,0.9422260802469136,19168,331776,batch_x_channel_x_time,155172
bci2a,1,2,n50,sew_clif_equal,3,0.16522292148919754,0.8347770785108024,54817,331776,batch_x_channel_x_time,155172
bci2a,1,2,all,sew_clif_equal,0,0.19221100983796297,0.807788990162037,63771,331776,batch_x_channel_x_time,136921
bci2a,1,2,all,sew_clif_equal,1,0.032958984375,0.967041015625,10935,331776,batch_x_channel_x_time,136921
bci2a,1,2,all,sew_clif_equal,2,0.04032540027006173,0.9596745997299383,13379,331776,batch_x_channel_x_time,136921
bci2a,1,2,all,sew_clif_equal,3,0.14719569830246915,0.8528043016975309,48836,331776,batch_x_channel_x_time,136921
bci2a,2,0,n25,sew_clif_equal,0,0.16242585358796297,0.837574146412037,53889,331776,batch_x_channel_x_time,112645
bci2a,2,0,n25,sew_clif_equal,1,0.021921416859567902,0.9780785831404321,7273,331776,batch_x_channel_x_time,112645
bci2a,2,0,n25,sew_clif_equal,2,0.03253098476080247,0.9674690152391975,10793,331776,batch_x_channel_x_time,112645
bci2a,2,0,n25,sew_clif_equal,3,0.12264298804012345,0.8773570119598766,40690,331776,batch_x_channel_x_time,112645
bci2a,2,0,n50,sew_clif_equal,0,0.16427649980709877,0.8357235001929012,54503,331776,batch_x_channel_x_time,107338
bci2a,2,0,n50,sew_clif_equal,1,0.016818576388888888,0.9831814236111112,5580,331776,batch_x_channel_x_time,107338
bci2a,2,0,n50,sew_clif_equal,2,0.025248963155864196,0.9747510368441358,8377,331776,batch_x_channel_x_time,107338
bci2a,2,0,n50,sew_clif_equal,3,0.11718147183641975,0.8828185281635803,38878,331776,batch_x_channel_x_time,107338
bci2a,2,0,all,sew_clif_equal,0,0.16851429880401234,0.8314857011959876,55909,331776,batch_x_channel_x_time,114828
bci2a,2,0,all,sew_clif_equal,1,0.02001953125,0.97998046875,6642,331776,batch_x_channel_x_time,114828
bci2a,2,0,all,sew_clif_equal,2,0.032799238040123455,0.9672007619598766,10882,331776,batch_x_channel_x_time,114828
bci2a,2,0,all,sew_clif_equal,3,0.12476791570216049,0.8752320842978395,41395,331776,batch_x_channel_x_time,114828
bci2a,2,1,n25,sew_clif_equal,0,0.16232940297067902,0.837670597029321,53857,331776,batch_x_channel_x_time,105060
bci2a,2,1,n25,sew_clif_equal,1,0.016276041666666668,0.9837239583333334,5400,331776,batch_x_channel_x_time,105060
bci2a,2,1,n25,sew_clif_equal,2,0.02277741608796296,0.9772225839120371,7557,331776,batch_x_channel_x_time,105060
bci2a,2,1,n25,sew_clif_equal,3,0.11527657214506173,0.8847234278549383,38246,331776,batch_x_channel_x_time,105060
bci2a,2,1,n50,sew_clif_equal,0,0.17013587480709877,0.8298641251929012,56447,331776,batch_x_channel_x_time,118250
bci2a,2,1,n50,sew_clif_equal,1,0.02066454475308642,0.9793354552469136,6856,331776,batch_x_channel_x_time,118250
bci2a,2,1,n50,sew_clif_equal,2,0.03683509355709876,0.9631649064429012,12221,331776,batch_x_channel_x_time,118250
bci2a,2,1,n50,sew_clif_equal,3,0.12877965856481483,0.8712203414351851,42726,331776,batch_x_channel_x_time,118250
bci2a,2,1,all,sew_clif_equal,0,0.17719786844135801,0.822802131558642,58790,331776,batch_x_channel_x_time,115332
bci2a,2,1,all,sew_clif_equal,1,0.01490162037037037,0.9850983796296297,4944,331776,batch_x_channel_x_time,115332
bci2a,2,1,all,sew_clif_equal,2,0.029809268904320986,0.970190731095679,9890,331776,batch_x_channel_x_time,115332
bci2a,2,1,all,sew_clif_equal,3,0.12571132330246915,0.8742886766975309,41708,331776,batch_x_channel_x_time,115332
bci2a,2,2,n25,sew_clif_equal,0,0.17794536072530864,0.8220546392746914,59038,331776,batch_x_channel_x_time,121530
bci2a,2,2,n25,sew_clif_equal,1,0.02483904803240741,0.9751609519675926,8241,331776,batch_x_channel_x_time,121530
bci2a,2,2,n25,sew_clif_equal,2,0.03128315489969136,0.9687168451003086,10379,331776,batch_x_channel_x_time,121530
bci2a,2,2,n25,sew_clif_equal,3,0.1322337962962963,0.8677662037037037,43872,331776,batch_x_channel_x_time,121530
bci2a,2,2,n50,sew_clif_equal,0,0.17608265817901234,0.8239173418209876,58420,331776,batch_x_channel_x_time,128756
bci2a,2,2,n50,sew_clif_equal,1,0.02993586033950617,0.9700641396604939,9932,331776,batch_x_channel_x_time,128756
bci2a,2,2,n50,sew_clif_equal,2,0.042827088155864196,0.9571729118441358,14209,331776,batch_x_channel_x_time,128756
bci2a,2,2,n50,sew_clif_equal,3,0.1392355082947531,0.8607644917052469,46195,331776,batch_x_channel_x_time,128756
bci2a,2,2,all,sew_clif_equal,0,0.1785813319830247,0.8214186680169753,59249,331776,batch_x_channel_x_time,125092
bci2a,2,2,all,sew_clif_equal,1,0.025369526427469136,0.9746304735725309,8417,331776,batch_x_channel_x_time,125092
bci2a,2,2,all,sew_clif_equal,2,0.03747709297839506,0.9625229070216049,12434,331776,batch_x_channel_x_time,125092
bci2a,2,2,all,sew_clif_equal,3,0.13560956790123457,0.8643904320987654,44992,331776,batch_x_channel_x_time,125092
bci2a,3,0,n25,sew_clif_equal,0,0.1876687885802469,0.8123312114197531,62264,331776,batch_x_channel_x_time,138338
bci2a,3,0,n25,sew_clif_equal,1,0.03451123649691358,0.9654887635030864,11450,331776,batch_x_channel_x_time,138338
bci2a,3,0,n25,sew_clif_equal,2,0.046196831597222224,0.9538031684027778,15327,331776,batch_x_channel_x_time,138338
bci2a,3,0,n25,sew_clif_equal,3,0.14858519000771606,0.8514148099922839,49297,331776,batch_x_channel_x_time,138338
bci2a,3,0,n50,sew_clif_equal,0,0.19116512345679013,0.8088348765432098,63424,331776,batch_x_channel_x_time,139057
bci2a,3,0,n50,sew_clif_equal,1,0.032971040702160496,0.9670289592978395,10939,331776,batch_x_channel_x_time,139057
bci2a,3,0,n50,sew_clif_equal,2,0.04551866319444445,0.9544813368055556,15102,331776,batch_x_channel_x_time,139057
bci2a,3,0,n50,sew_clif_equal,3,0.14947434413580246,0.8505256558641976,49592,331776,batch_x_channel_x_time,139057
bci2a,3,0,all,sew_clif_equal,0,0.1905050395447531,0.8094949604552469,63205,331776,batch_x_channel_x_time,136429
bci2a,3,0,all,sew_clif_equal,1,0.029643494405864196,0.9703565055941358,9835,331776,batch_x_channel_x_time,136429
bci2a,3,0,all,sew_clif_equal,2,0.04439742476851852,0.9556025752314815,14730,331776,batch_x_channel_x_time,136429
bci2a,3,0,all,sew_clif_equal,3,0.1466622058256173,0.8533377941743827,48659,331776,batch_x_channel_x_time,136429
bci2a,3,1,n25,sew_clif_equal,0,0.19296754436728394,0.8070324556327161,64022,331776,batch_x_channel_x_time,143807
bci2a,3,1,n25,sew_clif_equal,1,0.034321349344135804,0.9656786506558642,11387,331776,batch_x_channel_x_time,143807
bci2a,3,1,n25,sew_clif_equal,2,0.052134572723765434,0.9478654272762346,17297,331776,batch_x_channel_x_time,143807
bci2a,3,1,n25,sew_clif_equal,3,0.15402259355709877,0.8459774064429012,51101,331776,batch_x_channel_x_time,143807
bci2a,3,1,n50,sew_clif_equal,0,0.19911928530092593,0.8008807146990741,66063,331776,batch_x_channel_x_time,149816
bci2a,3,1,n50,sew_clif_equal,1,0.03866162712191358,0.9613383728780864,12827,331776,batch_x_channel_x_time,149816
bci2a,3,1,n50,sew_clif_equal,2,0.05347583912037037,0.9465241608796297,17742,331776,batch_x_channel_x_time,149816
bci2a,3,1,n50,sew_clif_equal,3,0.16030092592592593,0.8396990740740741,53184,331776,batch_x_channel_x_time,149816
bci2a,3,1,all,sew_clif_equal,0,0.19314537519290123,0.8068546248070988,64081,331776,batch_x_channel_x_time,139931
bci2a,3,1,all,sew_clif_equal,1,0.03529489776234568,0.9647051022376543,11710,331776,batch_x_channel_x_time,139931
bci2a,3,1,all,sew_clif_equal,2,0.043137538580246916,0.9568624614197531,14312,331776,batch_x_channel_x_time,139931
bci2a,3,1,all,sew_clif_equal,3,0.1501856674382716,0.8498143325617284,49828,331776,batch_x_channel_x_time,139931
bci2a,3,2,n25,sew_clif_equal,0,0.18685498649691357,0.8131450135030864,61994,331776,batch_x_channel_x_time,142423
bci2a,3,2,n25,sew_clif_equal,1,0.033989800347222224,0.9660101996527778,11277,331776,batch_x_channel_x_time,142423
bci2a,3,2,n25,sew_clif_equal,2,0.05515769675925926,0.9448423032407407,18300,331776,batch_x_channel_x_time,142423
bci2a,3,2,n25,sew_clif_equal,3,0.15327208719135801,0.846727912808642,50852,331776,batch_x_channel_x_time,142423
bci2a,3,2,n50,sew_clif_equal,0,0.1980613425925926,0.8019386574074074,65712,331776,batch_x_channel_x_time,157919
bci2a,3,2,n50,sew_clif_equal,1,0.04067503375771605,0.9593249662422839,13495,331776,batch_x_channel_x_time,157919
bci2a,3,2,n50,sew_clif_equal,2,0.06885368441358025,0.9311463155864197,22844,331776,batch_x_channel_x_time,157919
bci2a,3,2,n50,sew_clif_equal,3,0.1683907214506173,0.8316092785493827,55868,331776,batch_x_channel_x_time,157919
bci2a,3,2,all,sew_clif_equal,0,0.19903489101080246,0.8009651089891976,66035,331776,batch_x_channel_x_time,150183
bci2a,3,2,all,sew_clif_equal,1,0.03593388310185185,0.9640661168981481,11922,331776,batch_x_channel_x_time,150183
bci2a,3,2,all,sew_clif_equal,2,0.05698423032407408,0.9430157696759259,18906,331776,batch_x_channel_x_time,150183
bci2a,3,2,all,sew_clif_equal,3,0.1607108410493827,0.8392891589506173,53320,331776,batch_x_channel_x_time,150183
bci2a,4,0,n25,sew_clif_equal,0,0.16303771219135801,0.836962287808642,54092,331776,batch_x_channel_x_time,114891
bci2a,4,0,n25,sew_clif_equal,1,0.023687668788580248,0.9763123312114198,7859,331776,batch_x_channel_x_time,114891
bci2a,4,0,n25,sew_clif_equal,2,0.03446903935185185,0.9655309606481481,11436,331776,batch_x_channel_x_time,114891
bci2a,4,0,n25,sew_clif_equal,3,0.12509645061728394,0.8749035493827161,41504,331776,batch_x_channel_x_time,114891
bci2a,4,0,n50,sew_clif_equal,0,0.16729359567901234,0.8327064043209876,55504,331776,batch_x_channel_x_time,116590
bci2a,4,0,n50,sew_clif_equal,1,0.025996455439814815,0.9740035445601852,8625,331776,batch_x_channel_x_time,116590
bci2a,4,0,n50,sew_clif_equal,2,0.031265070408950615,0.9687349295910493,10373,331776,batch_x_channel_x_time,116590
bci2a,4,0,n50,sew_clif_equal,3,0.12685667438271606,0.8731433256172839,42088,331776,batch_x_channel_x_time,116590
bci2a,4,0,all,sew_clif_equal,0,0.17997383777006173,0.8200261622299383,59711,331776,batch_x_channel_x_time,129421
bci2a,4,0,all,sew_clif_equal,1,0.02960431134259259,0.9703956886574074,9822,331776,batch_x_channel_x_time,129421
bci2a,4,0,all,sew_clif_equal,2,0.04050925925925926,0.9594907407407407,13440,331776,batch_x_channel_x_time,129421
bci2a,4,0,all,sew_clif_equal,3,0.13999807098765432,0.8600019290123457,46448,331776,batch_x_channel_x_time,129421
bci2a,4,1,n25,sew_clif_equal,0,0.17656189718364199,0.823438102816358,58579,331776,batch_x_channel_x_time,115621
bci2a,4,1,n25,sew_clif_equal,1,0.019235869984567902,0.9807641300154321,6382,331776,batch_x_channel_x_time,115621
bci2a,4,1,n25,sew_clif_equal,2,0.026725863233024692,0.9732741367669753,8867,331776,batch_x_channel_x_time,115621
bci2a,4,1,n25,sew_clif_equal,3,0.12596752025462962,0.8740324797453703,41793,331776,batch_x_channel_x_time,115621
bci2a,4,1,n50,sew_clif_equal,0,0.1870237750771605,0.8129762249228395,62050,331776,batch_x_channel_x_time,138308
bci2a,4,1,n50,sew_clif_equal,1,0.03468906732253087,0.9653109326774691,11509,331776,batch_x_channel_x_time,138308
bci2a,4,1,n50,sew_clif_equal,2,0.045991874035493825,0.9540081259645061,15259,331776,batch_x_channel_x_time,138308
bci2a,4,1,n50,sew_clif_equal,3,0.14916690779320987,0.8508330922067902,49490,331776,batch_x_channel_x_time,138308
bci2a,4,1,all,sew_clif_equal,0,0.19186137635030864,0.8081386236496914,63655,331776,batch_x_channel_x_time,142792
bci2a,4,1,all,sew_clif_equal,1,0.03351357542438271,0.9664864245756173,11119,331776,batch_x_channel_x_time,142792
bci2a,4,1,all,sew_clif_equal,2,0.051362967785493825,0.9486370322145061,17041,331776,batch_x_channel_x_time,142792
bci2a,4,1,all,sew_clif_equal,3,0.15364884741512347,0.8463511525848766,50977,331776,batch_x_channel_x_time,142792
bci2a,4,2,n25,sew_clif_equal,0,0.17830102237654322,0.8216989776234568,59156,331776,batch_x_channel_x_time,138379
bci2a,4,2,n25,sew_clif_equal,1,0.03616596739969136,0.9638340326003086,11999,331776,batch_x_channel_x_time,138379
bci2a,4,2,n25,sew_clif_equal,2,0.05308702256944445,0.9469129774305556,17613,331776,batch_x_channel_x_time,138379
bci2a,4,2,n25,sew_clif_equal,3,0.14953161168981483,0.8504683883101851,49611,331776,batch_x_channel_x_time,138379
bci2a,4,2,n50,sew_clif_equal,0,0.19287410783179013,0.8071258921682098,63991,331776,batch_x_channel_x_time,160494
bci2a,4,2,n50,sew_clif_equal,1,0.04833984375,0.95166015625,16038,331776,batch_x_channel_x_time,160494
bci2a,4,2,n50,sew_clif_equal,2,0.07056266878858025,0.9294373312114197,23411,331776,batch_x_channel_x_time,160494
bci2a,4,2,n50,sew_clif_equal,3,0.1719654224537037,0.8280345775462963,57054,331776,batch_x_channel_x_time,160494
bci2a,4,2,all,sew_clif_equal,0,0.1914454330632716,0.8085545669367284,63517,331776,batch_x_channel_x_time,149546
bci2a,4,2,all,sew_clif_equal,1,0.043520326967592594,0.9564796730324074,14439,331776,batch_x_channel_x_time,149546
bci2a,4,2,all,sew_clif_equal,2,0.05515468267746913,0.9448453173225309,18299,331776,batch_x_channel_x_time,149546
bci2a,4,2,all,sew_clif_equal,3,0.16062343267746915,0.8393765673225309,53291,331776,batch_x_channel_x_time,149546
bci2a,5,0,n25,sew_clif_equal,0,0.19253351658950618,0.8074664834104939,63878,331776,batch_x_channel_x_time,151525
bci2a,5,0,n25,sew_clif_equal,1,0.04051830150462963,0.9594816984953703,13443,331776,batch_x_channel_x_time,151525
bci2a,5,0,n25,sew_clif_equal,2,0.06135766300154321,0.9386423369984568,20357,331776,batch_x_channel_x_time,151525
bci2a,5,0,n25,sew_clif_equal,3,0.1622992621527778,0.8377007378472222,53847,331776,batch_x_channel_x_time,151525
bci2a,5,0,n50,sew_clif_equal,0,0.18443769290123457,0.8155623070987654,61192,331776,batch_x_channel_x_time,136502
bci2a,5,0,n50,sew_clif_equal,1,0.03216929494598766,0.9678307050540124,10673,331776,batch_x_channel_x_time,136502
bci2a,5,0,n50,sew_clif_equal,2,0.047749083719135804,0.9522509162808642,15842,331776,batch_x_channel_x_time,136502
bci2a,5,0,n50,sew_clif_equal,3,0.14707212094907407,0.8529278790509259,48795,331776,batch_x_channel_x_time,136502
bci2a,5,0,all,sew_clif_equal,0,0.19899872202932098,0.801001277970679,66023,331776,batch_x_channel_x_time,159140
bci2a,5,0,all,sew_clif_equal,1,0.04090711805555555,0.9590928819444444,13572,331776,batch_x_channel_x_time,159140
bci2a,5,0,all,sew_clif_equal,2,0.06995683834876543,0.9300431616512346,23210,331776,batch_x_channel_x_time,159140
bci2a,5,0,all,sew_clif_equal,3,0.16979829764660495,0.8302017023533951,56335,331776,batch_x_channel_x_time,159140
bci2a,5,1,n25,sew_clif_equal,0,0.19697325906635801,0.803026740933642,65351,331776,batch_x_channel_x_time,151909
bci2a,5,1,n25,sew_clif_equal,1,0.039306640625,0.960693359375,13041,331776,batch_x_channel_x_time,151909
bci2a,5,1,n25,sew_clif_equal,2,0.058238088348765434,0.9417619116512346,19322,331776,batch_x_channel_x_time,151909
bci2a,5,1,n25,sew_clif_equal,3,0.16334816261574073,0.8366518373842593,54195,331776,batch_x_channel_x_time,151909
bci2a,5,1,n50,sew_clif_equal,0,0.20072579089506173,0.7992742091049383,66596,331776,batch_x_channel_x_time,153314
bci2a,5,1,n50,sew_clif_equal,1,0.04181435667438271,0.9581856433256173,13873,331776,batch_x_channel_x_time,153314
bci2a,5,1,n50,sew_clif_equal,2,0.05527524594907408,0.9447247540509259,18339,331776,batch_x_channel_x_time,153314
bci2a,5,1,n50,sew_clif_equal,3,0.16428554205246915,0.8357144579475309,54506,331776,batch_x_channel_x_time,153314
bci2a,5,1,all,sew_clif_equal,0,0.19851044077932098,0.801489559220679,65861,331776,batch_x_channel_x_time,151684
bci2a,5,1,all,sew_clif_equal,1,0.04186861014660494,0.9581313898533951,13891,331776,batch_x_channel_x_time,151684
bci2a,5,1,all,sew_clif_equal,2,0.05422031732253087,0.9457796826774691,17989,331776,batch_x_channel_x_time,151684
bci2a,5,1,all,sew_clif_equal,3,0.16258861400462962,0.8374113859953703,53943,331776,batch_x_channel_x_time,151684
bci2a,5,2,n25,sew_clif_equal,0,0.19483326099537038,0.8051667390046297,64641,331776,batch_x_channel_x_time,149469
bci2a,5,2,n25,sew_clif_equal,1,0.042182074652777776,0.9578179253472222,13995,331776,batch_x_channel_x_time,149469
bci2a,5,2,n25,sew_clif_equal,2,0.05233350212191358,0.9476664978780864,17363,331776,batch_x_channel_x_time,149469
bci2a,5,2,n25,sew_clif_equal,3,0.16116295331790123,0.8388370466820988,53470,331776,batch_x_channel_x_time,149469
bci2a,5,2,n50,sew_clif_equal,0,0.20002953800154322,0.7999704619984568,66365,331776,batch_x_channel_x_time,152365
bci2a,5,2,n50,sew_clif_equal,1,0.04311342592592592,0.9568865740740741,14304,331776,batch_x_channel_x_time,152365
bci2a,5,2,n50,sew_clif_equal,2,0.052243079668209874,0.9477569203317902,17333,331776,batch_x_channel_x_time,152365
bci2a,5,2,n50,sew_clif_equal,3,0.16385452835648148,0.8361454716435185,54363,331776,batch_x_channel_x_time,152365
bci2a,5,2,all,sew_clif_equal,0,0.1907401379243827,0.8092598620756173,63283,331776,batch_x_channel_x_time,139682
bci2a,5,2,all,sew_clif_equal,1,0.03346836419753087,0.9665316358024691,11104,331776,batch_x_channel_x_time,139682
bci2a,5,2,all,sew_clif_equal,2,0.04593460648148148,0.9540653935185185,15240,331776,batch_x_channel_x_time,139682
bci2a,5,2,all,sew_clif_equal,3,0.15086986400462962,0.8491301359953703,50055,331776,batch_x_channel_x_time,139682
bci2a,6,0,n25,sew_clif_equal,0,0.1849440586419753,0.8150559413580247,61360,331776,batch_x_channel_x_time,152234
bci2a,6,0,n25,sew_clif_equal,1,0.04554578993055555,0.9544542100694444,15111,331776,batch_x_channel_x_time,152234
bci2a,6,0,n25,sew_clif_equal,2,0.0651343074845679,0.9348656925154321,21610,331776,batch_x_channel_x_time,152234
bci2a,6,0,n25,sew_clif_equal,3,0.16322157118055555,0.8367784288194444,54153,331776,batch_x_channel_x_time,152234
bci2a,6,0,n50,sew_clif_equal,0,0.17885862750771606,0.8211413724922839,59341,331776,batch_x_channel_x_time,133858
bci2a,6,0,n50,sew_clif_equal,1,0.031219859182098766,0.9687801408179012,10358,331776,batch_x_channel_x_time,133858
bci2a,6,0,n50,sew_clif_equal,2,0.049213927469135804,0.9507860725308642,16328,331776,batch_x_channel_x_time,133858
bci2a,6,0,n50,sew_clif_equal,3,0.14416654610339505,0.8558334538966049,47831,331776,batch_x_channel_x_time,133858
bci2a,6,0,all,sew_clif_equal,0,0.18619188850308643,0.8138081114969136,61774,331776,batch_x_channel_x_time,138860
bci2a,6,0,all,sew_clif_equal,1,0.03284444926697531,0.9671555507330247,10897,331776,batch_x_channel_x_time,138860
bci2a,6,0,all,sew_clif_equal,2,0.05002170138888889,0.9499782986111112,16596,331776,batch_x_channel_x_time,138860
bci2a,6,0,all,sew_clif_equal,3,0.1494773582175926,0.8505226417824074,49593,331776,batch_x_channel_x_time,138860
bci2a,6,1,n25,sew_clif_equal,0,0.1938868393132716,0.8061131606867284,64327,331776,batch_x_channel_x_time,153909
bci2a,6,1,n25,sew_clif_equal,1,0.0408227237654321,0.9591772762345679,13544,331776,batch_x_channel_x_time,153909
bci2a,6,1,n25,sew_clif_equal,2,0.0638111255787037,0.9361888744212963,21171,331776,batch_x_channel_x_time,153909
bci2a,6,1,n25,sew_clif_equal,3,0.1653736255787037,0.8346263744212963,54867,331776,batch_x_channel_x_time,153909
bci2a,6,1,n50,sew_clif_equal,0,0.1984742717978395,0.8015257282021605,65849,331776,batch_x_channel_x_time,158647
bci2a,6,1,n50,sew_clif_equal,1,0.044997227044753084,0.9550027729552469,14929,331776,batch_x_channel_x_time,158647
bci2a,6,1,n50,sew_clif_equal,2,0.06452244888117284,0.9354775511188271,21407,331776,batch_x_channel_x_time,158647
bci2a,6,1,n50,sew_clif_equal,3,0.17018108603395063,0.8298189139660493,56462,331776,batch_x_channel_x_time,158647
bci2a,6,1,all,sew_clif_equal,0,0.19688886477623457,0.8031111352237654,65323,331776,batch_x_channel_x_time,146015
bci2a,6,1,all,sew_clif_equal,1,0.03795633198302469,0.9620436680169753,12593,331776,batch_x_channel_x_time,146015
bci2a,6,1,all,sew_clif_equal,2,0.04823435088734568,0.9517656491126543,16003,331776,batch_x_channel_x_time,146015
bci2a,6,1,all,sew_clif_equal,3,0.1570216049382716,0.8429783950617284,52096,331776,batch_x_channel_x_time,146015
bci2a,6,2,n25,sew_clif_equal,0,0.19371503665123457,0.8062849633487654,64270,331776,batch_x_channel_x_time,151815
bci2a,6,2,n25,sew_clif_equal,1,0.04706187307098766,0.9529381269290124,15614,331776,batch_x_channel_x_time,151815
bci2a,6,2,n25,sew_clif_equal,2,0.05357228973765432,0.9464277102623457,17774,331776,batch_x_channel_x_time,151815
bci2a,6,2,n25,sew_clif_equal,3,0.16323362750771606,0.8367663724922839,54157,331776,batch_x_channel_x_time,151815
bci2a,6,2,n50,sew_clif_equal,0,0.1985526379243827,0.8014473620756173,65875,331776,batch_x_channel_x_time,155344
bci2a,6,2,n50,sew_clif_equal,1,0.045660325038580245,0.9543396749614198,15149,331776,batch_x_channel_x_time,155344
bci2a,6,2,n50,sew_clif_equal,2,0.05691490644290124,0.9430850935570988,18883,331776,batch_x_channel_x_time,155344
bci2a,6,2,n50,sew_clif_equal,3,0.16709165219907407,0.8329083478009259,55437,331776,batch_x_channel_x_time,155344
bci2a,6,2,all,sew_clif_equal,0,0.20339023919753085,0.7966097608024691,67480,331776,batch_x_channel_x_time,154747
bci2a,6,2,all,sew_clif_equal,1,0.042124807098765434,0.9578751929012346,13976,331776,batch_x_channel_x_time,154747
bci2a,6,2,all,sew_clif_equal,2,0.054205246913580245,0.9457947530864198,17984,331776,batch_x_channel_x_time,154747
bci2a,6,2,all,sew_clif_equal,3,0.16669982156635801,0.833300178433642,55307,331776,batch_x_channel_x_time,154747
bci2a,7,0,n25,sew_clif_equal,0,0.19013732156635801,0.809862678433642,63083,331776,batch_x_channel_x_time,145592
bci2a,7,0,n25,sew_clif_equal,1,0.03624734760802469,0.9637526523919753,12026,331776,batch_x_channel_x_time,145592
bci2a,7,0,n25,sew_clif_equal,2,0.056049864969135804,0.9439501350308642,18596,331776,batch_x_channel_x_time,145592
bci2a,7,0,n25,sew_clif_equal,3,0.1563916618441358,0.8436083381558642,51887,331776,batch_x_channel_x_time,145592
bci2a,7,0,n50,sew_clif_equal,0,0.19427565586419754,0.8057243441358024,64456,331776,batch_x_channel_x_time,157319
bci2a,7,0,n50,sew_clif_equal,1,0.04611545138888889,0.9538845486111112,15300,331776,batch_x_channel_x_time,157319
bci2a,7,0,n50,sew_clif_equal,2,0.06560751832561729,0.9343924816743827,21767,331776,batch_x_channel_x_time,157319
bci2a,7,0,n50,sew_clif_equal,3,0.1681737075617284,0.8318262924382716,55796,331776,batch_x_channel_x_time,157319
bci2a,7,0,all,sew_clif_equal,0,0.18307532793209877,0.8169246720679012,60740,331776,batch_x_channel_x_time,147268
bci2a,7,0,all,sew_clif_equal,1,0.039544753086419755,0.9604552469135802,13120,331776,batch_x_channel_x_time,147268
bci2a,7,0,all,sew_clif_equal,2,0.06340121045524691,0.9365987895447531,21035,331776,batch_x_channel_x_time,147268
bci2a,7,0,all,sew_clif_equal,3,0.1578565055941358,0.8421434944058642,52373,331776,batch_x_channel_x_time,147268
bci2a,7,1,n25,sew_clif_equal,0,0.21029248649691357,0.7897075135030864,69770,331776,batch_x_channel_x_time,166009
bci2a,7,1,n25,sew_clif_equal,1,0.048237364969135804,0.9517626350308642,16004,331776,batch_x_channel_x_time,166009
bci2a,7,1,n25,sew_clif_equal,2,0.06539050443672839,0.9346094955632716,21695,331776,batch_x_channel_x_time,166009
bci2a,7,1,n25,sew_clif_equal,3,0.17644434799382716,0.8235556520061729,58540,331776,batch_x_channel_x_time,166009
bci2a,7,1,n50,sew_clif_equal,0,0.20576834972993827,0.7942316502700617,68269,331776,batch_x_channel_x_time,171901
bci2a,7,1,n50,sew_clif_equal,1,0.05391589506172839,0.9460841049382716,17888,331776,batch_x_channel_x_time,171901
bci2a,7,1,n50,sew_clif_equal,2,0.07594280478395062,0.9240571952160493,25196,331776,batch_x_channel_x_time,171901
bci2a,7,1,n50,sew_clif_equal,3,0.18249662422839505,0.8175033757716049,60548,331776,batch_x_channel_x_time,171901
bci2a,7,1,all,sew_clif_equal,0,0.2052559558256173,0.7947440441743827,68099,331776,batch_x_channel_x_time,170694
bci2a,7,1,all,sew_clif_equal,1,0.051760826581790126,0.9482391734182098,17173,331776,batch_x_channel_x_time,170694
bci2a,7,1,all,sew_clif_equal,2,0.07589457947530864,0.9241054205246914,25180,331776,batch_x_channel_x_time,170694
bci2a,7,1,all,sew_clif_equal,3,0.1815743152006173,0.8184256847993827,60242,331776,batch_x_channel_x_time,170694
bci2a,7,2,n25,sew_clif_equal,0,0.19760923032407407,0.8023907696759259,65562,331776,batch_x_channel_x_time,143604
bci2a,7,2,n25,sew_clif_equal,1,0.035991150655864196,0.9640088493441358,11941,331776,batch_x_channel_x_time,143604
bci2a,7,2,n25,sew_clif_equal,2,0.04552469135802469,0.9544753086419753,15104,331776,batch_x_channel_x_time,143604
bci2a,7,2,n25,sew_clif_equal,3,0.15370912905092593,0.8462908709490741,50997,331776,batch_x_channel_x_time,143604
bci2a,7,2,n50,sew_clif_equal,0,0.19801914544753085,0.8019808545524691,65698,331776,batch_x_channel_x_time,144446
bci2a,7,2,n50,sew_clif_equal,1,0.03571084104938271,0.9642891589506173,11848,331776,batch_x_channel_x_time,144446
bci2a,7,2,n50,sew_clif_equal,2,0.046862943672839504,0.9531370563271605,15548,331776,batch_x_channel_x_time,144446
bci2a,7,2,n50,sew_clif_equal,3,0.15477912808641975,0.8452208719135803,51352,331776,batch_x_channel_x_time,144446
bci2a,7,2,all,sew_clif_equal,0,0.21081995081018517,0.7891800491898149,69945,331776,batch_x_channel_x_time,161784
bci2a,7,2,all,sew_clif_equal,1,0.04297779224537037,0.9570222077546297,14259,331776,batch_x_channel_x_time,161784
bci2a,7,2,all,sew_clif_equal,2,0.06113462094907408,0.9388653790509259,20283,331776,batch_x_channel_x_time,161784
bci2a,7,2,all,sew_clif_equal,3,0.1726978443287037,0.8273021556712963,57297,331776,batch_x_channel_x_time,161784
bci2a,8,0,n25,sew_clif_equal,0,0.1999119888117284,0.8000880111882716,66326,331776,batch_x_channel_x_time,148452
bci2a,8,0,n25,sew_clif_equal,1,0.040922188464506175,0.9590778115354939,13577,331776,batch_x_channel_x_time,148452
bci2a,8,0,n25,sew_clif_equal,2,0.047854576581790126,0.9521454234182098,15877,331776,batch_x_channel_x_time,148452
bci2a,8,0,n25,sew_clif_equal,3,0.1587577160493827,0.8412422839506173,52672,331776,batch_x_channel_x_time,148452
bci2a,8,0,n50,sew_clif_equal,0,0.19228334780092593,0.8077166521990741,63795,331776,batch_x_channel_x_time,142415
bci2a,8,0,n50,sew_clif_equal,1,0.03949351369598766,0.9605064863040124,13103,331776,batch_x_channel_x_time,142415
bci2a,8,0,n50,sew_clif_equal,2,0.044096016589506175,0.9559039834104939,14630,331776,batch_x_channel_x_time,142415
bci2a,8,0,n50,sew_clif_equal,3,0.15337758005401234,0.8466224199459876,50887,331776,batch_x_channel_x_time,142415
bci2a,8,0,all,sew_clif_equal,0,0.2004906925154321,0.7995093074845678,66518,331776,batch_x_channel_x_time,147317
bci2a,8,0,all,sew_clif_equal,1,0.038013599537037035,0.961986400462963,12612,331776,batch_x_channel_x_time,147317
bci2a,8,0,all,sew_clif_equal,2,0.04736328125,0.95263671875,15714,331776,batch_x_channel_x_time,147317
bci2a,8,0,all,sew_clif_equal,3,0.15815791377314814,0.8418420862268519,52473,331776,batch_x_channel_x_time,147317
bci2a,8,1,n25,sew_clif_equal,0,0.19000168788580246,0.8099983121141976,63038,331776,batch_x_channel_x_time,143565
bci2a,8,1,n25,sew_clif_equal,1,0.032533998842592594,0.9674660011574074,10794,331776,batch_x_channel_x_time,143565
bci2a,8,1,n25,sew_clif_equal,2,0.05579065393518518,0.9442093460648148,18510,331776,batch_x_channel_x_time,143565
bci2a,8,1,n25,sew_clif_equal,3,0.15439031153549382,0.8456096884645061,51223,331776,batch_x_channel_x_time,143565
bci2a,8,1,n50,sew_clif_equal,0,0.19310016396604937,0.8068998360339507,64066,331776,batch_x_channel_x_time,147927
bci2a,8,1,n50,sew_clif_equal,1,0.03568070023148148,0.9643192997685185,11838,331776,batch_x_channel_x_time,147927
bci2a,8,1,n50,sew_clif_equal,2,0.058352623456790126,0.9416473765432098,19360,331776,batch_x_channel_x_time,147927
bci2a,8,1,n50,sew_clif_equal,3,0.1587305893132716,0.8412694106867284,52663,331776,batch_x_channel_x_time,147927
bci2a,8,1,all,sew_clif_equal,0,0.20037012924382716,0.7996298707561729,66478,331776,batch_x_channel_x_time,161916
bci2a,8,1,all,sew_clif_equal,1,0.044282889660493825,0.9557171103395061,14692,331776,batch_x_channel_x_time,161916
bci2a,8,1,all,sew_clif_equal,2,0.07075557002314815,0.9292444299768519,23475,331776,batch_x_channel_x_time,161916
bci2a,8,1,all,sew_clif_equal,3,0.1726194782021605,0.8273805217978395,57271,331776,batch_x_channel_x_time,161916
bci2a,8,2,n25,sew_clif_equal,0,0.21019603587962962,0.7898039641203703,69738,331776,batch_x_channel_x_time,171145
bci2a,8,2,n25,sew_clif_equal,1,0.049008969907407406,0.9509910300925926,16260,331776,batch_x_channel_x_time,171145
bci2a,8,2,n25,sew_clif_equal,2,0.07441767939814815,0.9255823206018519,24690,331776,batch_x_channel_x_time,171145
bci2a,8,2,n25,sew_clif_equal,3,0.18222234278549382,0.8177776572145061,60457,331776,batch_x_channel_x_time,171145
bci2a,8,2,n50,sew_clif_equal,0,0.20241066261574073,0.7975893373842593,67155,331776,batch_x_channel_x_time,158643
bci2a,8,2,n50,sew_clif_equal,1,0.04347812982253087,0.9565218701774691,14425,331776,batch_x_channel_x_time,158643
bci2a,8,2,n50,sew_clif_equal,2,0.0627712673611111,0.9372287326388888,20826,331776,batch_x_channel_x_time,158643
bci2a,8,2,n50,sew_clif_equal,3,0.16950291763117284,0.8304970823688271,56237,331776,batch_x_channel_x_time,158643
bci2a,8,2,all,sew_clif_equal,0,0.20203088831018517,0.7979691116898149,67029,331776,batch_x_channel_x_time,149580
bci2a,8,2,all,sew_clif_equal,1,0.0332543643904321,0.9667456356095679,11033,331776,batch_x_channel_x_time,149580
bci2a,8,2,all,sew_clif_equal,2,0.05510947145061729,0.9448905285493827,18284,331776,batch_x_channel_x_time,149580
bci2a,8,2,all,sew_clif_equal,3,0.1604516300154321,0.8395483699845678,53234,331776,batch_x_channel_x_time,149580
bci2a,9,0,n25,sew_clif_equal,0,0.23042655285493827,0.7695734471450617,76450,331776,batch_x_channel_x_time,201961
bci2a,9,0,n25,sew_clif_equal,1,0.07124385127314815,0.9287561487268519,23637,331776,batch_x_channel_x_time,201961
bci2a,9,0,n25,sew_clif_equal,2,0.09413881655092593,0.9058611834490741,31233,331776,batch_x_channel_x_time,201961
bci2a,9,0,n25,sew_clif_equal,3,0.2129177517361111,0.7870822482638888,70641,331776,batch_x_channel_x_time,201961
bci2a,9,0,n50,sew_clif_equal,0,0.2293505256558642,0.7706494743441358,76093,331776,batch_x_channel_x_time,199570
bci2a,9,0,n50,sew_clif_equal,1,0.06676191165123457,0.9332380883487654,22150,331776,batch_x_channel_x_time,199570
bci2a,9,0,n50,sew_clif_equal,2,0.09528718171296297,0.904712818287037,31614,331776,batch_x_channel_x_time,199570
bci2a,9,0,n50,sew_clif_equal,3,0.21012068383487653,0.7898793161651234,69713,331776,batch_x_channel_x_time,199570
bci2a,9,0,all,sew_clif_equal,0,0.24487606095679013,0.7551239390432098,81244,331776,batch_x_channel_x_time,225651
bci2a,9,0,all,sew_clif_equal,1,0.08265817901234568,0.9173418209876543,27424,331776,batch_x_channel_x_time,225651
bci2a,9,0,all,sew_clif_equal,2,0.11772400655864197,0.882275993441358,39058,331776,batch_x_channel_x_time,225651
bci2a,9,0,all,sew_clif_equal,3,0.23487232349537038,0.7651276765046297,77925,331776,batch_x_channel_x_time,225651
bci2a,9,1,n25,sew_clif_equal,0,0.1920361930941358,0.8079638069058642,63713,331776,batch_x_channel_x_time,164130
bci2a,9,1,n25,sew_clif_equal,1,0.05419017650462963,0.9458098234953703,17979,331776,batch_x_channel_x_time,164130
bci2a,9,1,n25,sew_clif_equal,2,0.07413134162808642,0.9258686583719136,24595,331776,batch_x_channel_x_time,164130
bci2a,9,1,n25,sew_clif_equal,3,0.1743435329861111,0.8256564670138888,57843,331776,batch_x_channel_x_time,164130
bci2a,9,1,n50,sew_clif_equal,0,0.20919234664351852,0.7908076533564815,69405,331776,batch_x_channel_x_time,182892
bci2a,9,1,n50,sew_clif_equal,1,0.06129738136574074,0.9387026186342593,20337,331776,batch_x_channel_x_time,182892
bci2a,9,1,n50,sew_clif_equal,2,0.08742645640432099,0.912573543595679,29006,331776,batch_x_channel_x_time,182892
bci2a,9,1,n50,sew_clif_equal,3,0.19333526234567902,0.806664737654321,64144,331776,batch_x_channel_x_time,182892
bci2a,9,1,all,sew_clif_equal,0,0.21269470968364199,0.787305290316358,70567,331776,batch_x_channel_x_time,186703
bci2a,9,1,all,sew_clif_equal,1,0.06493236400462964,0.9350676359953703,21543,331776,batch_x_channel_x_time,186703
bci2a,9,1,all,sew_clif_equal,2,0.08840301890432099,0.911596981095679,29330,331776,batch_x_channel_x_time,186703
bci2a,9,1,all,sew_clif_equal,3,0.19670801986882716,0.8032919801311729,65263,331776,batch_x_channel_x_time,186703
bci2a,9,2,n25,sew_clif_equal,0,0.19580982349537038,0.8041901765046297,64965,331776,batch_x_channel_x_time,149390
bci2a,9,2,n25,sew_clif_equal,1,0.04233579282407408,0.9576642071759259,14046,331776,batch_x_channel_x_time,149390
bci2a,9,2,n25,sew_clif_equal,2,0.05222499517746913,0.9477750048225309,17327,331776,batch_x_channel_x_time,149390
bci2a,9,2,n25,sew_clif_equal,3,0.15990306712962962,0.8400969328703703,53052,331776,batch_x_channel_x_time,149390
bci2a,9,2,n50,sew_clif_equal,0,0.2112569926697531,0.7887430073302469,70090,331776,batch_x_channel_x_time,169912
bci2a,9,2,n50,sew_clif_equal,1,0.05293933256172839,0.9470606674382716,17564,331776,batch_x_channel_x_time,169912
bci2a,9,2,n50,sew_clif_equal,2,0.06715072820216049,0.9328492717978395,22279,331776,batch_x_channel_x_time,169912
bci2a,9,2,n50,sew_clif_equal,3,0.18078161168981483,0.8192183883101851,59979,331776,batch_x_channel_x_time,169912
bci2a,9,2,all,sew_clif_equal,0,0.22125168788580246,0.7787483121141976,73406,331776,batch_x_channel_x_time,178851
bci2a,9,2,all,sew_clif_equal,1,0.05474476755401234,0.9452552324459876,18163,331776,batch_x_channel_x_time,178851
bci2a,9,2,all,sew_clif_equal,2,0.07317889178240741,0.9268211082175926,24279,331776,batch_x_channel_x_time,178851
bci2a,9,2,all,sew_clif_equal,3,0.18989619502314814,0.8101038049768519,63003,331776,batch_x_channel_x_time,178851
openbmi,1,0,n25,sew_clif_equal,0,0.15861111111111112,0.8413888888888889,18272,115200,batch_x_channel_x_time,33688
openbmi,1,0,n25,sew_clif_equal,1,0.011996527777777778,0.9880034722222222,1382,115200,batch_x_channel_x_time,33688
openbmi,1,0,n25,sew_clif_equal,2,0.01537326388888889,0.9846267361111111,1771,115200,batch_x_channel_x_time,33688
openbmi,1,0,n25,sew_clif_equal,3,0.10644965277777778,0.8935503472222223,12263,115200,batch_x_channel_x_time,33688
openbmi,1,0,all,sew_clif_equal,0,0.17120659722222223,0.8287934027777778,19723,115200,batch_x_channel_x_time,39437
openbmi,1,0,all,sew_clif_equal,1,0.02017361111111111,0.9798263888888888,2324,115200,batch_x_channel_x_time,39437
openbmi,1,0,all,sew_clif_equal,2,0.026805555555555555,0.9731944444444445,3088,115200,batch_x_channel_x_time,39437
openbmi,1,0,all,sew_clif_equal,3,0.12414930555555556,0.8758506944444444,14302,115200,batch_x_channel_x_time,39437
openbmi,1,1,n25,sew_clif_equal,0,0.18488715277777779,0.8151128472222222,21299,115200,batch_x_channel_x_time,43668
openbmi,1,1,n25,sew_clif_equal,1,0.026024305555555554,0.9739756944444444,2998,115200,batch_x_channel_x_time,43668
openbmi,1,1,n25,sew_clif_equal,2,0.031901041666666664,0.9680989583333334,3675,115200,batch_x_channel_x_time,43668
openbmi,1,1,n25,sew_clif_equal,3,0.13625,0.86375,15696,115200,batch_x_channel_x_time,43668
openbmi,1,1,all,sew_clif_equal,0,0.19402777777777777,0.8059722222222222,22352,115200,batch_x_channel_x_time,46583
openbmi,1,1,all,sew_clif_equal,1,0.023854166666666666,0.9761458333333334,2748,115200,batch_x_channel_x_time,46583
openbmi,1,1,all,sew_clif_equal,2,0.04125868055555556,0.9587413194444444,4753,115200,batch_x_channel_x_time,46583
openbmi,1,1,all,sew_clif_equal,3,0.14522569444444444,0.8547743055555556,16730,115200,batch_x_channel_x_time,46583
openbmi,1,2,n25,sew_clif_equal,0,0.17038194444444443,0.8296180555555556,19628,115200,batch_x_channel_x_time,36961
openbmi,1,2,n25,sew_clif_equal,1,0.017517361111111112,0.9824826388888889,2018,115200,batch_x_channel_x_time,36961
openbmi,1,2,n25,sew_clif_equal,2,0.01612847222222222,0.9838715277777778,1858,115200,batch_x_channel_x_time,36961
openbmi,1,2,n25,sew_clif_equal,3,0.11681423611111111,0.8831857638888889,13457,115200,batch_x_channel_x_time,36961
openbmi,1,2,all,sew_clif_equal,0,0.178046875,0.8219531250000001,20511,115200,batch_x_channel_x_time,40429
openbmi,1,2,all,sew_clif_equal,1,0.021371527777777777,0.9786284722222223,2462,115200,batch_x_channel_x_time,40429
openbmi,1,2,all,sew_clif_equal,2,0.024696180555555555,0.9753038194444444,2845,115200,batch_x_channel_x_time,40429
openbmi,1,2,all,sew_clif_equal,3,0.12683159722222223,0.8731684027777777,14611,115200,batch_x_channel_x_time,40429
openbmi,2,0,n25,sew_clif_equal,0,0.13953125,0.86046875,16074,115200,batch_x_channel_x_time,27918
openbmi,2,0,n25,sew_clif_equal,1,0.007256944444444444,0.9927430555555555,836,115200,batch_x_channel_x_time,27918
openbmi,2,0,n25,sew_clif_equal,2,0.006623263888888889,0.9933767361111111,763,115200,batch_x_channel_x_time,27918
openbmi,2,0,n25,sew_clif_equal,3,0.08893229166666666,0.9110677083333334,10245,115200,batch_x_channel_x_time,27918
openbmi,2,0,all,sew_clif_equal,0,0.16127604166666668,0.8387239583333334,18579,115200,batch_x_channel_x_time,33229
openbmi,2,0,all,sew_clif_equal,1,0.011215277777777777,0.9887847222222222,1292,115200,batch_x_channel_x_time,33229
openbmi,2,0,all,sew_clif_equal,2,0.011380208333333334,0.9886197916666667,1311,115200,batch_x_channel_x_time,33229
openbmi,2,0,all,sew_clif_equal,3,0.10457465277777778,0.8954253472222222,12047,115200,batch_x_channel_x_time,33229
openbmi,2,1,n25,sew_clif_equal,0,0.18055555555555555,0.8194444444444444,20800,115200,batch_x_channel_x_time,40825
openbmi,2,1,n25,sew_clif_equal,1,0.021354166666666667,0.9786458333333333,2460,115200,batch_x_channel_x_time,40825
openbmi,2,1,n25,sew_clif_equal,2,0.025520833333333333,0.9744791666666667,2940,115200,batch_x_channel_x_time,40825
openbmi,2,1,n25,sew_clif_equal,3,0.126953125,0.873046875,14625,115200,batch_x_channel_x_time,40825
openbmi,2,1,all,sew_clif_equal,0,0.18393229166666666,0.8160677083333333,21189,115200,batch_x_channel_x_time,44018
openbmi,2,1,all,sew_clif_equal,1,0.025173611111111112,0.9748263888888888,2900,115200,batch_x_channel_x_time,44018
openbmi,2,1,all,sew_clif_equal,2,0.03662326388888889,0.9633767361111111,4219,115200,batch_x_channel_x_time,44018
openbmi,2,1,all,sew_clif_equal,3,0.13637152777777778,0.8636284722222223,15710,115200,batch_x_channel_x_time,44018
openbmi,2,2,n25,sew_clif_equal,0,0.1524392361111111,0.8475607638888889,17561,115200,batch_x_channel_x_time,32487
openbmi,2,2,n25,sew_clif_equal,1,0.011666666666666667,0.9883333333333333,1344,115200,batch_x_channel_x_time,32487
openbmi,2,2,n25,sew_clif_equal,2,0.015095486111111112,0.9849045138888889,1739,115200,batch_x_channel_x_time,32487
openbmi,2,2,n25,sew_clif_equal,3,0.10280381944444444,0.8971961805555555,11843,115200,batch_x_channel_x_time,32487
openbmi,2,2,all,sew_clif_equal,0,0.16447916666666668,0.8355208333333333,18948,115200,batch_x_channel_x_time,35594
openbmi,2,2,all,sew_clif_equal,1,0.014626736111111111,0.9853732638888889,1685,115200,batch_x_channel_x_time,35594
openbmi,2,2,all,sew_clif_equal,2,0.01754340277777778,0.9824565972222222,2021,115200,batch_x_channel_x_time,35594
openbmi,2,2,all,sew_clif_equal,3,0.11232638888888889,0.8876736111111111,12940,115200,batch_x_channel_x_time,35594
openbmi,3,0,n25,sew_clif_equal,0,0.17032118055555556,0.8296788194444444,19621,115200,batch_x_channel_x_time,36842
openbmi,3,0,n25,sew_clif_equal,1,0.013828125,0.986171875,1593,115200,batch_x_channel_x_time,36842
openbmi,3,0,n25,sew_clif_equal,2,0.019713541666666667,0.9802864583333333,2271,115200,batch_x_channel_x_time,36842
openbmi,3,0,n25,sew_clif_equal,3,0.11594618055555556,0.8840538194444445,13357,115200,batch_x_channel_x_time,36842
openbmi,3,0,all,sew_clif_equal,0,0.17422743055555556,0.8257725694444444,20071,115200,batch_x_channel_x_time,38700
openbmi,3,0,all,sew_clif_equal,1,0.0184375,0.9815625,2124,115200,batch_x_channel_x_time,38700
openbmi,3,0,all,sew_clif_equal,2,0.021883680555555556,0.9781163194444444,2521,115200,batch_x_channel_x_time,38700
openbmi,3,0,all,sew_clif_equal,3,0.1213888888888889,0.8786111111111111,13984,115200,batch_x_channel_x_time,38700
openbmi,3,1,n25,sew_clif_equal,0,0.15518229166666667,0.8448177083333334,17877,115200,batch_x_channel_x_time,31203
openbmi,3,1,n25,sew_clif_equal,1,0.007222222222222222,0.9927777777777778,832,115200,batch_x_channel_x_time,31203
openbmi,3,1,n25,sew_clif_equal,2,0.00974826388888889,0.9902517361111111,1123,115200,batch_x_channel_x_time,31203
openbmi,3,1,n25,sew_clif_equal,3,0.09870659722222222,0.9012934027777778,11371,115200,batch_x_channel_x_time,31203
openbmi,3,1,all,sew_clif_equal,0,0.16663194444444446,0.8333680555555556,19196,115200,batch_x_channel_x_time,33698
openbmi,3,1,all,sew_clif_equal,1,0.009600694444444445,0.9903993055555556,1106,115200,batch_x_channel_x_time,33698
openbmi,3,1,all,sew_clif_equal,2,0.010529513888888889,0.9894704861111111,1213,115200,batch_x_channel_x_time,33698
openbmi,3,1,all,sew_clif_equal,3,0.10575520833333334,0.8942447916666667,12183,115200,batch_x_channel_x_time,33698
openbmi,3,2,n25,sew_clif_equal,0,0.20136284722222222,0.7986371527777778,23197,115200,batch_x_channel_x_time,44865
openbmi,3,2,n25,sew_clif_equal,1,0.023993055555555556,0.9760069444444445,2764,115200,batch_x_channel_x_time,44865
openbmi,3,2,n25,sew_clif_equal,2,0.023975694444444445,0.9760243055555555,2762,115200,batch_x_channel_x_time,44865
openbmi,3,2,n25,sew_clif_equal,3,0.14012152777777778,0.8598784722222222,16142,115200,batch_x_channel_x_time,44865
openbmi,3,2,all,sew_clif_equal,0,0.19274305555555554,0.8072569444444444,22204,115200,batch_x_channel_x_time,44919
openbmi,3,2,all,sew_clif_equal,1,0.028741319444444444,0.9712586805555555,3311,115200,batch_x_channel_x_time,44919
openbmi,3,2,all,sew_clif_equal,2,0.027760416666666666,0.9722395833333334,3198,115200,batch_x_channel_x_time,44919
openbmi,3,2,all,sew_clif_equal,3,0.14067708333333334,0.8593229166666667,16206,115200,batch_x_channel_x_time,44919
openbmi,4,0,n25,sew_clif_equal,0,0.139375,0.860625,16056,115200,batch_x_channel_x_time,29128
openbmi,4,0,n25,sew_clif_equal,1,0.008038194444444445,0.9919618055555556,926,115200,batch_x_channel_x_time,29128
openbmi,4,0,n25,sew_clif_equal,2,0.012890625,0.987109375,1485,115200,batch_x_channel_x_time,29128
openbmi,4,0,n25,sew_clif_equal,3,0.09254340277777778,0.9074565972222222,10661,115200,batch_x_channel_x_time,29128
openbmi,4,0,all,sew_clif_equal,0,0.14467881944444444,0.8553211805555556,16667,115200,batch_x_channel_x_time,30897
openbmi,4,0,all,sew_clif_equal,1,0.011484375,0.988515625,1323,115200,batch_x_channel_x_time,30897
openbmi,4,0,all,sew_clif_equal,2,0.014505208333333333,0.9854947916666666,1671,115200,batch_x_channel_x_time,30897
openbmi,4,0,all,sew_clif_equal,3,0.09753472222222222,0.9024652777777777,11236,115200,batch_x_channel_x_time,30897
openbmi,4,1,n25,sew_clif_equal,0,0.15285590277777777,0.8471440972222222,17609,115200,batch_x_channel_x_time,32781
openbmi,4,1,n25,sew_clif_equal,1,0.009565972222222222,0.9904340277777778,1102,115200,batch_x_channel_x_time,32781
openbmi,4,1,n25,sew_clif_equal,2,0.01825520833333333,0.9817447916666666,2103,115200,batch_x_channel_x_time,32781
openbmi,4,1,n25,sew_clif_equal,3,0.10388020833333333,0.8961197916666667,11967,115200,batch_x_channel_x_time,32781
openbmi,4,1,all,sew_clif_equal,0,0.16705729166666666,0.8329427083333334,19245,115200,batch_x_channel_x_time,35699
openbmi,4,1,all,sew_clif_equal,1,0.010625,0.989375,1224,115200,batch_x_channel_x_time,35699
openbmi,4,1,all,sew_clif_equal,2,0.01967013888888889,0.9803298611111111,2266,115200,batch_x_channel_x_time,35699
openbmi,4,1,all,sew_clif_equal,3,0.11253472222222222,0.8874652777777778,12964,115200,batch_x_channel_x_time,35699
openbmi,4,2,n25,sew_clif_equal,0,0.15196180555555555,0.8480381944444444,17506,115200,batch_x_channel_x_time,31547
openbmi,4,2,n25,sew_clif_equal,1,0.011189236111111112,0.9888107638888889,1289,115200,batch_x_channel_x_time,31547
openbmi,4,2,n25,sew_clif_equal,2,0.011137152777777777,0.9888628472222222,1283,115200,batch_x_channel_x_time,31547
openbmi,4,2,n25,sew_clif_equal,3,0.09955729166666667,0.9004427083333333,11469,115200,batch_x_channel_x_time,31547
openbmi,4,2,all,sew_clif_equal,0,0.1816232638888889,0.8183767361111112,20923,115200,batch_x_channel_x_time,46435
openbmi,4,2,all,sew_clif_equal,1,0.03447048611111111,0.9655295138888889,3971,115200,batch_x_channel_x_time,46435
openbmi,4,2,all,sew_clif_equal,2,0.04250868055555555,0.9574913194444444,4897,115200,batch_x_channel_x_time,46435
openbmi,4,2,all,sew_clif_equal,3,0.14447916666666666,0.8555208333333333,16644,115200,batch_x_channel_x_time,46435
openbmi,5,0,n25,sew_clif_equal,0,0.1578125,0.8421875,18180,115200,batch_x_channel_x_time,32771
openbmi,5,0,n25,sew_clif_equal,1,0.010277777777777778,0.9897222222222222,1184,115200,batch_x_channel_x_time,32771
openbmi,5,0,n25,sew_clif_equal,2,0.012482638888888889,0.9875173611111111,1438,115200,batch_x_channel_x_time,32771
openbmi,5,0,n25,sew_clif_equal,3,0.10389756944444445,0.8961024305555556,11969,115200,batch_x_channel_x_time,32771
openbmi,5,0,all,sew_clif_equal,0,0.16532118055555556,0.8346788194444444,19045,115200,batch_x_channel_x_time,35659
openbmi,5,0,all,sew_clif_equal,1,0.014461805555555556,0.9855381944444445,1666,115200,batch_x_channel_x_time,35659
openbmi,5,0,all,sew_clif_equal,2,0.01709201388888889,0.9829079861111111,1969,115200,batch_x_channel_x_time,35659
openbmi,5,0,all,sew_clif_equal,3,0.11266493055555556,0.8873350694444444,12979,115200,batch_x_channel_x_time,35659
openbmi,5,1,n25,sew_clif_equal,0,0.18190104166666668,0.8180989583333333,20955,115200,batch_x_channel_x_time,40645
openbmi,5,1,n25,sew_clif_equal,1,0.01704861111111111,0.9829513888888889,1964,115200,batch_x_channel_x_time,40645
openbmi,5,1,n25,sew_clif_equal,2,0.026258680555555556,0.9737413194444444,3025,115200,batch_x_channel_x_time,40645
openbmi,5,1,n25,sew_clif_equal,3,0.12761284722222221,0.8723871527777778,14701,115200,batch_x_channel_x_time,40645
openbmi,5,1,all,sew_clif_equal,0,0.17672743055555556,0.8232725694444445,20359,115200,batch_x_channel_x_time,37811
openbmi,5,1,all,sew_clif_equal,1,0.015355902777777777,0.9846440972222222,1769,115200,batch_x_channel_x_time,37811
openbmi,5,1,all,sew_clif_equal,2,0.017239583333333332,0.9827604166666667,1986,115200,batch_x_channel_x_time,37811
openbmi,5,1,all,sew_clif_equal,3,0.11889756944444445,0.8811024305555556,13697,115200,batch_x_channel_x_time,37811
openbmi,5,2,n25,sew_clif_equal,0,0.17455729166666667,0.8254427083333333,20109,115200,batch_x_channel_x_time,38731
openbmi,5,2,n25,sew_clif_equal,1,0.017430555555555557,0.9825694444444445,2008,115200,batch_x_channel_x_time,38731
openbmi,5,2,n25,sew_clif_equal,2,0.023020833333333334,0.9769791666666666,2652,115200,batch_x_channel_x_time,38731
openbmi,5,2,n25,sew_clif_equal,3,0.12119791666666667,0.8788020833333333,13962,115200,batch_x_channel_x_time,38731
openbmi,5,2,all,sew_clif_equal,0,0.16651041666666666,0.8334895833333333,19182,115200,batch_x_channel_x_time,37481
openbmi,5,2,all,sew_clif_equal,1,0.01675347222222222,0.9832465277777778,1930,115200,batch_x_channel_x_time,37481
openbmi,5,2,all,sew_clif_equal,2,0.024157986111111113,0.9758420138888889,2783,115200,batch_x_channel_x_time,37481
openbmi,5,2,all,sew_clif_equal,3,0.11793402777777778,0.8820659722222222,13586,115200,batch_x_channel_x_time,37481
openbmi,6,0,n25,sew_clif_equal,0,0.18414930555555556,0.8158506944444445,21214,115200,batch_x_channel_x_time,44582
openbmi,6,0,n25,sew_clif_equal,1,0.028524305555555556,0.9714756944444445,3286,115200,batch_x_channel_x_time,44582
openbmi,6,0,n25,sew_clif_equal,2,0.034965277777777776,0.9650347222222222,4028,115200,batch_x_channel_x_time,44582
openbmi,6,0,n25,sew_clif_equal,3,0.13935763888888889,0.8606423611111111,16054,115200,batch_x_channel_x_time,44582
openbmi,6,0,all,sew_clif_equal,0,0.184375,0.815625,21240,115200,batch_x_channel_x_time,43458
openbmi,6,0,all,sew_clif_equal,1,0.025303819444444445,0.9746961805555555,2915,115200,batch_x_channel_x_time,43458
openbmi,6,0,all,sew_clif_equal,2,0.031102430555555557,0.9688975694444445,3583,115200,batch_x_channel_x_time,43458
openbmi,6,0,all,sew_clif_equal,3,0.13645833333333332,0.8635416666666667,15720,115200,batch_x_channel_x_time,43458
openbmi,6,1,n25,sew_clif_equal,0,0.15174479166666666,0.8482552083333333,17481,115200,batch_x_channel_x_time,32570
openbmi,6,1,n25,sew_clif_equal,1,0.01326388888888889,0.9867361111111111,1528,115200,batch_x_channel_x_time,32570
openbmi,6,1,n25,sew_clif_equal,2,0.013914930555555555,0.9860850694444444,1603,115200,batch_x_channel_x_time,32570
openbmi,6,1,n25,sew_clif_equal,3,0.10380208333333334,0.8961979166666667,11958,115200,batch_x_channel_x_time,32570
openbmi,6,1,all,sew_clif_equal,0,0.1625954861111111,0.8374045138888889,18731,115200,batch_x_channel_x_time,34477
openbmi,6,1,all,sew_clif_equal,1,0.013081597222222222,0.9869184027777778,1507,115200,batch_x_channel_x_time,34477
openbmi,6,1,all,sew_clif_equal,2,0.014366319444444444,0.9856336805555556,1655,115200,batch_x_channel_x_time,34477
openbmi,6,1,all,sew_clif_equal,3,0.10923611111111112,0.8907638888888889,12584,115200,batch_x_channel_x_time,34477
openbmi,6,2,n25,sew_clif_equal,0,0.16918402777777777,0.8308159722222223,19490,115200,batch_x_channel_x_time,38556
openbmi,6,2,n25,sew_clif_equal,1,0.019305555555555555,0.9806944444444444,2224,115200,batch_x_channel_x_time,38556
openbmi,6,2,n25,sew_clif_equal,2,0.024635416666666667,0.9753645833333333,2838,115200,batch_x_channel_x_time,38556
openbmi,6,2,n25,sew_clif_equal,3,0.1215625,0.8784375,14004,115200,batch_x_channel_x_time,38556
openbmi,6,2,all,sew_clif_equal,0,0.16386284722222222,0.8361371527777778,18877,115200,batch_x_channel_x_time,38358
openbmi,6,2,all,sew_clif_equal,1,0.020338541666666668,0.9796614583333333,2343,115200,batch_x_channel_x_time,38358
openbmi,6,2,all,sew_clif_equal,2,0.028064236111111113,0.9719357638888889,3233,115200,batch_x_channel_x_time,38358
openbmi,6,2,all,sew_clif_equal,3,0.120703125,0.879296875,13905,115200,batch_x_channel_x_time,38358
openbmi,7,0,n25,sew_clif_equal,0,0.15151909722222223,0.8484809027777778,17455,115200,batch_x_channel_x_time,31448
openbmi,7,0,n25,sew_clif_equal,1,0.010138888888888888,0.9898611111111111,1168,115200,batch_x_channel_x_time,31448
openbmi,7,0,n25,sew_clif_equal,2,0.011675347222222222,0.9883246527777778,1345,115200,batch_x_channel_x_time,31448
openbmi,7,0,n25,sew_clif_equal,3,0.09965277777777778,0.9003472222222222,11480,115200,batch_x_channel_x_time,31448
openbmi,7,0,all,sew_clif_equal,0,0.16058159722222223,0.8394184027777778,18499,115200,batch_x_channel_x_time,33620
openbmi,7,0,all,sew_clif_equal,1,0.011206597222222222,0.9887934027777778,1291,115200,batch_x_channel_x_time,33620
openbmi,7,0,all,sew_clif_equal,2,0.01373263888888889,0.9862673611111111,1582,115200,batch_x_channel_x_time,33620
openbmi,7,0,all,sew_clif_equal,3,0.10631944444444444,0.8936805555555556,12248,115200,batch_x_channel_x_time,33620
openbmi,7,1,n25,sew_clif_equal,0,0.1401388888888889,0.8598611111111111,16144,115200,batch_x_channel_x_time,28757
openbmi,7,1,n25,sew_clif_equal,1,0.00798611111111111,0.9920138888888889,920,115200,batch_x_channel_x_time,28757
openbmi,7,1,n25,sew_clif_equal,2,0.009835069444444445,0.9901649305555555,1133,115200,batch_x_channel_x_time,28757
openbmi,7,1,n25,sew_clif_equal,3,0.09166666666666666,0.9083333333333333,10560,115200,batch_x_channel_x_time,28757
openbmi,7,1,all,sew_clif_equal,0,0.15178819444444444,0.8482118055555555,17486,115200,batch_x_channel_x_time,30458
openbmi,7,1,all,sew_clif_equal,1,0.0071875,0.9928125,828,115200,batch_x_channel_x_time,30458
openbmi,7,1,all,sew_clif_equal,2,0.008810763888888889,0.9911892361111111,1015,115200,batch_x_channel_x_time,30458
openbmi,7,1,all,sew_clif_equal,3,0.09660590277777778,0.9033940972222222,11129,115200,batch_x_channel_x_time,30458
openbmi,7,2,n25,sew_clif_equal,0,0.1639670138888889,0.8360329861111111,18889,115200,batch_x_channel_x_time,34052
openbmi,7,2,n25,sew_clif_equal,1,0.010920138888888889,0.9890798611111111,1258,115200,batch_x_channel_x_time,34052
openbmi,7,2,n25,sew_clif_equal,2,0.013532986111111112,0.9864670138888889,1559,115200,batch_x_channel_x_time,34052
openbmi,7,2,n25,sew_clif_equal,3,0.10717013888888889,0.8928298611111111,12346,115200,batch_x_channel_x_time,34052
openbmi,7,2,all,sew_clif_equal,0,0.1699392361111111,0.8300607638888888,19577,115200,batch_x_channel_x_time,40073
openbmi,7,2,all,sew_clif_equal,1,0.022960069444444446,0.9770399305555556,2645,115200,batch_x_channel_x_time,40073
openbmi,7,2,all,sew_clif_equal,2,0.029348958333333335,0.9706510416666667,3381,115200,batch_x_channel_x_time,40073
openbmi,7,2,all,sew_clif_equal,3,0.1256076388888889,0.8743923611111111,14470,115200,batch_x_channel_x_time,40073
openbmi,8,0,n25,sew_clif_equal,0,0.1684027777777778,0.8315972222222222,19400,115200,batch_x_channel_x_time,36452
openbmi,8,0,n25,sew_clif_equal,1,0.015425347222222222,0.9845746527777778,1777,115200,batch_x_channel_x_time,36452
openbmi,8,0,n25,sew_clif_equal,2,0.018055555555555554,0.9819444444444444,2080,115200,batch_x_channel_x_time,36452
openbmi,8,0,n25,sew_clif_equal,3,0.11453993055555556,0.8854600694444444,13195,115200,batch_x_channel_x_time,36452
openbmi,8,0,all,sew_clif_equal,0,0.173125,0.826875,19944,115200,batch_x_channel_x_time,38918
openbmi,8,0,all,sew_clif_equal,1,0.020147569444444444,0.9798524305555556,2321,115200,batch_x_channel_x_time,38918
openbmi,8,0,all,sew_clif_equal,2,0.02236111111111111,0.977638888888889,2576,115200,batch_x_channel_x_time,38918
openbmi,8,0,all,sew_clif_equal,3,0.12219618055555556,0.8778038194444444,14077,115200,batch_x_channel_x_time,38918
openbmi,8,1,n25,sew_clif_equal,0,0.1443576388888889,0.8556423611111111,16630,115200,batch_x_channel_x_time,30672
openbmi,8,1,n25,sew_clif_equal,1,0.012664930555555556,0.9873350694444445,1459,115200,batch_x_channel_x_time,30672
openbmi,8,1,n25,sew_clif_equal,2,0.012013888888888888,0.9879861111111111,1384,115200,batch_x_channel_x_time,30672
openbmi,8,1,n25,sew_clif_equal,3,0.09721354166666667,0.9027864583333334,11199,115200,batch_x_channel_x_time,30672
openbmi,8,1,all,sew_clif_equal,0,0.14955729166666668,0.8504427083333334,17229,115200,batch_x_channel_x_time,34485
openbmi,8,1,all,sew_clif_equal,1,0.018880208333333332,0.9811197916666666,2175,115200,batch_x_channel_x_time,34485
openbmi,8,1,all,sew_clif_equal,2,0.02201388888888889,0.9779861111111111,2536,115200,batch_x_channel_x_time,34485
openbmi,8,1,all,sew_clif_equal,3,0.10889756944444444,0.8911024305555556,12545,115200,batch_x_channel_x_time,34485
openbmi,8,2,n25,sew_clif_equal,0,0.17967881944444444,0.8203211805555556,20699,115200,batch_x_channel_x_time,40373
openbmi,8,2,n25,sew_clif_equal,1,0.018315972222222223,0.9816840277777777,2110,115200,batch_x_channel_x_time,40373
openbmi,8,2,n25,sew_clif_equal,2,0.026440972222222223,0.9735590277777778,3046,115200,batch_x_channel_x_time,40373
openbmi,8,2,n25,sew_clif_equal,3,0.12602430555555555,0.8739756944444445,14518,115200,batch_x_channel_x_time,40373
openbmi,8,2,all,sew_clif_equal,0,0.16010416666666666,0.8398958333333333,18444,115200,batch_x_channel_x_time,37175
openbmi,8,2,all,sew_clif_equal,1,0.019435763888888888,0.9805642361111111,2239,115200,batch_x_channel_x_time,37175
openbmi,8,2,all,sew_clif_equal,2,0.02605034722222222,0.9739496527777778,3001,115200,batch_x_channel_x_time,37175
openbmi,8,2,all,sew_clif_equal,3,0.117109375,0.882890625,13491,115200,batch_x_channel_x_time,37175
openbmi,9,0,n25,sew_clif_equal,0,0.17575520833333333,0.8242447916666666,20247,115200,batch_x_channel_x_time,38325
openbmi,9,0,n25,sew_clif_equal,1,0.01855034722222222,0.9814496527777777,2137,115200,batch_x_channel_x_time,38325
openbmi,9,0,n25,sew_clif_equal,2,0.017786458333333335,0.9822135416666666,2049,115200,batch_x_channel_x_time,38325
openbmi,9,0,n25,sew_clif_equal,3,0.12059027777777778,0.8794097222222222,13892,115200,batch_x_channel_x_time,38325
openbmi,9,0,all,sew_clif_equal,0,0.16435763888888888,0.8356423611111111,18934,115200,batch_x_channel_x_time,37597
openbmi,9,0,all,sew_clif_equal,1,0.021197916666666667,0.9788020833333333,2442,115200,batch_x_channel_x_time,37597
openbmi,9,0,all,sew_clif_equal,2,0.022204861111111113,0.9777951388888889,2558,115200,batch_x_channel_x_time,37597
openbmi,9,0,all,sew_clif_equal,3,0.11860243055555555,0.8813975694444445,13663,115200,batch_x_channel_x_time,37597
openbmi,9,1,n25,sew_clif_equal,0,0.17922743055555557,0.8207725694444444,20647,115200,batch_x_channel_x_time,41709
openbmi,9,1,n25,sew_clif_equal,1,0.01837673611111111,0.9816232638888889,2117,115200,batch_x_channel_x_time,41709
openbmi,9,1,n25,sew_clif_equal,2,0.03375,0.96625,3888,115200,batch_x_channel_x_time,41709
openbmi,9,1,n25,sew_clif_equal,3,0.130703125,0.869296875,15057,115200,batch_x_channel_x_time,41709
openbmi,9,1,all,sew_clif_equal,0,0.17558159722222222,0.8244184027777778,20227,115200,batch_x_channel_x_time,38593
openbmi,9,1,all,sew_clif_equal,1,0.012951388888888889,0.9870486111111111,1492,115200,batch_x_channel_x_time,38593
openbmi,9,1,all,sew_clif_equal,2,0.025598958333333335,0.9744010416666666,2949,115200,batch_x_channel_x_time,38593
openbmi,9,1,all,sew_clif_equal,3,0.1208767361111111,0.8791232638888888,13925,115200,batch_x_channel_x_time,38593
openbmi,9,2,n25,sew_clif_equal,0,0.17076388888888888,0.8292361111111111,19672,115200,batch_x_channel_x_time,40661
openbmi,9,2,n25,sew_clif_equal,1,0.023532986111111112,0.9764670138888889,2711,115200,batch_x_channel_x_time,40661
openbmi,9,2,n25,sew_clif_equal,2,0.030625,0.969375,3528,115200,batch_x_channel_x_time,40661
openbmi,9,2,n25,sew_clif_equal,3,0.12803819444444445,0.8719618055555556,14750,115200,batch_x_channel_x_time,40661
openbmi,9,2,all,sew_clif_equal,0,0.17753472222222222,0.8224652777777778,20452,115200,batch_x_channel_x_time,42455
openbmi,9,2,all,sew_clif_equal,1,0.024479166666666666,0.9755208333333333,2820,115200,batch_x_channel_x_time,42455
openbmi,9,2,all,sew_clif_equal,2,0.033498263888888886,0.9665017361111111,3859,115200,batch_x_channel_x_time,42455
openbmi,9,2,all,sew_clif_equal,3,0.13302083333333334,0.8669791666666666,15324,115200,batch_x_channel_x_time,42455
openbmi,10,0,n25,sew_clif_equal,0,0.15034722222222222,0.8496527777777778,17320,115200,batch_x_channel_x_time,31214
openbmi,10,0,n25,sew_clif_equal,1,0.010677083333333334,0.9893229166666667,1230,115200,batch_x_channel_x_time,31214
openbmi,10,0,n25,sew_clif_equal,2,0.010494791666666666,0.9895052083333333,1209,115200,batch_x_channel_x_time,31214
openbmi,10,0,n25,sew_clif_equal,3,0.09943576388888889,0.9005642361111111,11455,115200,batch_x_channel_x_time,31214
openbmi,10,0,all,sew_clif_equal,0,0.16883680555555555,0.8311631944444444,19450,115200,batch_x_channel_x_time,38010
openbmi,10,0,all,sew_clif_equal,1,0.019487847222222222,0.9805121527777778,2245,115200,batch_x_channel_x_time,38010
openbmi,10,0,all,sew_clif_equal,2,0.021866319444444445,0.9781336805555556,2519,115200,batch_x_channel_x_time,38010
openbmi,10,0,all,sew_clif_equal,3,0.11975694444444444,0.8802430555555556,13796,115200,batch_x_channel_x_time,38010
openbmi,10,1,n25,sew_clif_equal,0,0.179453125,0.820546875,20673,115200,batch_x_channel_x_time,38179
openbmi,10,1,n25,sew_clif_equal,1,0.014774305555555556,0.9852256944444444,1702,115200,batch_x_channel_x_time,38179
openbmi,10,1,n25,sew_clif_equal,2,0.016848958333333334,0.9831510416666667,1941,115200,batch_x_channel_x_time,38179
openbmi,10,1,n25,sew_clif_equal,3,0.12033854166666667,0.8796614583333333,13863,115200,batch_x_channel_x_time,38179
openbmi,10,1,all,sew_clif_equal,0,0.17347222222222222,0.8265277777777778,19984,115200,batch_x_channel_x_time,36806
openbmi,10,1,all,sew_clif_equal,1,0.014418402777777778,0.9855815972222223,1661,115200,batch_x_channel_x_time,36806
openbmi,10,1,all,sew_clif_equal,2,0.015625,0.984375,1800,115200,batch_x_channel_x_time,36806
openbmi,10,1,all,sew_clif_equal,3,0.11598090277777778,0.8840190972222222,13361,115200,batch_x_channel_x_time,36806
openbmi,10,2,n25,sew_clif_equal,0,0.17258680555555556,0.8274131944444445,19882,115200,batch_x_channel_x_time,40322
openbmi,10,2,n25,sew_clif_equal,1,0.022942708333333332,0.9770572916666667,2643,115200,batch_x_channel_x_time,40322
openbmi,10,2,n25,sew_clif_equal,2,0.028385416666666666,0.9716145833333333,3270,115200,batch_x_channel_x_time,40322
openbmi,10,2,n25,sew_clif_equal,3,0.12610243055555556,0.8738975694444444,14527,115200,batch_x_channel_x_time,40322
openbmi,10,2,all,sew_clif_equal,0,0.16958333333333334,0.8304166666666667,19536,115200,batch_x_channel_x_time,36142
openbmi,10,2,all,sew_clif_equal,1,0.01326388888888889,0.9867361111111111,1528,115200,batch_x_channel_x_time,36142
openbmi,10,2,all,sew_clif_equal,2,0.017317708333333334,0.9826822916666667,1995,115200,batch_x_channel_x_time,36142
openbmi,10,2,all,sew_clif_equal,3,0.11356770833333334,0.8864322916666667,13083,115200,batch_x_channel_x_time,36142
openbmi,11,0,n25,sew_clif_equal,0,0.15264756944444444,0.8473524305555555,17585,115200,batch_x_channel_x_time,33825
openbmi,11,0,n25,sew_clif_equal,1,0.014479166666666666,0.9855208333333333,1668,115200,batch_x_channel_x_time,33825
openbmi,11,0,n25,sew_clif_equal,2,0.019036458333333332,0.9809635416666667,2193,115200,batch_x_channel_x_time,33825
openbmi,11,0,n25,sew_clif_equal,3,0.10745659722222223,0.8925434027777778,12379,115200,batch_x_channel_x_time,33825
openbmi,11,0,all,sew_clif_equal,0,0.15221354166666667,0.8477864583333333,17535,115200,batch_x_channel_x_time,34572
openbmi,11,0,all,sew_clif_equal,1,0.016553819444444444,0.9834461805555555,1907,115200,batch_x_channel_x_time,34572
openbmi,11,0,all,sew_clif_equal,2,0.021848958333333335,0.9781510416666667,2517,115200,batch_x_channel_x_time,34572
openbmi,11,0,all,sew_clif_equal,3,0.10948784722222223,0.8905121527777777,12613,115200,batch_x_channel_x_time,34572
openbmi,11,1,n25,sew_clif_equal,0,0.15127604166666667,0.8487239583333334,17427,115200,batch_x_channel_x_time,34544
openbmi,11,1,n25,sew_clif_equal,1,0.017118055555555556,0.9828819444444444,1972,115200,batch_x_channel_x_time,34544
openbmi,11,1,n25,sew_clif_equal,2,0.021875,0.978125,2520,115200,batch_x_channel_x_time,34544
openbmi,11,1,n25,sew_clif_equal,3,0.1095920138888889,0.8904079861111112,12625,115200,batch_x_channel_x_time,34544
openbmi,11,1,all,sew_clif_equal,0,0.17028645833333333,0.8297135416666667,19617,115200,batch_x_channel_x_time,37299
openbmi,11,1,all,sew_clif_equal,1,0.012456597222222223,0.9875434027777777,1435,115200,batch_x_channel_x_time,37299
openbmi,11,1,all,sew_clif_equal,2,0.023932291666666668,0.9760677083333333,2757,115200,batch_x_channel_x_time,37299
openbmi,11,1,all,sew_clif_equal,3,0.11710069444444444,0.8828993055555555,13490,115200,batch_x_channel_x_time,37299
openbmi,11,2,n25,sew_clif_equal,0,0.1463888888888889,0.8536111111111111,16864,115200,batch_x_channel_x_time,30839
openbmi,11,2,n25,sew_clif_equal,1,0.011475694444444445,0.9885243055555556,1322,115200,batch_x_channel_x_time,30839
openbmi,11,2,n25,sew_clif_equal,2,0.011762152777777778,0.9882378472222222,1355,115200,batch_x_channel_x_time,30839
openbmi,11,2,n25,sew_clif_equal,3,0.09807291666666666,0.9019270833333334,11298,115200,batch_x_channel_x_time,30839
openbmi,11,2,all,sew_clif_equal,0,0.16053819444444445,0.8394618055555556,18494,115200,batch_x_channel_x_time,34530
openbmi,11,2,all,sew_clif_equal,1,0.012855902777777779,0.9871440972222222,1481,115200,batch_x_channel_x_time,34530
openbmi,11,2,all,sew_clif_equal,2,0.017022569444444444,0.9829774305555555,1961,115200,batch_x_channel_x_time,34530
openbmi,11,2,all,sew_clif_equal,3,0.10932291666666667,0.8906770833333333,12594,115200,batch_x_channel_x_time,34530
openbmi,12,0,n25,sew_clif_equal,0,0.16309027777777776,0.8369097222222223,18788,115200,batch_x_channel_x_time,36430
openbmi,12,0,n25,sew_clif_equal,1,0.018298611111111113,0.9817013888888889,2108,115200,batch_x_channel_x_time,36430
openbmi,12,0,n25,sew_clif_equal,2,0.020112847222222223,0.9798871527777778,2317,115200,batch_x_channel_x_time,36430
openbmi,12,0,n25,sew_clif_equal,3,0.11473090277777778,0.8852690972222222,13217,115200,batch_x_channel_x_time,36430
openbmi,12,0,all,sew_clif_equal,0,0.16512152777777778,0.8348784722222222,19022,115200,batch_x_channel_x_time,38215
openbmi,12,0,all,sew_clif_equal,1,0.02103298611111111,0.9789670138888888,2423,115200,batch_x_channel_x_time,38215
openbmi,12,0,all,sew_clif_equal,2,0.025130208333333334,0.9748697916666667,2895,115200,batch_x_channel_x_time,38215
openbmi,12,0,all,sew_clif_equal,3,0.12044270833333333,0.8795572916666666,13875,115200,batch_x_channel_x_time,38215
openbmi,12,1,n25,sew_clif_equal,0,0.164296875,0.835703125,18927,115200,batch_x_channel_x_time,37085
openbmi,12,1,n25,sew_clif_equal,1,0.016848958333333334,0.9831510416666667,1941,115200,batch_x_channel_x_time,37085
openbmi,12,1,n25,sew_clif_equal,2,0.02342013888888889,0.9765798611111111,2698,115200,batch_x_channel_x_time,37085
openbmi,12,1,n25,sew_clif_equal,3,0.11735243055555555,0.8826475694444444,13519,115200,batch_x_channel_x_time,37085
openbmi,12,1,all,sew_clif_equal,0,0.18125868055555555,0.8187413194444444,20881,115200,batch_x_channel_x_time,40916
openbmi,12,1,all,sew_clif_equal,1,0.019765625,0.980234375,2277,115200,batch_x_channel_x_time,40916
openbmi,12,1,all,sew_clif_equal,2,0.02578125,0.97421875,2970,115200,batch_x_channel_x_time,40916
openbmi,12,1,all,sew_clif_equal,3,0.12836805555555555,0.8716319444444445,14788,115200,batch_x_channel_x_time,40916
openbmi,12,2,n25,sew_clif_equal,0,0.18339409722222222,0.8166059027777778,21127,115200,batch_x_channel_x_time,46638
openbmi,12,2,n25,sew_clif_equal,1,0.034930555555555555,0.9650694444444444,4024,115200,batch_x_channel_x_time,46638
openbmi,12,2,n25,sew_clif_equal,2,0.04142361111111111,0.9585763888888889,4772,115200,batch_x_channel_x_time,46638
openbmi,12,2,n25,sew_clif_equal,3,0.14509548611111112,0.8549045138888889,16715,115200,batch_x_channel_x_time,46638
openbmi,12,2,all,sew_clif_equal,0,0.18529513888888888,0.8147048611111112,21346,115200,batch_x_channel_x_time,47792
openbmi,12,2,all,sew_clif_equal,1,0.03635416666666667,0.9636458333333333,4188,115200,batch_x_channel_x_time,47792
openbmi,12,2,all,sew_clif_equal,2,0.04467013888888889,0.9553298611111111,5146,115200,batch_x_channel_x_time,47792
openbmi,12,2,all,sew_clif_equal,3,0.14854166666666666,0.8514583333333333,17112,115200,batch_x_channel_x_time,47792
openbmi,13,0,n25,sew_clif_equal,0,0.17174479166666667,0.8282552083333333,19785,115200,batch_x_channel_x_time,42588
openbmi,13,0,n25,sew_clif_equal,1,0.02607638888888889,0.9739236111111111,3004,115200,batch_x_channel_x_time,42588
openbmi,13,0,n25,sew_clif_equal,2,0.03865451388888889,0.9613454861111111,4453,115200,batch_x_channel_x_time,42588
openbmi,13,0,n25,sew_clif_equal,3,0.13321180555555556,0.8667881944444444,15346,115200,batch_x_channel_x_time,42588
openbmi,13,0,all,sew_clif_equal,0,0.17932291666666667,0.8206770833333333,20658,115200,batch_x_channel_x_time,42606
openbmi,13,0,all,sew_clif_equal,1,0.023715277777777776,0.9762847222222222,2732,115200,batch_x_channel_x_time,42606
openbmi,13,0,all,sew_clif_equal,2,0.033368055555555554,0.9666319444444444,3844,115200,batch_x_channel_x_time,42606
openbmi,13,0,all,sew_clif_equal,3,0.1334375,0.8665625,15372,115200,batch_x_channel_x_time,42606
openbmi,13,1,n25,sew_clif_equal,0,0.17671875,0.82328125,20358,115200,batch_x_channel_x_time,40237
openbmi,13,1,n25,sew_clif_equal,1,0.019644097222222223,0.9803559027777777,2263,115200,batch_x_channel_x_time,40237
openbmi,13,1,n25,sew_clif_equal,2,0.02715277777777778,0.9728472222222222,3128,115200,batch_x_channel_x_time,40237
openbmi,13,1,n25,sew_clif_equal,3,0.1257638888888889,0.8742361111111111,14488,115200,batch_x_channel_x_time,40237
openbmi,13,1,all,sew_clif_equal,0,0.1702517361111111,0.8297482638888889,19613,115200,batch_x_channel_x_time,42110
openbmi,13,1,all,sew_clif_equal,1,0.02542534722222222,0.9745746527777778,2929,115200,batch_x_channel_x_time,42110
openbmi,13,1,all,sew_clif_equal,2,0.0384375,0.9615625,4428,115200,batch_x_channel_x_time,42110
openbmi,13,1,all,sew_clif_equal,3,0.13142361111111112,0.8685763888888889,15140,115200,batch_x_channel_x_time,42110
openbmi,13,2,n25,sew_clif_equal,0,0.16698784722222224,0.8330121527777777,19237,115200,batch_x_channel_x_time,37115
openbmi,13,2,n25,sew_clif_equal,1,0.017682291666666666,0.9823177083333333,2037,115200,batch_x_channel_x_time,37115
openbmi,13,2,n25,sew_clif_equal,2,0.021102430555555555,0.9788975694444444,2431,115200,batch_x_channel_x_time,37115
openbmi,13,2,n25,sew_clif_equal,3,0.11640625,0.88359375,13410,115200,batch_x_channel_x_time,37115
openbmi,13,2,all,sew_clif_equal,0,0.16502604166666668,0.8349739583333333,19011,115200,batch_x_channel_x_time,36466
openbmi,13,2,all,sew_clif_equal,1,0.016631944444444446,0.9833680555555555,1916,115200,batch_x_channel_x_time,36466
openbmi,13,2,all,sew_clif_equal,2,0.020182291666666668,0.9798177083333334,2325,115200,batch_x_channel_x_time,36466
openbmi,13,2,all,sew_clif_equal,3,0.11470486111111111,0.8852951388888889,13214,115200,batch_x_channel_x_time,36466
openbmi,14,0,n25,sew_clif_equal,0,0.15092881944444445,0.8490711805555555,17387,115200,batch_x_channel_x_time,32797
openbmi,14,0,n25,sew_clif_equal,1,0.015694444444444445,0.9843055555555555,1808,115200,batch_x_channel_x_time,32797
openbmi,14,0,n25,sew_clif_equal,2,0.013993055555555555,0.9860069444444445,1612,115200,batch_x_channel_x_time,32797
openbmi,14,0,n25,sew_clif_equal,3,0.10407986111111112,0.8959201388888889,11990,115200,batch_x_channel_x_time,32797
openbmi,14,0,all,sew_clif_equal,0,0.16339409722222223,0.8366059027777778,18823,115200,batch_x_channel_x_time,33642
openbmi,14,0,all,sew_clif_equal,1,0.009652777777777777,0.9903472222222223,1112,115200,batch_x_channel_x_time,33642
openbmi,14,0,all,sew_clif_equal,2,0.012638888888888889,0.9873611111111111,1456,115200,batch_x_channel_x_time,33642
openbmi,14,0,all,sew_clif_equal,3,0.10634548611111111,0.893654513888889,12251,115200,batch_x_channel_x_time,33642
openbmi,14,1,n25,sew_clif_equal,0,0.16738715277777777,0.8326128472222223,19283,115200,batch_x_channel_x_time,36189
openbmi,14,1,n25,sew_clif_equal,1,0.01326388888888889,0.9867361111111111,1528,115200,batch_x_channel_x_time,36189
openbmi,14,1,n25,sew_clif_equal,2,0.020260416666666666,0.9797395833333333,2334,115200,batch_x_channel_x_time,36189
openbmi,14,1,n25,sew_clif_equal,3,0.11322916666666667,0.8867708333333333,13044,115200,batch_x_channel_x_time,36189
openbmi,14,1,all,sew_clif_equal,0,0.15792534722222223,0.8420746527777778,18193,115200,batch_x_channel_x_time,34314
openbmi,14,1,all,sew_clif_equal,1,0.013324652777777777,0.9866753472222223,1535,115200,batch_x_channel_x_time,34314
openbmi,14,1,all,sew_clif_equal,2,0.018567708333333332,0.9814322916666667,2139,115200,batch_x_channel_x_time,34314
openbmi,14,1,all,sew_clif_equal,3,0.108046875,0.891953125,12447,115200,batch_x_channel_x_time,34314
openbmi,14,2,n25,sew_clif_equal,0,0.16241319444444444,0.8375868055555555,18710,115200,batch_x_channel_x_time,37925
openbmi,14,2,n25,sew_clif_equal,1,0.018958333333333334,0.9810416666666667,2184,115200,batch_x_channel_x_time,37925
openbmi,14,2,n25,sew_clif_equal,2,0.028819444444444446,0.9711805555555556,3320,115200,batch_x_channel_x_time,37925
openbmi,14,2,n25,sew_clif_equal,3,0.11901909722222222,0.8809809027777777,13711,115200,batch_x_channel_x_time,37925
openbmi,14,2,all,sew_clif_equal,0,0.1726388888888889,0.8273611111111111,19888,115200,batch_x_channel_x_time,39172
openbmi,14,2,all,sew_clif_equal,1,0.01724826388888889,0.9827517361111111,1987,115200,batch_x_channel_x_time,39172
openbmi,14,2,all,sew_clif_equal,2,0.027413194444444445,0.9725868055555555,3158,115200,batch_x_channel_x_time,39172
openbmi,14,2,all,sew_clif_equal,3,0.122734375,0.8772656249999999,14139,115200,batch_x_channel_x_time,39172
openbmi,15,0,n25,sew_clif_equal,0,0.16098090277777777,0.8390190972222222,18545,115200,batch_x_channel_x_time,35397
openbmi,15,0,n25,sew_clif_equal,1,0.015399305555555555,0.9846006944444444,1774,115200,batch_x_channel_x_time,35397
openbmi,15,0,n25,sew_clif_equal,2,0.019305555555555555,0.9806944444444444,2224,115200,batch_x_channel_x_time,35397
openbmi,15,0,n25,sew_clif_equal,3,0.11157986111111111,0.8884201388888889,12854,115200,batch_x_channel_x_time,35397
openbmi,15,0,all,sew_clif_equal,0,0.16618055555555555,0.8338194444444444,19144,115200,batch_x_channel_x_time,40798
openbmi,15,0,all,sew_clif_equal,1,0.026137152777777777,0.9738628472222223,3011,115200,batch_x_channel_x_time,40798
openbmi,15,0,all,sew_clif_equal,2,0.033680555555555554,0.9663194444444444,3880,115200,batch_x_channel_x_time,40798
openbmi,15,0,all,sew_clif_equal,3,0.12815104166666666,0.8718489583333333,14763,115200,batch_x_channel_x_time,40798
openbmi,15,1,n25,sew_clif_equal,0,0.16810763888888888,0.8318923611111111,19366,115200,batch_x_channel_x_time,39008
openbmi,15,1,n25,sew_clif_equal,1,0.02060763888888889,0.979392361111111,2374,115200,batch_x_channel_x_time,39008
openbmi,15,1,n25,sew_clif_equal,2,0.026883680555555556,0.9731163194444444,3097,115200,batch_x_channel_x_time,39008
openbmi,15,1,n25,sew_clif_equal,3,0.12301215277777777,0.8769878472222222,14171,115200,batch_x_channel_x_time,39008
openbmi,15,1,all,sew_clif_equal,0,0.15393229166666667,0.8460677083333333,17733,115200,batch_x_channel_x_time,33342
openbmi,15,1,all,sew_clif_equal,1,0.012630208333333334,0.9873697916666667,1455,115200,batch_x_channel_x_time,33342
openbmi,15,1,all,sew_clif_equal,2,0.017213541666666665,0.9827864583333333,1983,115200,batch_x_channel_x_time,33342
openbmi,15,1,all,sew_clif_equal,3,0.10565104166666667,0.8943489583333333,12171,115200,batch_x_channel_x_time,33342
openbmi,15,2,n25,sew_clif_equal,0,0.15641493055555555,0.8435850694444444,18019,115200,batch_x_channel_x_time,33419
openbmi,15,2,n25,sew_clif_equal,1,0.010737847222222222,0.9892621527777777,1237,115200,batch_x_channel_x_time,33419
openbmi,15,2,n25,sew_clif_equal,2,0.017013888888888887,0.9829861111111111,1960,115200,batch_x_channel_x_time,33419
openbmi,15,2,n25,sew_clif_equal,3,0.10592881944444445,0.8940711805555556,12203,115200,batch_x_channel_x_time,33419
openbmi,15,2,all,sew_clif_equal,0,0.15791666666666668,0.8420833333333333,18192,115200,batch_x_channel_x_time,33681
openbmi,15,2,all,sew_clif_equal,1,0.01390625,0.98609375,1602,115200,batch_x_channel_x_time,33681
openbmi,15,2,all,sew_clif_equal,2,0.014010416666666666,0.9859895833333333,1614,115200,batch_x_channel_x_time,33681
openbmi,15,2,all,sew_clif_equal,3,0.10653645833333333,0.8934635416666666,12273,115200,batch_x_channel_x_time,33681
openbmi,16,0,n25,sew_clif_equal,0,0.15414930555555556,0.8458506944444444,17758,115200,batch_x_channel_x_time,33115
openbmi,16,0,n25,sew_clif_equal,1,0.014574652777777778,0.9854253472222222,1679,115200,batch_x_channel_x_time,33115
openbmi,16,0,n25,sew_clif_equal,2,0.013862847222222223,0.9861371527777778,1597,115200,batch_x_channel_x_time,33115
openbmi,16,0,n25,sew_clif_equal,3,0.10486979166666667,0.8951302083333333,12081,115200,batch_x_channel_x_time,33115
openbmi,16,0,all,sew_clif_equal,0,0.14594618055555555,0.8540538194444445,16813,115200,batch_x_channel_x_time,32277
openbmi,16,0,all,sew_clif_equal,1,0.013888888888888888,0.9861111111111112,1600,115200,batch_x_channel_x_time,32277
openbmi,16,0,all,sew_clif_equal,2,0.017960069444444445,0.9820399305555556,2069,115200,batch_x_channel_x_time,32277
openbmi,16,0,all,sew_clif_equal,3,0.10238715277777778,0.8976128472222222,11795,115200,batch_x_channel_x_time,32277
openbmi,16,1,n25,sew_clif_equal,0,0.14033854166666668,0.8596614583333333,16167,115200,batch_x_channel_x_time,27897
openbmi,16,1,n25,sew_clif_equal,1,0.004539930555555556,0.9954600694444444,523,115200,batch_x_channel_x_time,27897
openbmi,16,1,n25,sew_clif_equal,2,0.008029513888888888,0.9919704861111112,925,115200,batch_x_channel_x_time,27897
openbmi,16,1,n25,sew_clif_equal,3,0.08925347222222223,0.9107465277777778,10282,115200,batch_x_channel_x_time,27897
openbmi,16,1,all,sew_clif_equal,0,0.15794270833333332,0.8420572916666667,18195,115200,batch_x_channel_x_time,32740
openbmi,16,1,all,sew_clif_equal,1,0.007847222222222222,0.9921527777777778,904,115200,batch_x_channel_x_time,32740
openbmi,16,1,all,sew_clif_equal,2,0.014600694444444444,0.9853993055555555,1682,115200,batch_x_channel_x_time,32740
openbmi,16,1,all,sew_clif_equal,3,0.1038107638888889,0.8961892361111111,11959,115200,batch_x_channel_x_time,32740
openbmi,16,2,n25,sew_clif_equal,0,0.1542013888888889,0.8457986111111111,17764,115200,batch_x_channel_x_time,34565
openbmi,16,2,n25,sew_clif_equal,1,0.01673611111111111,0.9832638888888889,1928,115200,batch_x_channel_x_time,34565
openbmi,16,2,n25,sew_clif_equal,2,0.020130208333333333,0.9798697916666667,2319,115200,batch_x_channel_x_time,34565
openbmi,16,2,n25,sew_clif_equal,3,0.10897569444444444,0.8910243055555556,12554,115200,batch_x_channel_x_time,34565
openbmi,16,2,all,sew_clif_equal,0,0.15484375,0.84515625,17838,115200,batch_x_channel_x_time,30974
openbmi,16,2,all,sew_clif_equal,1,0.00798611111111111,0.9920138888888889,920,115200,batch_x_channel_x_time,30974
openbmi,16,2,all,sew_clif_equal,2,0.007717013888888889,0.9922829861111111,889,115200,batch_x_channel_x_time,30974
openbmi,16,2,all,sew_clif_equal,3,0.09832465277777777,0.9016753472222222,11327,115200,batch_x_channel_x_time,30974
openbmi,17,0,n25,sew_clif_equal,0,0.1787673611111111,0.8212326388888889,20594,115200,batch_x_channel_x_time,38769
openbmi,17,0,n25,sew_clif_equal,1,0.017369791666666665,0.9826302083333334,2001,115200,batch_x_channel_x_time,38769
openbmi,17,0,n25,sew_clif_equal,2,0.018472222222222223,0.9815277777777778,2128,115200,batch_x_channel_x_time,38769
openbmi,17,0,n25,sew_clif_equal,3,0.12192708333333334,0.8780729166666666,14046,115200,batch_x_channel_x_time,38769
openbmi,17,0,all,sew_clif_equal,0,0.18735243055555556,0.8126475694444444,21583,115200,batch_x_channel_x_time,40148
openbmi,17,0,all,sew_clif_equal,1,0.017022569444444444,0.9829774305555555,1961,115200,batch_x_channel_x_time,40148
openbmi,17,0,all,sew_clif_equal,2,0.018350694444444444,0.9816493055555555,2114,115200,batch_x_channel_x_time,40148
openbmi,17,0,all,sew_clif_equal,3,0.12578125,0.87421875,14490,115200,batch_x_channel_x_time,40148
openbmi,17,1,n25,sew_clif_equal,0,0.16622395833333334,0.8337760416666666,19149,115200,batch_x_channel_x_time,35997
openbmi,17,1,n25,sew_clif_equal,1,0.015833333333333335,0.9841666666666666,1824,115200,batch_x_channel_x_time,35997
openbmi,17,1,n25,sew_clif_equal,2,0.017118055555555556,0.9828819444444444,1972,115200,batch_x_channel_x_time,35997
openbmi,17,1,n25,sew_clif_equal,3,0.11329861111111111,0.8867013888888888,13052,115200,batch_x_channel_x_time,35997
openbmi,17,1,all,sew_clif_equal,0,0.1677951388888889,0.8322048611111111,19330,115200,batch_x_channel_x_time,34873
openbmi,17,1,all,sew_clif_equal,1,0.011128472222222222,0.9888715277777778,1282,115200,batch_x_channel_x_time,34873
openbmi,17,1,all,sew_clif_equal,2,0.013958333333333333,0.9860416666666667,1608,115200,batch_x_channel_x_time,34873
openbmi,17,1,all,sew_clif_equal,3,0.10983506944444445,0.8901649305555556,12653,115200,batch_x_channel_x_time,34873
openbmi,17,2,n25,sew_clif_equal,0,0.15180555555555555,0.8481944444444445,17488,115200,batch_x_channel_x_time,32951
openbmi,17,2,n25,sew_clif_equal,1,0.012986111111111111,0.9870138888888889,1496,115200,batch_x_channel_x_time,32951
openbmi,17,2,n25,sew_clif_equal,2,0.016684027777777777,0.9833159722222222,1922,115200,batch_x_channel_x_time,32951
openbmi,17,2,n25,sew_clif_equal,3,0.10455729166666666,0.8954427083333334,12045,115200,batch_x_channel_x_time,32951
openbmi,17,2,all,sew_clif_equal,0,0.17368923611111112,0.8263107638888889,20009,115200,batch_x_channel_x_time,37328
openbmi,17,2,all,sew_clif_equal,1,0.010911458333333334,0.9890885416666667,1257,115200,batch_x_channel_x_time,37328
openbmi,17,2,all,sew_clif_equal,2,0.021944444444444444,0.9780555555555556,2528,115200,batch_x_channel_x_time,37328
openbmi,17,2,all,sew_clif_equal,3,0.1174826388888889,0.8825173611111111,13534,115200,batch_x_channel_x_time,37328
openbmi,18,0,n25,sew_clif_equal,0,0.16186631944444443,0.8381336805555556,18647,115200,batch_x_channel_x_time,37125
openbmi,18,0,n25,sew_clif_equal,1,0.020008680555555554,0.9799913194444444,2305,115200,batch_x_channel_x_time,37125
openbmi,18,0,n25,sew_clif_equal,2,0.023498263888888888,0.9765017361111111,2707,115200,batch_x_channel_x_time,37125
openbmi,18,0,n25,sew_clif_equal,3,0.1168923611111111,0.8831076388888889,13466,115200,batch_x_channel_x_time,37125
openbmi,18,0,all,sew_clif_equal,0,0.15294270833333334,0.8470572916666667,17619,115200,batch_x_channel_x_time,32389
openbmi,18,0,all,sew_clif_equal,1,0.012743055555555556,0.9872569444444445,1468,115200,batch_x_channel_x_time,32389
openbmi,18,0,all,sew_clif_equal,2,0.012760416666666666,0.9872395833333333,1470,115200,batch_x_channel_x_time,32389
openbmi,18,0,all,sew_clif_equal,3,0.10270833333333333,0.8972916666666667,11832,115200,batch_x_channel_x_time,32389
openbmi,18,1,n25,sew_clif_equal,0,0.19075520833333334,0.8092447916666666,21975,115200,batch_x_channel_x_time,41250
openbmi,18,1,n25,sew_clif_equal,1,0.01787326388888889,0.9821267361111111,2059,115200,batch_x_channel_x_time,41250
openbmi,18,1,n25,sew_clif_equal,2,0.020590277777777777,0.9794097222222222,2372,115200,batch_x_channel_x_time,41250
openbmi,18,1,n25,sew_clif_equal,3,0.12885416666666666,0.8711458333333333,14844,115200,batch_x_channel_x_time,41250
openbmi,18,1,all,sew_clif_equal,0,0.182421875,0.817578125,21015,115200,batch_x_channel_x_time,38642
openbmi,18,1,all,sew_clif_equal,1,0.015729166666666666,0.9842708333333333,1812,115200,batch_x_channel_x_time,38642
openbmi,18,1,all,sew_clif_equal,2,0.016180555555555556,0.9838194444444445,1864,115200,batch_x_channel_x_time,38642
openbmi,18,1,all,sew_clif_equal,3,0.12110243055555556,0.8788975694444444,13951,115200,batch_x_channel_x_time,38642
openbmi,18,2,n25,sew_clif_equal,0,0.16033854166666667,0.8396614583333333,18471,115200,batch_x_channel_x_time,36815
openbmi,18,2,n25,sew_clif_equal,1,0.018411458333333332,0.9815885416666666,2121,115200,batch_x_channel_x_time,36815
openbmi,18,2,n25,sew_clif_equal,2,0.024878472222222222,0.9751215277777778,2866,115200,batch_x_channel_x_time,36815
openbmi,18,2,n25,sew_clif_equal,3,0.11594618055555556,0.8840538194444445,13357,115200,batch_x_channel_x_time,36815
openbmi,18,2,all,sew_clif_equal,0,0.15788194444444445,0.8421180555555555,18188,115200,batch_x_channel_x_time,36070
openbmi,18,2,all,sew_clif_equal,1,0.01839409722222222,0.9816059027777778,2119,115200,batch_x_channel_x_time,36070
openbmi,18,2,all,sew_clif_equal,2,0.022994791666666667,0.9770052083333334,2649,115200,batch_x_channel_x_time,36070
openbmi,18,2,all,sew_clif_equal,3,0.11383680555555556,0.8861631944444445,13114,115200,batch_x_channel_x_time,36070
openbmi,19,0,n25,sew_clif_equal,0,0.18464409722222222,0.8153559027777778,21271,115200,batch_x_channel_x_time,44722
openbmi,19,0,n25,sew_clif_equal,1,0.029210069444444445,0.9707899305555555,3365,115200,batch_x_channel_x_time,44722
openbmi,19,0,n25,sew_clif_equal,2,0.03529513888888889,0.9647048611111111,4066,115200,batch_x_channel_x_time,44722
openbmi,19,0,n25,sew_clif_equal,3,0.1390625,0.8609375,16020,115200,batch_x_channel_x_time,44722
openbmi,19,0,all,sew_clif_equal,0,0.18209201388888888,0.8179079861111112,20977,115200,batch_x_channel_x_time,38981
openbmi,19,0,all,sew_clif_equal,1,0.01740451388888889,0.9825954861111111,2005,115200,batch_x_channel_x_time,38981
openbmi,19,0,all,sew_clif_equal,2,0.017213541666666665,0.9827864583333333,1983,115200,batch_x_channel_x_time,38981
openbmi,19,0,all,sew_clif_equal,3,0.12166666666666667,0.8783333333333333,14016,115200,batch_x_channel_x_time,38981
openbmi,19,1,n25,sew_clif_equal,0,0.16518229166666668,0.8348177083333334,19029,115200,batch_x_channel_x_time,35794
openbmi,19,1,n25,sew_clif_equal,1,0.015876736111111112,0.9841232638888889,1829,115200,batch_x_channel_x_time,35794
openbmi,19,1,n25,sew_clif_equal,2,0.01712673611111111,0.9828732638888888,1973,115200,batch_x_channel_x_time,35794
openbmi,19,1,n25,sew_clif_equal,3,0.11252604166666667,0.8874739583333333,12963,115200,batch_x_channel_x_time,35794
openbmi,19,1,all,sew_clif_equal,0,0.15862847222222223,0.8413715277777778,18274,115200,batch_x_channel_x_time,34664
openbmi,19,1,all,sew_clif_equal,1,0.014175347222222223,0.9858246527777778,1633,115200,batch_x_channel_x_time,34664
openbmi,19,1,all,sew_clif_equal,2,0.018472222222222223,0.9815277777777778,2128,115200,batch_x_channel_x_time,34664
openbmi,19,1,all,sew_clif_equal,3,0.10962673611111111,0.8903732638888889,12629,115200,batch_x_channel_x_time,34664
openbmi,19,2,n25,sew_clif_equal,0,0.17825520833333333,0.8217447916666667,20535,115200,batch_x_channel_x_time,37806
openbmi,19,2,n25,sew_clif_equal,1,0.012039930555555555,0.9879600694444445,1387,115200,batch_x_channel_x_time,37806
openbmi,19,2,n25,sew_clif_equal,2,0.018958333333333334,0.9810416666666667,2184,115200,batch_x_channel_x_time,37806
openbmi,19,2,n25,sew_clif_equal,3,0.1189236111111111,0.8810763888888888,13700,115200,batch_x_channel_x_time,37806
openbmi,19,2,all,sew_clif_equal,0,0.16985243055555554,0.8301475694444445,19567,115200,batch_x_channel_x_time,35853
openbmi,19,2,all,sew_clif_equal,1,0.012456597222222223,0.9875434027777777,1435,115200,batch_x_channel_x_time,35853
openbmi,19,2,all,sew_clif_equal,2,0.016319444444444445,0.9836805555555556,1880,115200,batch_x_channel_x_time,35853
openbmi,19,2,all,sew_clif_equal,3,0.11259548611111111,0.8874045138888889,12971,115200,batch_x_channel_x_time,35853
openbmi,20,0,n25,sew_clif_equal,0,0.17620659722222223,0.8237934027777778,20299,115200,batch_x_channel_x_time,38608
openbmi,20,0,n25,sew_clif_equal,1,0.018168402777777776,0.9818315972222222,2093,115200,batch_x_channel_x_time,38608
openbmi,20,0,n25,sew_clif_equal,2,0.019782986111111112,0.9802170138888889,2279,115200,batch_x_channel_x_time,38608
openbmi,20,0,n25,sew_clif_equal,3,0.12098090277777777,0.8790190972222223,13937,115200,batch_x_channel_x_time,38608
openbmi,20,0,all,sew_clif_equal,0,0.15539930555555556,0.8446006944444444,17902,115200,batch_x_channel_x_time,34282
openbmi,20,0,all,sew_clif_equal,1,0.015008680555555556,0.9849913194444444,1729,115200,batch_x_channel_x_time,34282
openbmi,20,0,all,sew_clif_equal,2,0.018628472222222223,0.9813715277777778,2146,115200,batch_x_channel_x_time,34282
openbmi,20,0,all,sew_clif_equal,3,0.10855034722222222,0.8914496527777778,12505,115200,batch_x_channel_x_time,34282
openbmi,20,1,n25,sew_clif_equal,0,0.1490798611111111,0.850920138888889,17174,115200,batch_x_channel_x_time,30384
openbmi,20,1,n25,sew_clif_equal,1,0.007309027777777778,0.9926909722222222,842,115200,batch_x_channel_x_time,30384
openbmi,20,1,n25,sew_clif_equal,2,0.010607638888888889,0.9893923611111111,1222,115200,batch_x_channel_x_time,30384
openbmi,20,1,n25,sew_clif_equal,3,0.09675347222222222,0.9032465277777778,11146,115200,batch_x_channel_x_time,30384
openbmi,20,1,all,sew_clif_equal,0,0.1713888888888889,0.8286111111111111,19744,115200,batch_x_channel_x_time,37829
openbmi,20,1,all,sew_clif_equal,1,0.015737847222222223,0.9842621527777777,1813,115200,batch_x_channel_x_time,37829
openbmi,20,1,all,sew_clif_equal,2,0.02245659722222222,0.9775434027777777,2587,115200,batch_x_channel_x_time,37829
openbmi,20,1,all,sew_clif_equal,3,0.11879340277777778,0.8812065972222223,13685,115200,batch_x_channel_x_time,37829
openbmi,20,2,n25,sew_clif_equal,0,0.16685763888888888,0.8331423611111111,19222,115200,batch_x_channel_x_time,36584
openbmi,20,2,n25,sew_clif_equal,1,0.01940972222222222,0.9805902777777777,2236,115200,batch_x_channel_x_time,36584
openbmi,20,2,n25,sew_clif_equal,2,0.016354166666666666,0.9836458333333333,1884,115200,batch_x_channel_x_time,36584
openbmi,20,2,n25,sew_clif_equal,3,0.11494791666666666,0.8850520833333333,13242,115200,batch_x_channel_x_time,36584
openbmi,20,2,all,sew_clif_equal,0,0.16185763888888888,0.8381423611111112,18646,115200,batch_x_channel_x_time,34216
openbmi,20,2,all,sew_clif_equal,1,0.012664930555555556,0.9873350694444445,1459,115200,batch_x_channel_x_time,34216
openbmi,20,2,all,sew_clif_equal,2,0.014739583333333334,0.9852604166666666,1698,115200,batch_x_channel_x_time,34216
openbmi,20,2,all,sew_clif_equal,3,0.10775173611111111,0.8922482638888889,12413,115200,batch_x_channel_x_time,34216
openbmi,21,0,n25,sew_clif_equal,0,0.19698784722222223,0.8030121527777778,22693,115200,batch_x_channel_x_time,44438
openbmi,21,0,n25,sew_clif_equal,1,0.02540798611111111,0.9745920138888889,2927,115200,batch_x_channel_x_time,44438
openbmi,21,0,n25,sew_clif_equal,2,0.024921875,0.975078125,2871,115200,batch_x_channel_x_time,44438
openbmi,21,0,n25,sew_clif_equal,3,0.13842881944444443,0.8615711805555556,15947,115200,batch_x_channel_x_time,44438
openbmi,21,0,all,sew_clif_equal,0,0.20186631944444444,0.7981336805555556,23255,115200,batch_x_channel_x_time,45011
openbmi,21,0,all,sew_clif_equal,1,0.02256076388888889,0.977439236111111,2599,115200,batch_x_channel_x_time,45011
openbmi,21,0,all,sew_clif_equal,2,0.02623263888888889,0.9737673611111111,3022,115200,batch_x_channel_x_time,45011
openbmi,21,0,all,sew_clif_equal,3,0.14006076388888888,0.8599392361111111,16135,115200,batch_x_channel_x_time,45011
openbmi,21,1,n25,sew_clif_equal,0,0.20245659722222223,0.7975434027777778,23323,115200,batch_x_channel_x_time,46684
openbmi,21,1,n25,sew_clif_equal,1,0.02326388888888889,0.9767361111111111,2680,115200,batch_x_channel_x_time,46684
openbmi,21,1,n25,sew_clif_equal,2,0.03457465277777778,0.9654253472222222,3983,115200,batch_x_channel_x_time,46684
openbmi,21,1,n25,sew_clif_equal,3,0.14494791666666668,0.8550520833333333,16698,115200,batch_x_channel_x_time,46684
openbmi,21,1,all,sew_clif_equal,0,0.216484375,0.7835156249999999,24939,115200,batch_x_channel_x_time,51545
openbmi,21,1,all,sew_clif_equal,1,0.030842013888888888,0.9691579861111111,3553,115200,batch_x_channel_x_time,51545
openbmi,21,1,all,sew_clif_equal,2,0.04079861111111111,0.9592013888888888,4700,115200,batch_x_channel_x_time,51545
openbmi,21,1,all,sew_clif_equal,3,0.15931423611111112,0.8406857638888889,18353,115200,batch_x_channel_x_time,51545
openbmi,21,2,n25,sew_clif_equal,0,0.20586805555555557,0.7941319444444445,23716,115200,batch_x_channel_x_time,48226
openbmi,21,2,n25,sew_clif_equal,1,0.028880208333333334,0.9711197916666666,3327,115200,batch_x_channel_x_time,48226
openbmi,21,2,n25,sew_clif_equal,2,0.034140625,0.965859375,3933,115200,batch_x_channel_x_time,48226
openbmi,21,2,n25,sew_clif_equal,3,0.14973958333333334,0.8502604166666666,17250,115200,batch_x_channel_x_time,48226
openbmi,21,2,all,sew_clif_equal,0,0.2017621527777778,0.7982378472222222,23243,115200,batch_x_channel_x_time,44908
openbmi,21,2,all,sew_clif_equal,1,0.02521701388888889,0.9747829861111111,2905,115200,batch_x_channel_x_time,44908
openbmi,21,2,all,sew_clif_equal,2,0.023116319444444443,0.9768836805555555,2663,115200,batch_x_channel_x_time,44908
openbmi,21,2,all,sew_clif_equal,3,0.13973090277777778,0.8602690972222222,16097,115200,batch_x_channel_x_time,44908
openbmi,22,0,n25,sew_clif_equal,0,0.15512152777777777,0.8448784722222222,17870,115200,batch_x_channel_x_time,32397
openbmi,22,0,n25,sew_clif_equal,1,0.009904513888888888,0.9900954861111111,1141,115200,batch_x_channel_x_time,32397
openbmi,22,0,n25,sew_clif_equal,2,0.013255208333333334,0.9867447916666666,1527,115200,batch_x_channel_x_time,32397
openbmi,22,0,n25,sew_clif_equal,3,0.10294270833333333,0.8970572916666667,11859,115200,batch_x_channel_x_time,32397
openbmi,22,0,all,sew_clif_equal,0,0.14942708333333332,0.8505729166666667,17214,115200,batch_x_channel_x_time,30950
openbmi,22,0,all,sew_clif_equal,1,0.00953125,0.99046875,1098,115200,batch_x_channel_x_time,30950
openbmi,22,0,all,sew_clif_equal,2,0.011276041666666667,0.9887239583333334,1299,115200,batch_x_channel_x_time,30950
openbmi,22,0,all,sew_clif_equal,3,0.09842881944444444,0.9015711805555555,11339,115200,batch_x_channel_x_time,30950
openbmi,22,1,n25,sew_clif_equal,0,0.15908854166666667,0.8409114583333334,18327,115200,batch_x_channel_x_time,35595
openbmi,22,1,n25,sew_clif_equal,1,0.015685763888888888,0.9843142361111111,1807,115200,batch_x_channel_x_time,35595
openbmi,22,1,n25,sew_clif_equal,2,0.021527777777777778,0.9784722222222222,2480,115200,batch_x_channel_x_time,35595
openbmi,22,1,n25,sew_clif_equal,3,0.11268229166666667,0.8873177083333333,12981,115200,batch_x_channel_x_time,35595
openbmi,22,1,all,sew_clif_equal,0,0.1526736111111111,0.8473263888888889,17588,115200,batch_x_channel_x_time,35275
openbmi,22,1,all,sew_clif_equal,1,0.018567708333333332,0.9814322916666667,2139,115200,batch_x_channel_x_time,35275
openbmi,22,1,all,sew_clif_equal,2,0.023619791666666667,0.9763802083333333,2721,115200,batch_x_channel_x_time,35275
openbmi,22,1,all,sew_clif_equal,3,0.11134548611111111,0.8886545138888888,12827,115200,batch_x_channel_x_time,35275
openbmi,22,2,n25,sew_clif_equal,0,0.141328125,0.858671875,16281,115200,batch_x_channel_x_time,28470
openbmi,22,2,n25,sew_clif_equal,1,0.008498263888888889,0.9915017361111111,979,115200,batch_x_channel_x_time,28470
openbmi,22,2,n25,sew_clif_equal,2,0.006649305555555556,0.9933506944444445,766,115200,batch_x_channel_x_time,28470
openbmi,22,2,n25,sew_clif_equal,3,0.09065972222222222,0.9093402777777778,10444,115200,batch_x_channel_x_time,28470
openbmi,22,2,all,sew_clif_equal,0,0.14119791666666667,0.8588020833333333,16266,115200,batch_x_channel_x_time,29100
openbmi,22,2,all,sew_clif_equal,1,0.00951388888888889,0.9904861111111111,1096,115200,batch_x_channel_x_time,29100
openbmi,22,2,all,sew_clif_equal,2,0.009600694444444445,0.9903993055555556,1106,115200,batch_x_channel_x_time,29100
openbmi,22,2,all,sew_clif_equal,3,0.09229166666666666,0.9077083333333333,10632,115200,batch_x_channel_x_time,29100
openbmi,23,0,n25,sew_clif_equal,0,0.16635416666666666,0.8336458333333333,19164,115200,batch_x_channel_x_time,36450
openbmi,23,0,n25,sew_clif_equal,1,0.014973958333333334,0.9850260416666666,1725,115200,batch_x_channel_x_time,36450
openbmi,23,0,n25,sew_clif_equal,2,0.019791666666666666,0.9802083333333333,2280,115200,batch_x_channel_x_time,36450
openbmi,23,0,n25,sew_clif_equal,3,0.11528645833333333,0.8847135416666667,13281,115200,batch_x_channel_x_time,36450
openbmi,23,0,all,sew_clif_equal,0,0.173984375,0.826015625,20043,115200,batch_x_channel_x_time,38506
openbmi,23,0,all,sew_clif_equal,1,0.014288194444444444,0.9857118055555556,1646,115200,batch_x_channel_x_time,38506
openbmi,23,0,all,sew_clif_equal,2,0.024809027777777777,0.9751909722222222,2858,115200,batch_x_channel_x_time,38506
openbmi,23,0,all,sew_clif_equal,3,0.121171875,0.878828125,13959,115200,batch_x_channel_x_time,38506
openbmi,23,1,n25,sew_clif_equal,0,0.17914930555555555,0.8208506944444445,20638,115200,batch_x_channel_x_time,39117
openbmi,23,1,n25,sew_clif_equal,1,0.016857638888888887,0.9831423611111111,1942,115200,batch_x_channel_x_time,39117
openbmi,23,1,n25,sew_clif_equal,2,0.02035590277777778,0.9796440972222222,2345,115200,batch_x_channel_x_time,39117
openbmi,23,1,n25,sew_clif_equal,3,0.12319444444444444,0.8768055555555556,14192,115200,batch_x_channel_x_time,39117
openbmi,23,1,all,sew_clif_equal,0,0.1859809027777778,0.8140190972222222,21425,115200,batch_x_channel_x_time,39027
openbmi,23,1,all,sew_clif_equal,1,0.014296875,0.985703125,1647,115200,batch_x_channel_x_time,39027
openbmi,23,1,all,sew_clif_equal,2,0.015234375,0.984765625,1755,115200,batch_x_channel_x_time,39027
openbmi,23,1,all,sew_clif_equal,3,0.1232638888888889,0.8767361111111112,14200,115200,batch_x_channel_x_time,39027
openbmi,23,2,n25,sew_clif_equal,0,0.16621527777777778,0.8337847222222222,19148,115200,batch_x_channel_x_time,35362
openbmi,23,2,n25,sew_clif_equal,1,0.014574652777777778,0.9854253472222222,1679,115200,batch_x_channel_x_time,35362
openbmi,23,2,n25,sew_clif_equal,2,0.014461805555555556,0.9855381944444445,1666,115200,batch_x_channel_x_time,35362
openbmi,23,2,n25,sew_clif_equal,3,0.11171006944444445,0.8882899305555556,12869,115200,batch_x_channel_x_time,35362
openbmi,23,2,all,sew_clif_equal,0,0.17891493055555555,0.8210850694444445,20611,115200,batch_x_channel_x_time,38552
openbmi,23,2,all,sew_clif_equal,1,0.016744791666666668,0.9832552083333334,1929,115200,batch_x_channel_x_time,38552
openbmi,23,2,all,sew_clif_equal,2,0.017829861111111112,0.9821701388888889,2054,115200,batch_x_channel_x_time,38552
openbmi,23,2,all,sew_clif_equal,3,0.12116319444444444,0.8788368055555555,13958,115200,batch_x_channel_x_time,38552
openbmi,24,0,n25,sew_clif_equal,0,0.15368055555555554,0.8463194444444444,17704,115200,batch_x_channel_x_time,32304
openbmi,24,0,n25,sew_clif_equal,1,0.009305555555555555,0.9906944444444444,1072,115200,batch_x_channel_x_time,32304
openbmi,24,0,n25,sew_clif_equal,2,0.015277777777777777,0.9847222222222223,1760,115200,batch_x_channel_x_time,32304
openbmi,24,0,n25,sew_clif_equal,3,0.10215277777777777,0.8978472222222222,11768,115200,batch_x_channel_x_time,32304
openbmi,24,0,all,sew_clif_equal,0,0.1537673611111111,0.8462326388888889,17714,115200,batch_x_channel_x_time,31887
openbmi,24,0,all,sew_clif_equal,1,0.010980902777777777,0.9890190972222223,1265,115200,batch_x_channel_x_time,31887
openbmi,24,0,all,sew_clif_equal,2,0.011397569444444445,0.9886024305555555,1313,115200,batch_x_channel_x_time,31887
openbmi,24,0,all,sew_clif_equal,3,0.10065104166666666,0.8993489583333334,11595,115200,batch_x_channel_x_time,31887
openbmi,24,1,n25,sew_clif_equal,0,0.15755208333333334,0.8424479166666666,18150,115200,batch_x_channel_x_time,33849
openbmi,24,1,n25,sew_clif_equal,1,0.0121875,0.9878125,1404,115200,batch_x_channel_x_time,33849
openbmi,24,1,n25,sew_clif_equal,2,0.017309027777777777,0.9826909722222222,1994,115200,batch_x_channel_x_time,33849
openbmi,24,1,n25,sew_clif_equal,3,0.10677951388888889,0.8932204861111112,12301,115200,batch_x_channel_x_time,33849
openbmi,24,1,all,sew_clif_equal,0,0.17151909722222222,0.8284809027777778,19759,115200,batch_x_channel_x_time,37405
openbmi,24,1,all,sew_clif_equal,1,0.016527777777777777,0.9834722222222222,1904,115200,batch_x_channel_x_time,37405
openbmi,24,1,all,sew_clif_equal,2,0.019036458333333332,0.9809635416666667,2193,115200,batch_x_channel_x_time,37405
openbmi,24,1,all,sew_clif_equal,3,0.11761284722222222,0.8823871527777778,13549,115200,batch_x_channel_x_time,37405
openbmi,24,2,n25,sew_clif_equal,0,0.160859375,0.839140625,18531,115200,batch_x_channel_x_time,34925
openbmi,24,2,n25,sew_clif_equal,1,0.015486111111111112,0.9845138888888889,1784,115200,batch_x_channel_x_time,34925
openbmi,24,2,n25,sew_clif_equal,2,0.01644097222222222,0.9835590277777778,1894,115200,batch_x_channel_x_time,34925
openbmi,24,2,n25,sew_clif_equal,3,0.11038194444444445,0.8896180555555555,12716,115200,batch_x_channel_x_time,34925
openbmi,24,2,all,sew_clif_equal,0,0.15846354166666668,0.8415364583333333,18255,115200,batch_x_channel_x_time,33229
openbmi,24,2,all,sew_clif_equal,1,0.013055555555555556,0.9869444444444444,1504,115200,batch_x_channel_x_time,33229
openbmi,24,2,all,sew_clif_equal,2,0.012065972222222223,0.9879340277777777,1390,115200,batch_x_channel_x_time,33229
openbmi,24,2,all,sew_clif_equal,3,0.10486111111111111,0.8951388888888889,12080,115200,batch_x_channel_x_time,33229
openbmi,25,0,n25,sew_clif_equal,0,0.14473958333333334,0.8552604166666666,16674,115200,batch_x_channel_x_time,30849
openbmi,25,0,n25,sew_clif_equal,1,0.010277777777777778,0.9897222222222222,1184,115200,batch_x_channel_x_time,30849
openbmi,25,0,n25,sew_clif_equal,2,0.014557291666666666,0.9854427083333334,1677,115200,batch_x_channel_x_time,30849
openbmi,25,0,n25,sew_clif_equal,3,0.09821180555555556,0.9017881944444445,11314,115200,batch_x_channel_x_time,30849
openbmi,25,0,all,sew_clif_equal,0,0.16106770833333334,0.8389322916666666,18555,115200,batch_x_channel_x_time,36360
openbmi,25,0,all,sew_clif_equal,1,0.017708333333333333,0.9822916666666667,2040,115200,batch_x_channel_x_time,36360
openbmi,25,0,all,sew_clif_equal,2,0.02197048611111111,0.9780295138888889,2531,115200,batch_x_channel_x_time,36360
openbmi,25,0,all,sew_clif_equal,3,0.11487847222222222,0.8851215277777778,13234,115200,batch_x_channel_x_time,36360
openbmi,25,1,n25,sew_clif_equal,0,0.14208333333333334,0.8579166666666667,16368,115200,batch_x_channel_x_time,31096
openbmi,25,1,n25,sew_clif_equal,1,0.012118055555555556,0.9878819444444444,1396,115200,batch_x_channel_x_time,31096
openbmi,25,1,n25,sew_clif_equal,2,0.016692708333333334,0.9833072916666666,1923,115200,batch_x_channel_x_time,31096
openbmi,25,1,n25,sew_clif_equal,3,0.09903645833333333,0.9009635416666667,11409,115200,batch_x_channel_x_time,31096
openbmi,25,1,all,sew_clif_equal,0,0.16432291666666668,0.8356770833333333,18930,115200,batch_x_channel_x_time,37613
openbmi,25,1,all,sew_clif_equal,1,0.02037326388888889,0.9796267361111111,2347,115200,batch_x_channel_x_time,37613
openbmi,25,1,all,sew_clif_equal,2,0.023480902777777778,0.9765190972222222,2705,115200,batch_x_channel_x_time,37613
openbmi,25,1,all,sew_clif_equal,3,0.11832465277777778,0.8816753472222222,13631,115200,batch_x_channel_x_time,37613
openbmi,25,2,n25,sew_clif_equal,0,0.18334201388888888,0.8166579861111112,21121,115200,batch_x_channel_x_time,45970
openbmi,25,2,n25,sew_clif_equal,1,0.03138888888888889,0.9686111111111111,3616,115200,batch_x_channel_x_time,45970
openbmi,25,2,n25,sew_clif_equal,2,0.04060763888888889,0.9593923611111111,4678,115200,batch_x_channel_x_time,45970
openbmi,25,2,n25,sew_clif_equal,3,0.14370659722222223,0.8562934027777778,16555,115200,batch_x_channel_x_time,45970
openbmi,25,2,all,sew_clif_equal,0,0.17403645833333334,0.8259635416666666,20049,115200,batch_x_channel_x_time,41715
openbmi,25,2,all,sew_clif_equal,1,0.024956597222222224,0.9750434027777778,2875,115200,batch_x_channel_x_time,41715
openbmi,25,2,all,sew_clif_equal,2,0.032109375,0.967890625,3699,115200,batch_x_channel_x_time,41715
openbmi,25,2,all,sew_clif_equal,3,0.13100694444444444,0.8689930555555556,15092,115200,batch_x_channel_x_time,41715
openbmi,26,0,n25,sew_clif_equal,0,0.15327256944444445,0.8467274305555555,17657,115200,batch_x_channel_x_time,32827
openbmi,26,0,n25,sew_clif_equal,1,0.011744791666666667,0.9882552083333334,1353,115200,batch_x_channel_x_time,32827
openbmi,26,0,n25,sew_clif_equal,2,0.015807291666666667,0.9841927083333333,1821,115200,batch_x_channel_x_time,32827
openbmi,26,0,n25,sew_clif_equal,3,0.10413194444444444,0.8958680555555556,11996,115200,batch_x_channel_x_time,32827
openbmi,26,0,all,sew_clif_equal,0,0.15944444444444444,0.8405555555555555,18368,115200,batch_x_channel_x_time,34402
openbmi,26,0,all,sew_clif_equal,1,0.014123263888888888,0.9858767361111112,1627,115200,batch_x_channel_x_time,34402
openbmi,26,0,all,sew_clif_equal,2,0.01642361111111111,0.9835763888888889,1892,115200,batch_x_channel_x_time,34402
openbmi,26,0,all,sew_clif_equal,3,0.10863715277777777,0.8913628472222223,12515,115200,batch_x_channel_x_time,34402
openbmi,26,1,n25,sew_clif_equal,0,0.14754340277777778,0.8524565972222222,16997,115200,batch_x_channel_x_time,31147
openbmi,26,1,n25,sew_clif_equal,1,0.010529513888888889,0.9894704861111111,1213,115200,batch_x_channel_x_time,31147
openbmi,26,1,n25,sew_clif_equal,2,0.012795138888888889,0.9872048611111112,1474,115200,batch_x_channel_x_time,31147
openbmi,26,1,n25,sew_clif_equal,3,0.09950520833333333,0.9004947916666667,11463,115200,batch_x_channel_x_time,31147
openbmi,26,1,all,sew_clif_equal,0,0.1511545138888889,0.8488454861111111,17413,115200,batch_x_channel_x_time,33256
openbmi,26,1,all,sew_clif_equal,1,0.015364583333333333,0.9846354166666667,1770,115200,batch_x_channel_x_time,33256
openbmi,26,1,all,sew_clif_equal,2,0.016640625,0.983359375,1917,115200,batch_x_channel_x_time,33256
openbmi,26,1,all,sew_clif_equal,3,0.10552083333333333,0.8944791666666667,12156,115200,batch_x_channel_x_time,33256
openbmi,26,2,n25,sew_clif_equal,0,0.154453125,0.845546875,17793,115200,batch_x_channel_x_time,33056
openbmi,26,2,n25,sew_clif_equal,1,0.012612847222222221,0.9873871527777778,1453,115200,batch_x_channel_x_time,33056
openbmi,26,2,n25,sew_clif_equal,2,0.014861111111111111,0.9851388888888889,1712,115200,batch_x_channel_x_time,33056
openbmi,26,2,n25,sew_clif_equal,3,0.10501736111111111,0.8949826388888888,12098,115200,batch_x_channel_x_time,33056
openbmi,26,2,all,sew_clif_equal,0,0.17688368055555556,0.8231163194444444,20377,115200,batch_x_channel_x_time,38875
openbmi,26,2,all,sew_clif_equal,1,0.018315972222222223,0.9816840277777777,2110,115200,batch_x_channel_x_time,38875
openbmi,26,2,all,sew_clif_equal,2,0.02020833333333333,0.9797916666666666,2328,115200,batch_x_channel_x_time,38875
openbmi,26,2,all,sew_clif_equal,3,0.12204861111111111,0.8779513888888889,14060,115200,batch_x_channel_x_time,38875
openbmi,27,0,n25,sew_clif_equal,0,0.1428472222222222,0.8571527777777778,16456,115200,batch_x_channel_x_time,28873
openbmi,27,0,n25,sew_clif_equal,1,0.006831597222222222,0.9931684027777777,787,115200,batch_x_channel_x_time,28873
openbmi,27,0,n25,sew_clif_equal,2,0.008619791666666666,0.9913802083333333,993,115200,batch_x_channel_x_time,28873
openbmi,27,0,n25,sew_clif_equal,3,0.09233506944444445,0.9076649305555555,10637,115200,batch_x_channel_x_time,28873
openbmi,27,0,all,sew_clif_equal,0,0.1544704861111111,0.8455295138888889,17795,115200,batch_x_channel_x_time,32147
openbmi,27,0,all,sew_clif_equal,1,0.010442708333333333,0.9895572916666666,1203,115200,batch_x_channel_x_time,32147
openbmi,27,0,all,sew_clif_equal,2,0.011875,0.988125,1368,115200,batch_x_channel_x_time,32147
openbmi,27,0,all,sew_clif_equal,3,0.102265625,0.897734375,11781,115200,batch_x_channel_x_time,32147
openbmi,27,1,n25,sew_clif_equal,0,0.16181423611111112,0.8381857638888889,18641,115200,batch_x_channel_x_time,33839
openbmi,27,1,n25,sew_clif_equal,1,0.012960069444444444,0.9870399305555555,1493,115200,batch_x_channel_x_time,33839
openbmi,27,1,n25,sew_clif_equal,2,0.01189236111111111,0.9881076388888889,1370,115200,batch_x_channel_x_time,33839
openbmi,27,1,n25,sew_clif_equal,3,0.10707465277777778,0.8929253472222223,12335,115200,batch_x_channel_x_time,33839
openbmi,27,1,all,sew_clif_equal,0,0.18003472222222222,0.8199652777777777,20740,115200,batch_x_channel_x_time,40825
openbmi,27,1,all,sew_clif_equal,1,0.021710069444444445,0.9782899305555556,2501,115200,batch_x_channel_x_time,40825
openbmi,27,1,all,sew_clif_equal,2,0.024826388888888887,0.9751736111111111,2860,115200,batch_x_channel_x_time,40825
openbmi,27,1,all,sew_clif_equal,3,0.1278125,0.8721875,14724,115200,batch_x_channel_x_time,40825
openbmi,27,2,n25,sew_clif_equal,0,0.1622048611111111,0.8377951388888889,18686,115200,batch_x_channel_x_time,36140
openbmi,27,2,n25,sew_clif_equal,1,0.018046875,0.981953125,2079,115200,batch_x_channel_x_time,36140
openbmi,27,2,n25,sew_clif_equal,2,0.019227430555555557,0.9807725694444445,2215,115200,batch_x_channel_x_time,36140
openbmi,27,2,n25,sew_clif_equal,3,0.11423611111111111,0.8857638888888889,13160,115200,batch_x_channel_x_time,36140
openbmi,27,2,all,sew_clif_equal,0,0.16978298611111112,0.8302170138888889,19559,115200,batch_x_channel_x_time,40133
openbmi,27,2,all,sew_clif_equal,1,0.025347222222222222,0.9746527777777778,2920,115200,batch_x_channel_x_time,40133
openbmi,27,2,all,sew_clif_equal,2,0.026918402777777777,0.9730815972222222,3101,115200,batch_x_channel_x_time,40133
openbmi,27,2,all,sew_clif_equal,3,0.126328125,0.873671875,14553,115200,batch_x_channel_x_time,40133
openbmi,28,0,n25,sew_clif_equal,0,0.16080729166666666,0.8391927083333334,18525,115200,batch_x_channel_x_time,34263
openbmi,28,0,n25,sew_clif_equal,1,0.013211805555555555,0.9867881944444444,1522,115200,batch_x_channel_x_time,34263
openbmi,28,0,n25,sew_clif_equal,2,0.014947916666666667,0.9850520833333334,1722,115200,batch_x_channel_x_time,34263
openbmi,28,0,n25,sew_clif_equal,3,0.1084548611111111,0.8915451388888889,12494,115200,batch_x_channel_x_time,34263
openbmi,28,0,all,sew_clif_equal,0,0.18388020833333332,0.8161197916666667,21183,115200,batch_x_channel_x_time,41145
openbmi,28,0,all,sew_clif_equal,1,0.018125,0.981875,2088,115200,batch_x_channel_x_time,41145
openbmi,28,0,all,sew_clif_equal,2,0.025980902777777776,0.9740190972222222,2993,115200,batch_x_channel_x_time,41145
openbmi,28,0,all,sew_clif_equal,3,0.1291753472222222,0.8708246527777778,14881,115200,batch_x_channel_x_time,41145
openbmi,28,1,n25,sew_clif_equal,0,0.18086805555555555,0.8191319444444445,20836,115200,batch_x_channel_x_time,39903
openbmi,28,1,n25,sew_clif_equal,1,0.016336805555555556,0.9836631944444445,1882,115200,batch_x_channel_x_time,39903
openbmi,28,1,n25,sew_clif_equal,2,0.023645833333333335,0.9763541666666666,2724,115200,batch_x_channel_x_time,39903
openbmi,28,1,n25,sew_clif_equal,3,0.1255295138888889,0.8744704861111111,14461,115200,batch_x_channel_x_time,39903
openbmi,28,1,all,sew_clif_equal,0,0.18145833333333333,0.8185416666666667,20904,115200,batch_x_channel_x_time,39202
openbmi,28,1,all,sew_clif_equal,1,0.015234375,0.984765625,1755,115200,batch_x_channel_x_time,39202
openbmi,28,1,all,sew_clif_equal,2,0.020399305555555556,0.9796006944444444,2350,115200,batch_x_channel_x_time,39202
openbmi,28,1,all,sew_clif_equal,3,0.123203125,0.876796875,14193,115200,batch_x_channel_x_time,39202
openbmi,28,2,n25,sew_clif_equal,0,0.16165798611111112,0.8383420138888888,18623,115200,batch_x_channel_x_time,34188
openbmi,28,2,n25,sew_clif_equal,1,0.010885416666666667,0.9891145833333334,1254,115200,batch_x_channel_x_time,34188
openbmi,28,2,n25,sew_clif_equal,2,0.016241319444444444,0.9837586805555556,1871,115200,batch_x_channel_x_time,34188
openbmi,28,2,n25,sew_clif_equal,3,0.10798611111111112,0.8920138888888889,12440,115200,batch_x_channel_x_time,34188
openbmi,28,2,all,sew_clif_equal,0,0.1713888888888889,0.8286111111111111,19744,115200,batch_x_channel_x_time,37425
openbmi,28,2,all,sew_clif_equal,1,0.015581597222222222,0.9844184027777778,1795,115200,batch_x_channel_x_time,37425
openbmi,28,2,all,sew_clif_equal,2,0.020104166666666666,0.9798958333333333,2316,115200,batch_x_channel_x_time,37425
openbmi,28,2,all,sew_clif_equal,3,0.11779513888888889,0.8822048611111111,13570,115200,batch_x_channel_x_time,37425
openbmi,29,0,n25,sew_clif_equal,0,0.1759982638888889,0.8240017361111112,20275,115200,batch_x_channel_x_time,37332
openbmi,29,0,n25,sew_clif_equal,1,0.014210069444444445,0.9857899305555555,1637,115200,batch_x_channel_x_time,37332
openbmi,29,0,n25,sew_clif_equal,2,0.016640625,0.983359375,1917,115200,batch_x_channel_x_time,37332
openbmi,29,0,n25,sew_clif_equal,3,0.11721354166666667,0.8827864583333334,13503,115200,batch_x_channel_x_time,37332
openbmi,29,0,all,sew_clif_equal,0,0.1863628472222222,0.8136371527777778,21469,115200,batch_x_channel_x_time,38771
openbmi,29,0,all,sew_clif_equal,1,0.013723958333333333,0.9862760416666667,1581,115200,batch_x_channel_x_time,38771
openbmi,29,0,all,sew_clif_equal,2,0.015277777777777777,0.9847222222222223,1760,115200,batch_x_channel_x_time,38771
openbmi,29,0,all,sew_clif_equal,3,0.12118923611111111,0.8788107638888889,13961,115200,batch_x_channel_x_time,38771
openbmi,29,1,n25,sew_clif_equal,0,0.17152777777777778,0.8284722222222223,19760,115200,batch_x_channel_x_time,37162
openbmi,29,1,n25,sew_clif_equal,1,0.01754340277777778,0.9824565972222222,2021,115200,batch_x_channel_x_time,37162
openbmi,29,1,n25,sew_clif_equal,2,0.016944444444444446,0.9830555555555556,1952,115200,batch_x_channel_x_time,37162
openbmi,29,1,n25,sew_clif_equal,3,0.11657118055555556,0.8834288194444444,13429,115200,batch_x_channel_x_time,37162
openbmi,29,1,all,sew_clif_equal,0,0.17537326388888888,0.8246267361111111,20203,115200,batch_x_channel_x_time,39138
openbmi,29,1,all,sew_clif_equal,1,0.02098090277777778,0.9790190972222222,2417,115200,batch_x_channel_x_time,39138
openbmi,29,1,all,sew_clif_equal,2,0.020928819444444444,0.9790711805555555,2411,115200,batch_x_channel_x_time,39138
openbmi,29,1,all,sew_clif_equal,3,0.12245659722222223,0.8775434027777778,14107,115200,batch_x_channel_x_time,39138
openbmi,29,2,n25,sew_clif_equal,0,0.20901041666666667,0.7909895833333334,24078,115200,batch_x_channel_x_time,44463
openbmi,29,2,n25,sew_clif_equal,1,0.019557291666666667,0.9804427083333334,2253,115200,batch_x_channel_x_time,44463
openbmi,29,2,n25,sew_clif_equal,2,0.019253472222222224,0.9807465277777778,2218,115200,batch_x_channel_x_time,44463
openbmi,29,2,n25,sew_clif_equal,3,0.1381423611111111,0.8618576388888889,15914,115200,batch_x_channel_x_time,44463
openbmi,29,2,all,sew_clif_equal,0,0.1704513888888889,0.8295486111111111,19636,115200,batch_x_channel_x_time,35957
openbmi,29,2,all,sew_clif_equal,1,0.015581597222222222,0.9844184027777778,1795,115200,batch_x_channel_x_time,35957
openbmi,29,2,all,sew_clif_equal,2,0.01342013888888889,0.9865798611111111,1546,115200,batch_x_channel_x_time,35957
openbmi,29,2,all,sew_clif_equal,3,0.11267361111111111,0.8873263888888889,12980,115200,batch_x_channel_x_time,35957
openbmi,30,0,n25,sew_clif_equal,0,0.15721354166666668,0.8427864583333333,18111,115200,batch_x_channel_x_time,34040
openbmi,30,0,n25,sew_clif_equal,1,0.011875,0.988125,1368,115200,batch_x_channel_x_time,34040
openbmi,30,0,n25,sew_clif_equal,2,0.01855034722222222,0.9814496527777777,2137,115200,batch_x_channel_x_time,34040
openbmi,30,0,n25,sew_clif_equal,3,0.10784722222222222,0.8921527777777778,12424,115200,batch_x_channel_x_time,34040
openbmi,30,0,all,sew_clif_equal,0,0.15794270833333332,0.8420572916666667,18195,115200,batch_x_channel_x_time,32758
openbmi,30,0,all,sew_clif_equal,1,0.008116319444444445,0.9918836805555555,935,115200,batch_x_channel_x_time,32758
openbmi,30,0,all,sew_clif_equal,2,0.014722222222222222,0.9852777777777778,1696,115200,batch_x_channel_x_time,32758
openbmi,30,0,all,sew_clif_equal,3,0.10357638888888888,0.8964236111111111,11932,115200,batch_x_channel_x_time,32758
openbmi,30,1,n25,sew_clif_equal,0,0.15622395833333333,0.8437760416666666,17997,115200,batch_x_channel_x_time,32442
openbmi,30,1,n25,sew_clif_equal,1,0.011380208333333334,0.9886197916666667,1311,115200,batch_x_channel_x_time,32442
openbmi,30,1,n25,sew_clif_equal,2,0.010729166666666666,0.9892708333333333,1236,115200,batch_x_channel_x_time,32442
openbmi,30,1,n25,sew_clif_equal,3,0.10328125,0.89671875,11898,115200,batch_x_channel_x_time,32442
openbmi,30,1,all,sew_clif_equal,0,0.15746527777777777,0.8425347222222223,18140,115200,batch_x_channel_x_time,32489
openbmi,30,1,all,sew_clif_equal,1,0.011006944444444444,0.9889930555555555,1268,115200,batch_x_channel_x_time,32489
openbmi,30,1,all,sew_clif_equal,2,0.010546875,0.989453125,1215,115200,batch_x_channel_x_time,32489
openbmi,30,1,all,sew_clif_equal,3,0.10300347222222223,0.8969965277777778,11866,115200,batch_x_channel_x_time,32489
openbmi,30,2,n25,sew_clif_equal,0,0.16580729166666666,0.8341927083333334,19101,115200,batch_x_channel_x_time,34405
openbmi,30,2,n25,sew_clif_equal,1,0.009809027777777778,0.9901909722222222,1130,115200,batch_x_channel_x_time,34405
openbmi,30,2,n25,sew_clif_equal,2,0.014539930555555556,0.9854600694444444,1675,115200,batch_x_channel_x_time,34405
openbmi,30,2,n25,sew_clif_equal,3,0.10849826388888889,0.891501736111111,12499,115200,batch_x_channel_x_time,34405
openbmi,30,2,all,sew_clif_equal,0,0.15769965277777778,0.8423003472222222,18167,115200,batch_x_channel_x_time,32415
openbmi,30,2,all,sew_clif_equal,1,0.009053819444444444,0.9909461805555555,1043,115200,batch_x_channel_x_time,32415
openbmi,30,2,all,sew_clif_equal,2,0.012317708333333333,0.9876822916666667,1419,115200,batch_x_channel_x_time,32415
openbmi,30,2,all,sew_clif_equal,3,0.10230902777777778,0.8976909722222222,11786,115200,batch_x_channel_x_time,32415
openbmi,31,0,n25,sew_clif_equal,0,0.1485329861111111,0.8514670138888889,17111,115200,batch_x_channel_x_time,30559
openbmi,31,0,n25,sew_clif_equal,1,0.010503472222222223,0.9894965277777777,1210,115200,batch_x_channel_x_time,30559
openbmi,31,0,n25,sew_clif_equal,2,0.009088541666666667,0.9909114583333334,1047,115200,batch_x_channel_x_time,30559
openbmi,31,0,n25,sew_clif_equal,3,0.09714409722222223,0.9028559027777778,11191,115200,batch_x_channel_x_time,30559
openbmi,31,0,all,sew_clif_equal,0,0.15090277777777777,0.8490972222222222,17384,115200,batch_x_channel_x_time,33356
openbmi,31,0,all,sew_clif_equal,1,0.016189236111111113,0.9838107638888889,1865,115200,batch_x_channel_x_time,33356
openbmi,31,0,all,sew_clif_equal,2,0.016831597222222223,0.9831684027777777,1939,115200,batch_x_channel_x_time,33356
openbmi,31,0,all,sew_clif_equal,3,0.105625,0.894375,12168,115200,batch_x_channel_x_time,33356
openbmi,31,1,n25,sew_clif_equal,0,0.1705295138888889,0.8294704861111111,19645,115200,batch_x_channel_x_time,35738
openbmi,31,1,n25,sew_clif_equal,1,0.01171875,0.98828125,1350,115200,batch_x_channel_x_time,35738
openbmi,31,1,n25,sew_clif_equal,2,0.015555555555555555,0.9844444444444445,1792,115200,batch_x_channel_x_time,35738
openbmi,31,1,n25,sew_clif_equal,3,0.112421875,0.887578125,12951,115200,batch_x_channel_x_time,35738
openbmi,31,1,all,sew_clif_equal,0,0.16306423611111112,0.8369357638888889,18785,115200,batch_x_channel_x_time,34926
openbmi,31,1,all,sew_clif_equal,1,0.014357638888888889,0.9856423611111111,1654,115200,batch_x_channel_x_time,34926
openbmi,31,1,all,sew_clif_equal,2,0.015190972222222222,0.9848090277777778,1750,115200,batch_x_channel_x_time,34926
openbmi,31,1,all,sew_clif_equal,3,0.11056423611111112,0.8894357638888889,12737,115200,batch_x_channel_x_time,34926
openbmi,31,2,n25,sew_clif_equal,0,0.170625,0.829375,19656,115200,batch_x_channel_x_time,37618
openbmi,31,2,n25,sew_clif_equal,1,0.016371527777777777,0.9836284722222223,1886,115200,batch_x_channel_x_time,37618
openbmi,31,2,n25,sew_clif_equal,2,0.021432291666666665,0.9785677083333333,2469,115200,batch_x_channel_x_time,37618
openbmi,31,2,n25,sew_clif_equal,3,0.11811631944444445,0.8818836805555555,13607,115200,batch_x_channel_x_time,37618
openbmi,31,2,all,sew_clif_equal,0,0.1512673611111111,0.848732638888889,17426,115200,batch_x_channel_x_time,32599
openbmi,31,2,all,sew_clif_equal,1,0.011840277777777778,0.9881597222222223,1364,115200,batch_x_channel_x_time,32599
openbmi,31,2,all,sew_clif_equal,2,0.016822916666666667,0.9831770833333333,1938,115200,batch_x_channel_x_time,32599
openbmi,31,2,all,sew_clif_equal,3,0.103046875,0.896953125,11871,115200,batch_x_channel_x_time,32599
openbmi,32,0,n25,sew_clif_equal,0,0.19448784722222223,0.8055121527777778,22405,115200,batch_x_channel_x_time,42130
openbmi,32,0,n25,sew_clif_equal,1,0.018003472222222223,0.9819965277777778,2074,115200,batch_x_channel_x_time,42130
openbmi,32,0,n25,sew_clif_equal,2,0.021397569444444445,0.9786024305555555,2465,115200,batch_x_channel_x_time,42130
openbmi,32,0,n25,sew_clif_equal,3,0.13182291666666668,0.8681770833333333,15186,115200,batch_x_channel_x_time,42130
openbmi,32,0,all,sew_clif_equal,0,0.17993923611111112,0.8200607638888888,20729,115200,batch_x_channel_x_time,38070
openbmi,32,0,all,sew_clif_equal,1,0.01546875,0.98453125,1782,115200,batch_x_channel_x_time,38070
openbmi,32,0,all,sew_clif_equal,2,0.015338541666666667,0.9846614583333333,1767,115200,batch_x_channel_x_time,38070
openbmi,32,0,all,sew_clif_equal,3,0.11972222222222222,0.8802777777777778,13792,115200,batch_x_channel_x_time,38070
openbmi,32,1,n25,sew_clif_equal,0,0.17155381944444445,0.8284461805555555,19763,115200,batch_x_channel_x_time,35666
openbmi,32,1,n25,sew_clif_equal,1,0.011710069444444445,0.9882899305555556,1349,115200,batch_x_channel_x_time,35666
openbmi,32,1,n25,sew_clif_equal,2,0.013784722222222223,0.9862152777777777,1588,115200,batch_x_channel_x_time,35666
openbmi,32,1,n25,sew_clif_equal,3,0.11255208333333333,0.8874479166666667,12966,115200,batch_x_channel_x_time,35666
openbmi,32,1,all,sew_clif_equal,0,0.1875173611111111,0.8124826388888888,21602,115200,batch_x_channel_x_time,40345
openbmi,32,1,all,sew_clif_equal,1,0.016666666666666666,0.9833333333333333,1920,115200,batch_x_channel_x_time,40345
openbmi,32,1,all,sew_clif_equal,2,0.019939236111111112,0.9800607638888889,2297,115200,batch_x_channel_x_time,40345
openbmi,32,1,all,sew_clif_equal,3,0.12609375,0.87390625,14526,115200,batch_x_channel_x_time,40345
openbmi,32,2,n25,sew_clif_equal,0,0.20202256944444444,0.7979774305555556,23273,115200,batch_x_channel_x_time,47137
openbmi,32,2,n25,sew_clif_equal,1,0.026909722222222224,0.9730902777777778,3100,115200,batch_x_channel_x_time,47137
openbmi,32,2,n25,sew_clif_equal,2,0.033532986111111114,0.9664670138888889,3863,115200,batch_x_channel_x_time,47137
openbmi,32,2,n25,sew_clif_equal,3,0.14671006944444445,0.8532899305555556,16901,115200,batch_x_channel_x_time,47137
openbmi,32,2,all,sew_clif_equal,0,0.1972048611111111,0.8027951388888889,22718,115200,batch_x_channel_x_time,45085
openbmi,32,2,all,sew_clif_equal,1,0.023689236111111112,0.9763107638888889,2729,115200,batch_x_channel_x_time,45085
openbmi,32,2,all,sew_clif_equal,2,0.03011284722222222,0.9698871527777778,3469,115200,batch_x_channel_x_time,45085
openbmi,32,2,all,sew_clif_equal,3,0.1403559027777778,0.8596440972222222,16169,115200,batch_x_channel_x_time,45085
openbmi,33,0,n25,sew_clif_equal,0,0.16967881944444443,0.8303211805555556,19547,115200,batch_x_channel_x_time,36630
openbmi,33,0,n25,sew_clif_equal,1,0.014027777777777778,0.9859722222222222,1616,115200,batch_x_channel_x_time,36630
openbmi,33,0,n25,sew_clif_equal,2,0.019071180555555556,0.9809288194444444,2197,115200,batch_x_channel_x_time,36630
openbmi,33,0,n25,sew_clif_equal,3,0.11519097222222222,0.8848090277777778,13270,115200,batch_x_channel_x_time,36630
openbmi,33,0,all,sew_clif_equal,0,0.17871527777777776,0.8212847222222223,20588,115200,batch_x_channel_x_time,38835
openbmi,33,0,all,sew_clif_equal,1,0.01628472222222222,0.9837152777777778,1876,115200,batch_x_channel_x_time,38835
openbmi,33,0,all,sew_clif_equal,2,0.020434027777777777,0.9795659722222222,2354,115200,batch_x_channel_x_time,38835
openbmi,33,0,all,sew_clif_equal,3,0.12167534722222222,0.8783246527777778,14017,115200,batch_x_channel_x_time,38835
openbmi,33,1,n25,sew_clif_equal,0,0.1935329861111111,0.8064670138888889,22295,115200,batch_x_channel_x_time,44134
openbmi,33,1,n25,sew_clif_equal,1,0.024210069444444444,0.9757899305555555,2789,115200,batch_x_channel_x_time,44134
openbmi,33,1,n25,sew_clif_equal,2,0.027907986111111113,0.9720920138888889,3215,115200,batch_x_channel_x_time,44134
openbmi,33,1,n25,sew_clif_equal,3,0.13745659722222223,0.8625434027777777,15835,115200,batch_x_channel_x_time,44134
openbmi,33,1,all,sew_clif_equal,0,0.19599826388888889,0.8040017361111111,22579,115200,batch_x_channel_x_time,44356
openbmi,33,1,all,sew_clif_equal,1,0.02342013888888889,0.9765798611111111,2698,115200,batch_x_channel_x_time,44356
openbmi,33,1,all,sew_clif_equal,2,0.02734375,0.97265625,3150,115200,batch_x_channel_x_time,44356
openbmi,33,1,all,sew_clif_equal,3,0.13827256944444444,0.8617274305555556,15929,115200,batch_x_channel_x_time,44356
openbmi,33,2,n25,sew_clif_equal,0,0.1799045138888889,0.8200954861111112,20725,115200,batch_x_channel_x_time,40993
openbmi,33,2,n25,sew_clif_equal,1,0.022473958333333332,0.9775260416666667,2589,115200,batch_x_channel_x_time,40993
openbmi,33,2,n25,sew_clif_equal,2,0.02535590277777778,0.9746440972222222,2921,115200,batch_x_channel_x_time,40993
openbmi,33,2,n25,sew_clif_equal,3,0.12810763888888888,0.8718923611111111,14758,115200,batch_x_channel_x_time,40993
openbmi,33,2,all,sew_clif_equal,0,0.204765625,0.7952343749999999,23589,115200,batch_x_channel_x_time,49827
openbmi,33,2,all,sew_clif_equal,1,0.03483506944444444,0.9651649305555555,4013,115200,batch_x_channel_x_time,49827
openbmi,33,2,all,sew_clif_equal,2,0.03828125,0.96171875,4410,115200,batch_x_channel_x_time,49827
openbmi,33,2,all,sew_clif_equal,3,0.15464409722222222,0.8453559027777777,17815,115200,batch_x_channel_x_time,49827
openbmi,34,0,n25,sew_clif_equal,0,0.171953125,0.828046875,19809,115200,batch_x_channel_x_time,40973
openbmi,34,0,n25,sew_clif_equal,1,0.023637152777777778,0.9763628472222222,2723,115200,batch_x_channel_x_time,40973
openbmi,34,0,n25,sew_clif_equal,2,0.03212673611111111,0.967873263888889,3701,115200,batch_x_channel_x_time,40973
openbmi,34,0,n25,sew_clif_equal,3,0.12795138888888888,0.8720486111111111,14740,115200,batch_x_channel_x_time,40973
openbmi,34,0,all,sew_clif_equal,0,0.16143229166666667,0.8385677083333334,18597,115200,batch_x_channel_x_time,33893
openbmi,34,0,all,sew_clif_equal,1,0.011276041666666667,0.9887239583333334,1299,115200,batch_x_channel_x_time,33893
openbmi,34,0,all,sew_clif_equal,2,0.014522569444444444,0.9854774305555556,1673,115200,batch_x_channel_x_time,33893
openbmi,34,0,all,sew_clif_equal,3,0.10697916666666667,0.8930208333333334,12324,115200,batch_x_channel_x_time,33893
openbmi,34,1,n25,sew_clif_equal,0,0.1731857638888889,0.826814236111111,19951,115200,batch_x_channel_x_time,38197
openbmi,34,1,n25,sew_clif_equal,1,0.016961805555555556,0.9830381944444444,1954,115200,batch_x_channel_x_time,38197
openbmi,34,1,n25,sew_clif_equal,2,0.021909722222222223,0.9780902777777778,2524,115200,batch_x_channel_x_time,38197
openbmi,34,1,n25,sew_clif_equal,3,0.11951388888888889,0.8804861111111111,13768,115200,batch_x_channel_x_time,38197
openbmi,34,1,all,sew_clif_equal,0,0.16676215277777778,0.8332378472222222,19211,115200,batch_x_channel_x_time,35971
openbmi,34,1,all,sew_clif_equal,1,0.01484375,0.98515625,1710,115200,batch_x_channel_x_time,35971
openbmi,34,1,all,sew_clif_equal,2,0.017578125,0.982421875,2025,115200,batch_x_channel_x_time,35971
openbmi,34,1,all,sew_clif_equal,3,0.1130642361111111,0.8869357638888888,13025,115200,batch_x_channel_x_time,35971
openbmi,34,2,n25,sew_clif_equal,0,0.14855902777777777,0.8514409722222223,17114,115200,batch_x_channel_x_time,29796
openbmi,34,2,n25,sew_clif_equal,1,0.007369791666666667,0.9926302083333334,849,115200,batch_x_channel_x_time,29796
openbmi,34,2,n25,sew_clif_equal,2,0.008255208333333333,0.9917447916666666,951,115200,batch_x_channel_x_time,29796
openbmi,34,2,n25,sew_clif_equal,3,0.09446180555555556,0.9055381944444445,10882,115200,batch_x_channel_x_time,29796
openbmi,34,2,all,sew_clif_equal,0,0.17337673611111112,0.8266232638888888,19973,115200,batch_x_channel_x_time,37370
openbmi,34,2,all,sew_clif_equal,1,0.015685763888888888,0.9843142361111111,1807,115200,batch_x_channel_x_time,37370
openbmi,34,2,all,sew_clif_equal,2,0.01853298611111111,0.9814670138888889,2135,115200,batch_x_channel_x_time,37370
openbmi,34,2,all,sew_clif_equal,3,0.116796875,0.883203125,13455,115200,batch_x_channel_x_time,37370
openbmi,35,0,n25,sew_clif_equal,0,0.18421006944444446,0.8157899305555556,21221,115200,batch_x_channel_x_time,39989
openbmi,35,0,n25,sew_clif_equal,1,0.015182291666666667,0.9848177083333334,1749,115200,batch_x_channel_x_time,39989
openbmi,35,0,n25,sew_clif_equal,2,0.02347222222222222,0.9765277777777778,2704,115200,batch_x_channel_x_time,39989
openbmi,35,0,n25,sew_clif_equal,3,0.12426215277777777,0.8757378472222223,14315,115200,batch_x_channel_x_time,39989
openbmi,35,0,all,sew_clif_equal,0,0.15963541666666667,0.8403645833333333,18390,115200,batch_x_channel_x_time,34317
openbmi,35,0,all,sew_clif_equal,1,0.01349826388888889,0.9865017361111111,1555,115200,batch_x_channel_x_time,34317
openbmi,35,0,all,sew_clif_equal,2,0.01697048611111111,0.9830295138888889,1955,115200,batch_x_channel_x_time,34317
openbmi,35,0,all,sew_clif_equal,3,0.10778645833333333,0.8922135416666667,12417,115200,batch_x_channel_x_time,34317
openbmi,35,1,n25,sew_clif_equal,0,0.16868055555555556,0.8313194444444445,19432,115200,batch_x_channel_x_time,34445
openbmi,35,1,n25,sew_clif_equal,1,0.007282986111111111,0.9927170138888889,839,115200,batch_x_channel_x_time,34445
openbmi,35,1,n25,sew_clif_equal,2,0.014461805555555556,0.9855381944444445,1666,115200,batch_x_channel_x_time,34445
openbmi,35,1,n25,sew_clif_equal,3,0.10857638888888889,0.8914236111111111,12508,115200,batch_x_channel_x_time,34445
openbmi,35,1,all,sew_clif_equal,0,0.18559027777777778,0.8144097222222222,21380,115200,batch_x_channel_x_time,45496
openbmi,35,1,all,sew_clif_equal,1,0.02837673611111111,0.9716232638888889,3269,115200,batch_x_channel_x_time,45496
openbmi,35,1,all,sew_clif_equal,2,0.03940972222222222,0.9605902777777777,4540,115200,batch_x_channel_x_time,45496
openbmi,35,1,all,sew_clif_equal,3,0.14155381944444445,0.8584461805555555,16307,115200,batch_x_channel_x_time,45496
openbmi,35,2,n25,sew_clif_equal,0,0.15660590277777778,0.8433940972222222,18041,115200,batch_x_channel_x_time,30983
openbmi,35,2,n25,sew_clif_equal,1,0.00703125,0.99296875,810,115200,batch_x_channel_x_time,30983
openbmi,35,2,n25,sew_clif_equal,2,0.006736111111111111,0.9932638888888888,776,115200,batch_x_channel_x_time,30983
openbmi,35,2,n25,sew_clif_equal,3,0.0985763888888889,0.9014236111111111,11356,115200,batch_x_channel_x_time,30983
openbmi,35,2,all,sew_clif_equal,0,0.14799479166666665,0.8520052083333334,17049,115200,batch_x_channel_x_time,29910
openbmi,35,2,all,sew_clif_equal,1,0.009071180555555556,0.9909288194444444,1045,115200,batch_x_channel_x_time,29910
openbmi,35,2,all,sew_clif_equal,2,0.008159722222222223,0.9918402777777777,940,115200,batch_x_channel_x_time,29910
openbmi,35,2,all,sew_clif_equal,3,0.09440972222222223,0.9055902777777778,10876,115200,batch_x_channel_x_time,29910
openbmi,36,0,n25,sew_clif_equal,0,0.18340277777777778,0.8165972222222222,21128,115200,batch_x_channel_x_time,39372
openbmi,36,0,n25,sew_clif_equal,1,0.018628472222222223,0.9813715277777778,2146,115200,batch_x_channel_x_time,39372
openbmi,36,0,n25,sew_clif_equal,2,0.016527777777777777,0.9834722222222222,1904,115200,batch_x_channel_x_time,39372
openbmi,36,0,n25,sew_clif_equal,3,0.12321180555555555,0.8767881944444444,14194,115200,batch_x_channel_x_time,39372
openbmi,36,0,all,sew_clif_equal,0,0.19653645833333333,0.8034635416666667,22641,115200,batch_x_channel_x_time,42519
openbmi,36,0,all,sew_clif_equal,1,0.021788194444444443,0.9782118055555555,2510,115200,batch_x_channel_x_time,42519
openbmi,36,0,all,sew_clif_equal,2,0.018133680555555556,0.9818663194444445,2089,115200,batch_x_channel_x_time,42519
openbmi,36,0,all,sew_clif_equal,3,0.13263020833333333,0.8673697916666667,15279,115200,batch_x_channel_x_time,42519
openbmi,36,1,n25,sew_clif_equal,0,0.1993142361111111,0.8006857638888889,22961,115200,batch_x_channel_x_time,43700
openbmi,36,1,n25,sew_clif_equal,1,0.01871527777777778,0.9812847222222222,2156,115200,batch_x_channel_x_time,43700
openbmi,36,1,n25,sew_clif_equal,2,0.02521701388888889,0.9747829861111111,2905,115200,batch_x_channel_x_time,43700
openbmi,36,1,n25,sew_clif_equal,3,0.13609375,0.86390625,15678,115200,batch_x_channel_x_time,43700
openbmi,36,1,all,sew_clif_equal,0,0.18097222222222223,0.8190277777777778,20848,115200,batch_x_channel_x_time,38068
openbmi,36,1,all,sew_clif_equal,1,0.013836805555555555,0.9861631944444444,1594,115200,batch_x_channel_x_time,38068
openbmi,36,1,all,sew_clif_equal,2,0.01654513888888889,0.9834548611111111,1906,115200,batch_x_channel_x_time,38068
openbmi,36,1,all,sew_clif_equal,3,0.11909722222222222,0.8809027777777778,13720,115200,batch_x_channel_x_time,38068
openbmi,36,2,n25,sew_clif_equal,0,0.23171875,0.76828125,26694,115200,batch_x_channel_x_time,53804
openbmi,36,2,n25,sew_clif_equal,1,0.03138888888888889,0.9686111111111111,3616,115200,batch_x_channel_x_time,53804
openbmi,36,2,n25,sew_clif_equal,2,0.03795138888888889,0.9620486111111111,4372,115200,batch_x_channel_x_time,53804
openbmi,36,2,n25,sew_clif_equal,3,0.16598958333333333,0.8340104166666666,19122,115200,batch_x_channel_x_time,53804
openbmi,36,2,all,sew_clif_equal,0,0.23042534722222222,0.7695746527777778,26545,115200,batch_x_channel_x_time,49990
openbmi,36,2,all,sew_clif_equal,1,0.021597222222222223,0.9784027777777777,2488,115200,batch_x_channel_x_time,49990
openbmi,36,2,all,sew_clif_equal,2,0.027282986111111112,0.9727170138888889,3143,115200,batch_x_channel_x_time,49990
openbmi,36,2,all,sew_clif_equal,3,0.15463541666666666,0.8453645833333333,17814,115200,batch_x_channel_x_time,49990
openbmi,37,0,n25,sew_clif_equal,0,0.18446180555555555,0.8155381944444444,21250,115200,batch_x_channel_x_time,37245
openbmi,37,0,n25,sew_clif_equal,1,0.009696180555555555,0.9903038194444445,1117,115200,batch_x_channel_x_time,37245
openbmi,37,0,n25,sew_clif_equal,2,0.012413194444444444,0.9875868055555556,1430,115200,batch_x_channel_x_time,37245
openbmi,37,0,n25,sew_clif_equal,3,0.11673611111111111,0.8832638888888888,13448,115200,batch_x_channel_x_time,37245
openbmi,37,0,all,sew_clif_equal,0,0.19594618055555554,0.8040538194444444,22573,115200,batch_x_channel_x_time,41829
openbmi,37,0,all,sew_clif_equal,1,0.01670138888888889,0.983298611111111,1924,115200,batch_x_channel_x_time,41829
openbmi,37,0,all,sew_clif_equal,2,0.01967013888888889,0.9803298611111111,2266,115200,batch_x_channel_x_time,41829
openbmi,37,0,all,sew_clif_equal,3,0.13078125,0.86921875,15066,115200,batch_x_channel_x_time,41829
openbmi,37,1,n25,sew_clif_equal,0,0.19005208333333334,0.8099479166666667,21894,115200,batch_x_channel_x_time,44667
openbmi,37,1,n25,sew_clif_equal,1,0.02420138888888889,0.9757986111111111,2788,115200,batch_x_channel_x_time,44667
openbmi,37,1,n25,sew_clif_equal,2,0.03478298611111111,0.9652170138888889,4007,115200,batch_x_channel_x_time,44667
openbmi,37,1,n25,sew_clif_equal,3,0.13869791666666667,0.8613020833333334,15978,115200,batch_x_channel_x_time,44667
openbmi,37,1,all,sew_clif_equal,0,0.192890625,0.807109375,22221,115200,batch_x_channel_x_time,44975
openbmi,37,1,all,sew_clif_equal,1,0.02457465277777778,0.9754253472222222,2831,115200,batch_x_channel_x_time,44975
openbmi,37,1,all,sew_clif_equal,2,0.033220486111111114,0.9667795138888888,3827,115200,batch_x_channel_x_time,44975
openbmi,37,1,all,sew_clif_equal,3,0.13972222222222222,0.8602777777777778,16096,115200,batch_x_channel_x_time,44975
openbmi,37,2,n25,sew_clif_equal,0,0.1970920138888889,0.8029079861111111,22705,115200,batch_x_channel_x_time,45142
openbmi,37,2,n25,sew_clif_equal,1,0.024835069444444444,0.9751649305555555,2861,115200,batch_x_channel_x_time,45142
openbmi,37,2,n25,sew_clif_equal,2,0.02982638888888889,0.9701736111111111,3436,115200,batch_x_channel_x_time,45142
openbmi,37,2,n25,sew_clif_equal,3,0.14010416666666667,0.8598958333333333,16140,115200,batch_x_channel_x_time,45142
openbmi,37,2,all,sew_clif_equal,0,0.2025173611111111,0.7974826388888889,23330,115200,batch_x_channel_x_time,46307
openbmi,37,2,all,sew_clif_equal,1,0.027083333333333334,0.9729166666666667,3120,115200,batch_x_channel_x_time,46307
openbmi,37,2,all,sew_clif_equal,2,0.028576388888888887,0.9714236111111111,3292,115200,batch_x_channel_x_time,46307
openbmi,37,2,all,sew_clif_equal,3,0.14379340277777777,0.8562065972222223,16565,115200,batch_x_channel_x_time,46307
openbmi,38,0,n25,sew_clif_equal,0,0.16608506944444446,0.8339149305555555,19133,115200,batch_x_channel_x_time,36486
openbmi,38,0,n25,sew_clif_equal,1,0.017508680555555555,0.9824913194444445,2017,115200,batch_x_channel_x_time,36486
openbmi,38,0,n25,sew_clif_equal,2,0.01790798611111111,0.9820920138888889,2063,115200,batch_x_channel_x_time,36486
openbmi,38,0,n25,sew_clif_equal,3,0.11521701388888889,0.8847829861111112,13273,115200,batch_x_channel_x_time,36486
openbmi,38,0,all,sew_clif_equal,0,0.16844618055555555,0.8315538194444445,19405,115200,batch_x_channel_x_time,36558
openbmi,38,0,all,sew_clif_equal,1,0.01734375,0.98265625,1998,115200,batch_x_channel_x_time,36558
openbmi,38,0,all,sew_clif_equal,2,0.01625,0.98375,1872,115200,batch_x_channel_x_time,36558
openbmi,38,0,all,sew_clif_equal,3,0.11530381944444444,0.8846961805555555,13283,115200,batch_x_channel_x_time,36558
openbmi,38,1,n25,sew_clif_equal,0,0.17894097222222222,0.8210590277777778,20614,115200,batch_x_channel_x_time,37391
openbmi,38,1,n25,sew_clif_equal,1,0.01392361111111111,0.9860763888888889,1604,115200,batch_x_channel_x_time,37391
openbmi,38,1,n25,sew_clif_equal,2,0.014357638888888889,0.9856423611111111,1654,115200,batch_x_channel_x_time,37391
openbmi,38,1,n25,sew_clif_equal,3,0.11735243055555555,0.8826475694444444,13519,115200,batch_x_channel_x_time,37391
openbmi,38,1,all,sew_clif_equal,0,0.1734982638888889,0.8265017361111111,19987,115200,batch_x_channel_x_time,36762
openbmi,38,1,all,sew_clif_equal,1,0.015868055555555555,0.9841319444444444,1828,115200,batch_x_channel_x_time,36762
openbmi,38,1,all,sew_clif_equal,2,0.01407986111111111,0.9859201388888889,1622,115200,batch_x_channel_x_time,36762
openbmi,38,1,all,sew_clif_equal,3,0.11566840277777778,0.8843315972222222,13325,115200,batch_x_channel_x_time,36762
openbmi,38,2,n25,sew_clif_equal,0,0.15752604166666667,0.8424739583333334,18147,115200,batch_x_channel_x_time,33608
openbmi,38,2,n25,sew_clif_equal,1,0.012430555555555556,0.9875694444444445,1432,115200,batch_x_channel_x_time,33608
openbmi,38,2,n25,sew_clif_equal,2,0.014982638888888889,0.9850173611111112,1726,115200,batch_x_channel_x_time,33608
openbmi,38,2,n25,sew_clif_equal,3,0.106796875,0.893203125,12303,115200,batch_x_channel_x_time,33608
openbmi,38,2,all,sew_clif_equal,0,0.16794270833333333,0.8320572916666666,19347,115200,batch_x_channel_x_time,36065
openbmi,38,2,all,sew_clif_equal,1,0.01326388888888889,0.9867361111111111,1528,115200,batch_x_channel_x_time,36065
openbmi,38,2,all,sew_clif_equal,2,0.01818576388888889,0.9818142361111111,2095,115200,batch_x_channel_x_time,36065
openbmi,38,2,all,sew_clif_equal,3,0.113671875,0.886328125,13095,115200,batch_x_channel_x_time,36065
openbmi,39,0,n25,sew_clif_equal,0,0.16348090277777777,0.8365190972222223,18833,115200,batch_x_channel_x_time,33955
openbmi,39,0,n25,sew_clif_equal,1,0.012517361111111111,0.9874826388888889,1442,115200,batch_x_channel_x_time,33955
openbmi,39,0,n25,sew_clif_equal,2,0.011032986111111111,0.9889670138888889,1271,115200,batch_x_channel_x_time,33955
openbmi,39,0,n25,sew_clif_equal,3,0.1077170138888889,0.8922829861111111,12409,115200,batch_x_channel_x_time,33955
openbmi,39,0,all,sew_clif_equal,0,0.1663888888888889,0.8336111111111111,19168,115200,batch_x_channel_x_time,34404
openbmi,39,0,all,sew_clif_equal,1,0.011458333333333333,0.9885416666666667,1320,115200,batch_x_channel_x_time,34404
openbmi,39,0,all,sew_clif_equal,2,0.011588541666666667,0.9884114583333333,1335,115200,batch_x_channel_x_time,34404
openbmi,39,0,all,sew_clif_equal,3,0.10921006944444445,0.8907899305555556,12581,115200,batch_x_channel_x_time,34404
openbmi,39,1,n25,sew_clif_equal,0,0.15625868055555556,0.8437413194444444,18001,115200,batch_x_channel_x_time,32041
openbmi,39,1,n25,sew_clif_equal,1,0.00798611111111111,0.9920138888888889,920,115200,batch_x_channel_x_time,32041
openbmi,39,1,n25,sew_clif_equal,2,0.011909722222222223,0.9880902777777778,1372,115200,batch_x_channel_x_time,32041
openbmi,39,1,n25,sew_clif_equal,3,0.10197916666666666,0.8980208333333334,11748,115200,batch_x_channel_x_time,32041
openbmi,39,1,all,sew_clif_equal,0,0.15577256944444445,0.8442274305555555,17945,115200,batch_x_channel_x_time,32572
openbmi,39,1,all,sew_clif_equal,1,0.009461805555555555,0.9905381944444445,1090,115200,batch_x_channel_x_time,32572
openbmi,39,1,all,sew_clif_equal,2,0.014019097222222223,0.9859809027777777,1615,115200,batch_x_channel_x_time,32572
openbmi,39,1,all,sew_clif_equal,3,0.10348958333333333,0.8965104166666666,11922,115200,batch_x_channel_x_time,32572
openbmi,39,2,n25,sew_clif_equal,0,0.17357638888888888,0.8264236111111112,19996,115200,batch_x_channel_x_time,36549
openbmi,39,2,n25,sew_clif_equal,1,0.0128125,0.9871875,1476,115200,batch_x_channel_x_time,36549
openbmi,39,2,n25,sew_clif_equal,2,0.015555555555555555,0.9844444444444445,1792,115200,batch_x_channel_x_time,36549
openbmi,39,2,n25,sew_clif_equal,3,0.11532118055555556,0.8846788194444445,13285,115200,batch_x_channel_x_time,36549
openbmi,39,2,all,sew_clif_equal,0,0.181640625,0.818359375,20925,115200,batch_x_channel_x_time,38692
openbmi,39,2,all,sew_clif_equal,1,0.01690104166666667,0.9830989583333334,1947,115200,batch_x_channel_x_time,38692
openbmi,39,2,all,sew_clif_equal,2,0.015590277777777778,0.9844097222222222,1796,115200,batch_x_channel_x_time,38692
openbmi,39,2,all,sew_clif_equal,3,0.12173611111111111,0.8782638888888888,14024,115200,batch_x_channel_x_time,38692
openbmi,40,0,n25,sew_clif_equal,0,0.1577690972222222,0.8422309027777778,18175,115200,batch_x_channel_x_time,35925
openbmi,40,0,n25,sew_clif_equal,1,0.01628472222222222,0.9837152777777778,1876,115200,batch_x_channel_x_time,35925
openbmi,40,0,n25,sew_clif_equal,2,0.024322916666666666,0.9756770833333334,2802,115200,batch_x_channel_x_time,35925
openbmi,40,0,n25,sew_clif_equal,3,0.11347222222222222,0.8865277777777778,13072,115200,batch_x_channel_x_time,35925
openbmi,40,0,all,sew_clif_equal,0,0.17749131944444443,0.8225086805555556,20447,115200,batch_x_channel_x_time,39908
openbmi,40,0,all,sew_clif_equal,1,0.017821180555555555,0.9821788194444444,2053,115200,batch_x_channel_x_time,39908
openbmi,40,0,all,sew_clif_equal,2,0.025798611111111112,0.9742013888888889,2972,115200,batch_x_channel_x_time,39908
openbmi,40,0,all,sew_clif_equal,3,0.1253125,0.8746875000000001,14436,115200,batch_x_channel_x_time,39908
openbmi,40,1,n25,sew_clif_equal,0,0.15835069444444444,0.8416493055555556,18242,115200,batch_x_channel_x_time,34714
openbmi,40,1,n25,sew_clif_equal,1,0.016024305555555556,0.9839756944444444,1846,115200,batch_x_channel_x_time,34714
openbmi,40,1,n25,sew_clif_equal,2,0.016788194444444446,0.9832118055555555,1934,115200,batch_x_channel_x_time,34714
openbmi,40,1,n25,sew_clif_equal,3,0.11017361111111111,0.8898263888888889,12692,115200,batch_x_channel_x_time,34714
openbmi,40,1,all,sew_clif_equal,0,0.16253472222222223,0.8374652777777778,18724,115200,batch_x_channel_x_time,35074
openbmi,40,1,all,sew_clif_equal,1,0.014270833333333333,0.9857291666666667,1644,115200,batch_x_channel_x_time,35074
openbmi,40,1,all,sew_clif_equal,2,0.016484375,0.983515625,1899,115200,batch_x_channel_x_time,35074
openbmi,40,1,all,sew_clif_equal,3,0.111171875,0.888828125,12807,115200,batch_x_channel_x_time,35074
openbmi,40,2,n25,sew_clif_equal,0,0.15808159722222223,0.8419184027777777,18211,115200,batch_x_channel_x_time,34493
openbmi,40,2,n25,sew_clif_equal,1,0.014383680555555556,0.9856163194444445,1657,115200,batch_x_channel_x_time,34493
openbmi,40,2,n25,sew_clif_equal,2,0.01769965277777778,0.9823003472222223,2039,115200,batch_x_channel_x_time,34493
openbmi,40,2,n25,sew_clif_equal,3,0.10925347222222222,0.8907465277777777,12586,115200,batch_x_channel_x_time,34493
openbmi,40,2,all,sew_clif_equal,0,0.15334201388888888,0.8466579861111111,17665,115200,batch_x_channel_x_time,34133
openbmi,40,2,all,sew_clif_equal,1,0.014557291666666666,0.9854427083333334,1677,115200,batch_x_channel_x_time,34133
openbmi,40,2,all,sew_clif_equal,2,0.019782986111111112,0.9802170138888889,2279,115200,batch_x_channel_x_time,34133
openbmi,40,2,all,sew_clif_equal,3,0.10861111111111112,0.8913888888888889,12512,115200,batch_x_channel_x_time,34133
openbmi,41,0,n25,sew_clif_equal,0,0.177421875,0.8225781249999999,20439,115200,batch_x_channel_x_time,37901
openbmi,41,0,n25,sew_clif_equal,1,0.015616319444444445,0.9843836805555556,1799,115200,batch_x_channel_x_time,37901
openbmi,41,0,n25,sew_clif_equal,2,0.016831597222222223,0.9831684027777777,1939,115200,batch_x_channel_x_time,37901
openbmi,41,0,n25,sew_clif_equal,3,0.11913194444444444,0.8808680555555556,13724,115200,batch_x_channel_x_time,37901
openbmi,41,0,all,sew_clif_equal,0,0.17467881944444444,0.8253211805555556,20123,115200,batch_x_channel_x_time,42128
openbmi,41,0,all,sew_clif_equal,1,0.024722222222222222,0.9752777777777778,2848,115200,batch_x_channel_x_time,42128
openbmi,41,0,all,sew_clif_equal,2,0.03424479166666667,0.9657552083333333,3945,115200,batch_x_channel_x_time,42128
openbmi,41,0,all,sew_clif_equal,3,0.1320486111111111,0.8679513888888889,15212,115200,batch_x_channel_x_time,42128
openbmi,41,1,n25,sew_clif_equal,0,0.17127604166666666,0.8287239583333333,19731,115200,batch_x_channel_x_time,40493
openbmi,41,1,n25,sew_clif_equal,1,0.02636284722222222,0.9736371527777777,3037,115200,batch_x_channel_x_time,40493
openbmi,41,1,n25,sew_clif_equal,2,0.026458333333333334,0.9735416666666666,3048,115200,batch_x_channel_x_time,40493
openbmi,41,1,n25,sew_clif_equal,3,0.12740451388888888,0.8725954861111112,14677,115200,batch_x_channel_x_time,40493
openbmi,41,1,all,sew_clif_equal,0,0.1811545138888889,0.8188454861111111,20869,115200,batch_x_channel_x_time,41090
openbmi,41,1,all,sew_clif_equal,1,0.022430555555555554,0.9775694444444445,2584,115200,batch_x_channel_x_time,41090
openbmi,41,1,all,sew_clif_equal,2,0.024157986111111113,0.9758420138888889,2783,115200,batch_x_channel_x_time,41090
openbmi,41,1,all,sew_clif_equal,3,0.12894097222222223,0.8710590277777778,14854,115200,batch_x_channel_x_time,41090
openbmi,41,2,n25,sew_clif_equal,0,0.15440104166666666,0.8455989583333333,17787,115200,batch_x_channel_x_time,31713
openbmi,41,2,n25,sew_clif_equal,1,0.00953125,0.99046875,1098,115200,batch_x_channel_x_time,31713
openbmi,41,2,n25,sew_clif_equal,2,0.009982638888888888,0.9900173611111112,1150,115200,batch_x_channel_x_time,31713
openbmi,41,2,n25,sew_clif_equal,3,0.10137152777777778,0.8986284722222222,11678,115200,batch_x_channel_x_time,31713
openbmi,41,2,all,sew_clif_equal,0,0.1640625,0.8359375,18900,115200,batch_x_channel_x_time,33637
openbmi,41,2,all,sew_clif_equal,1,0.010425347222222223,0.9895746527777778,1201,115200,batch_x_channel_x_time,33637
openbmi,41,2,all,sew_clif_equal,2,0.010512152777777778,0.9894878472222223,1211,115200,batch_x_channel_x_time,33637
openbmi,41,2,all,sew_clif_equal,3,0.10698784722222222,0.8930121527777778,12325,115200,batch_x_channel_x_time,33637
openbmi,42,0,n25,sew_clif_equal,0,0.15094618055555556,0.8490538194444445,17389,115200,batch_x_channel_x_time,33495
openbmi,42,0,n25,sew_clif_equal,1,0.014635416666666666,0.9853645833333333,1686,115200,batch_x_channel_x_time,33495
openbmi,42,0,n25,sew_clif_equal,2,0.018784722222222223,0.9812152777777777,2164,115200,batch_x_channel_x_time,33495
openbmi,42,0,n25,sew_clif_equal,3,0.1063888888888889,0.8936111111111111,12256,115200,batch_x_channel_x_time,33495
openbmi,42,0,all,sew_clif_equal,0,0.16267361111111112,0.8373263888888889,18740,115200,batch_x_channel_x_time,35100
openbmi,42,0,all,sew_clif_equal,1,0.015182291666666667,0.9848177083333334,1749,115200,batch_x_channel_x_time,35100
openbmi,42,0,all,sew_clif_equal,2,0.015911458333333333,0.9840885416666667,1833,115200,batch_x_channel_x_time,35100
openbmi,42,0,all,sew_clif_equal,3,0.1109201388888889,0.8890798611111111,12778,115200,batch_x_channel_x_time,35100
openbmi,42,1,n25,sew_clif_equal,0,0.15215277777777778,0.8478472222222222,17528,115200,batch_x_channel_x_time,31522
openbmi,42,1,n25,sew_clif_equal,1,0.010894097222222222,0.9891059027777778,1255,115200,batch_x_channel_x_time,31522
openbmi,42,1,n25,sew_clif_equal,2,0.010711805555555556,0.9892881944444445,1234,115200,batch_x_channel_x_time,31522
openbmi,42,1,n25,sew_clif_equal,3,0.09986979166666667,0.9001302083333333,11505,115200,batch_x_channel_x_time,31522
openbmi,42,1,all,sew_clif_equal,0,0.16641493055555556,0.8335850694444444,19171,115200,batch_x_channel_x_time,37323
openbmi,42,1,all,sew_clif_equal,1,0.018385416666666668,0.9816145833333333,2118,115200,batch_x_channel_x_time,37323
openbmi,42,1,all,sew_clif_equal,2,0.02150173611111111,0.9784982638888889,2477,115200,batch_x_channel_x_time,37323
openbmi,42,1,all,sew_clif_equal,3,0.11768229166666666,0.8823177083333333,13557,115200,batch_x_channel_x_time,37323
openbmi,42,2,n25,sew_clif_equal,0,0.16363715277777777,0.8363628472222222,18851,115200,batch_x_channel_x_time,35097
openbmi,42,2,n25,sew_clif_equal,1,0.013819444444444445,0.9861805555555555,1592,115200,batch_x_channel_x_time,35097
openbmi,42,2,n25,sew_clif_equal,2,0.016171875,0.983828125,1863,115200,batch_x_channel_x_time,35097
openbmi,42,2,n25,sew_clif_equal,3,0.1110329861111111,0.8889670138888889,12791,115200,batch_x_channel_x_time,35097
openbmi,42,2,all,sew_clif_equal,0,0.15299479166666666,0.8470052083333334,17625,115200,batch_x_channel_x_time,32175
openbmi,42,2,all,sew_clif_equal,1,0.010416666666666666,0.9895833333333334,1200,115200,batch_x_channel_x_time,32175
openbmi,42,2,all,sew_clif_equal,2,0.013272569444444444,0.9867274305555556,1529,115200,batch_x_channel_x_time,32175
openbmi,42,2,all,sew_clif_equal,3,0.10261284722222222,0.8973871527777778,11821,115200,batch_x_channel_x_time,32175
openbmi,43,0,n25,sew_clif_equal,0,0.1702951388888889,0.8297048611111111,19618,115200,batch_x_channel_x_time,38679
openbmi,43,0,n25,sew_clif_equal,1,0.017586805555555557,0.9824131944444444,2026,115200,batch_x_channel_x_time,38679
openbmi,43,0,n25,sew_clif_equal,2,0.026223958333333332,0.9737760416666666,3021,115200,batch_x_channel_x_time,38679
openbmi,43,0,n25,sew_clif_equal,3,0.12164930555555556,0.8783506944444445,14014,115200,batch_x_channel_x_time,38679
openbmi,43,0,all,sew_clif_equal,0,0.1717621527777778,0.8282378472222223,19787,115200,batch_x_channel_x_time,39204
openbmi,43,0,all,sew_clif_equal,1,0.01759548611111111,0.9824045138888889,2027,115200,batch_x_channel_x_time,39204
openbmi,43,0,all,sew_clif_equal,2,0.027630208333333333,0.9723697916666667,3183,115200,batch_x_channel_x_time,39204
openbmi,43,0,all,sew_clif_equal,3,0.12332465277777778,0.8766753472222222,14207,115200,batch_x_channel_x_time,39204
openbmi,43,1,n25,sew_clif_equal,0,0.1786111111111111,0.821388888888889,20576,115200,batch_x_channel_x_time,38583
openbmi,43,1,n25,sew_clif_equal,1,0.018133680555555556,0.9818663194444445,2089,115200,batch_x_channel_x_time,38583
openbmi,43,1,n25,sew_clif_equal,2,0.016822916666666667,0.9831770833333333,1938,115200,batch_x_channel_x_time,38583
openbmi,43,1,n25,sew_clif_equal,3,0.12135416666666667,0.8786458333333333,13980,115200,batch_x_channel_x_time,38583
openbmi,43,1,all,sew_clif_equal,0,0.1543576388888889,0.8456423611111111,17782,115200,batch_x_channel_x_time,31767
openbmi,43,1,all,sew_clif_equal,1,0.010130208333333333,0.9898697916666667,1167,115200,batch_x_channel_x_time,31767
openbmi,43,1,all,sew_clif_equal,2,0.010060763888888888,0.9899392361111111,1159,115200,batch_x_channel_x_time,31767
openbmi,43,1,all,sew_clif_equal,3,0.10120659722222222,0.8987934027777778,11659,115200,batch_x_channel_x_time,31767
openbmi,43,2,n25,sew_clif_equal,0,0.1482638888888889,0.8517361111111111,17080,115200,batch_x_channel_x_time,30287
openbmi,43,2,n25,sew_clif_equal,1,0.00943576388888889,0.9905642361111111,1087,115200,batch_x_channel_x_time,30287
openbmi,43,2,n25,sew_clif_equal,2,0.00829861111111111,0.9917013888888889,956,115200,batch_x_channel_x_time,30287
openbmi,43,2,n25,sew_clif_equal,3,0.09690972222222222,0.9030902777777778,11164,115200,batch_x_channel_x_time,30287
openbmi,43,2,all,sew_clif_equal,0,0.15368055555555554,0.8463194444444444,17704,115200,batch_x_channel_x_time,30210
openbmi,43,2,all,sew_clif_equal,1,0.006276041666666667,0.9937239583333334,723,115200,batch_x_channel_x_time,30210
openbmi,43,2,all,sew_clif_equal,2,0.005833333333333334,0.9941666666666666,672,115200,batch_x_channel_x_time,30210
openbmi,43,2,all,sew_clif_equal,3,0.09644965277777778,0.9035503472222222,11111,115200,batch_x_channel_x_time,30210
openbmi,44,0,n25,sew_clif_equal,0,0.17703993055555556,0.8229600694444444,20395,115200,batch_x_channel_x_time,40068
openbmi,44,0,n25,sew_clif_equal,1,0.02230034722222222,0.9776996527777778,2569,115200,batch_x_channel_x_time,40068
openbmi,44,0,n25,sew_clif_equal,2,0.022899305555555555,0.9771006944444445,2638,115200,batch_x_channel_x_time,40068
openbmi,44,0,n25,sew_clif_equal,3,0.12557291666666667,0.8744270833333333,14466,115200,batch_x_channel_x_time,40068
openbmi,44,0,all,sew_clif_equal,0,0.1810503472222222,0.8189496527777778,20857,115200,batch_x_channel_x_time,40081
openbmi,44,0,all,sew_clif_equal,1,0.020052083333333335,0.9799479166666667,2310,115200,batch_x_channel_x_time,40081
openbmi,44,0,all,sew_clif_equal,2,0.021015625,0.978984375,2421,115200,batch_x_channel_x_time,40081
openbmi,44,0,all,sew_clif_equal,3,0.12580729166666665,0.8741927083333334,14493,115200,batch_x_channel_x_time,40081
openbmi,44,1,n25,sew_clif_equal,0,0.158125,0.841875,18216,115200,batch_x_channel_x_time,32341
openbmi,44,1,n25,sew_clif_equal,1,0.009045138888888889,0.9909548611111111,1042,115200,batch_x_channel_x_time,32341
openbmi,44,1,n25,sew_clif_equal,2,0.011241319444444444,0.9887586805555556,1295,115200,batch_x_channel_x_time,32341
openbmi,44,1,n25,sew_clif_equal,3,0.10232638888888888,0.8976736111111111,11788,115200,batch_x_channel_x_time,32341
openbmi,44,1,all,sew_clif_equal,0,0.16032118055555555,0.8396788194444444,18469,115200,batch_x_channel_x_time,32967
openbmi,44,1,all,sew_clif_equal,1,0.008611111111111111,0.9913888888888889,992,115200,batch_x_channel_x_time,32967
openbmi,44,1,all,sew_clif_equal,2,0.012578125,0.987421875,1449,115200,batch_x_channel_x_time,32967
openbmi,44,1,all,sew_clif_equal,3,0.10466145833333333,0.8953385416666667,12057,115200,batch_x_channel_x_time,32967
openbmi,44,2,n25,sew_clif_equal,0,0.19071180555555556,0.8092881944444444,21970,115200,batch_x_channel_x_time,41247
openbmi,44,2,n25,sew_clif_equal,1,0.012404513888888889,0.9875954861111111,1429,115200,batch_x_channel_x_time,41247
openbmi,44,2,n25,sew_clif_equal,2,0.026119791666666666,0.9738802083333333,3009,115200,batch_x_channel_x_time,41247
openbmi,44,2,n25,sew_clif_equal,3,0.1288107638888889,0.8711892361111111,14839,115200,batch_x_channel_x_time,41247
openbmi,44,2,all,sew_clif_equal,0,0.17331597222222223,0.8266840277777778,19966,115200,batch_x_channel_x_time,36154
openbmi,44,2,all,sew_clif_equal,1,0.010338541666666666,0.9896614583333333,1191,115200,batch_x_channel_x_time,36154
openbmi,44,2,all,sew_clif_equal,2,0.015868055555555555,0.9841319444444444,1828,115200,batch_x_channel_x_time,36154
openbmi,44,2,all,sew_clif_equal,3,0.1143142361111111,0.8856857638888889,13169,115200,batch_x_channel_x_time,36154
openbmi,45,0,n25,sew_clif_equal,0,0.18790798611111112,0.8120920138888889,21647,115200,batch_x_channel_x_time,41453
openbmi,45,0,n25,sew_clif_equal,1,0.01954861111111111,0.9804513888888889,2252,115200,batch_x_channel_x_time,41453
openbmi,45,0,n25,sew_clif_equal,2,0.023159722222222224,0.9768402777777778,2668,115200,batch_x_channel_x_time,41453
openbmi,45,0,n25,sew_clif_equal,3,0.12921875,0.8707812500000001,14886,115200,batch_x_channel_x_time,41453
openbmi,45,0,all,sew_clif_equal,0,0.19613715277777777,0.8038628472222222,22595,115200,batch_x_channel_x_time,42846
openbmi,45,0,all,sew_clif_equal,1,0.020338541666666668,0.9796614583333333,2343,115200,batch_x_channel_x_time,42846
openbmi,45,0,all,sew_clif_equal,2,0.021840277777777778,0.9781597222222222,2516,115200,batch_x_channel_x_time,42846
openbmi,45,0,all,sew_clif_equal,3,0.13361111111111112,0.8663888888888889,15392,115200,batch_x_channel_x_time,42846
openbmi,45,1,n25,sew_clif_equal,0,0.16951388888888888,0.8304861111111111,19528,115200,batch_x_channel_x_time,36558
openbmi,45,1,n25,sew_clif_equal,1,0.013159722222222222,0.9868402777777778,1516,115200,batch_x_channel_x_time,36558
openbmi,45,1,n25,sew_clif_equal,2,0.019600694444444445,0.9803993055555555,2258,115200,batch_x_channel_x_time,36558
openbmi,45,1,n25,sew_clif_equal,3,0.11506944444444445,0.8849305555555556,13256,115200,batch_x_channel_x_time,36558
openbmi,45,1,all,sew_clif_equal,0,0.16490451388888888,0.8350954861111111,18997,115200,batch_x_channel_x_time,34043
openbmi,45,1,all,sew_clif_equal,1,0.010243055555555556,0.9897569444444444,1180,115200,batch_x_channel_x_time,34043
openbmi,45,1,all,sew_clif_equal,2,0.012873263888888889,0.9871267361111111,1483,115200,batch_x_channel_x_time,34043
openbmi,45,1,all,sew_clif_equal,3,0.10749131944444444,0.8925086805555555,12383,115200,batch_x_channel_x_time,34043
openbmi,45,2,n25,sew_clif_equal,0,0.18276909722222223,0.8172309027777778,21055,115200,batch_x_channel_x_time,38975
openbmi,45,2,n25,sew_clif_equal,1,0.014887152777777777,0.9851128472222223,1715,115200,batch_x_channel_x_time,38975
openbmi,45,2,n25,sew_clif_equal,2,0.018949652777777777,0.9810503472222222,2183,115200,batch_x_channel_x_time,38975
openbmi,45,2,n25,sew_clif_equal,3,0.12171875,0.87828125,14022,115200,batch_x_channel_x_time,38975
openbmi,45,2,all,sew_clif_equal,0,0.17874131944444444,0.8212586805555555,20591,115200,batch_x_channel_x_time,37687
openbmi,45,2,all,sew_clif_equal,1,0.013836805555555555,0.9861631944444444,1594,115200,batch_x_channel_x_time,37687
openbmi,45,2,all,sew_clif_equal,2,0.016727430555555554,0.9832725694444444,1927,115200,batch_x_channel_x_time,37687
openbmi,45,2,all,sew_clif_equal,3,0.11783854166666667,0.8821614583333334,13575,115200,batch_x_channel_x_time,37687
openbmi,46,0,n25,sew_clif_equal,0,0.15316840277777777,0.8468315972222222,17645,115200,batch_x_channel_x_time,33506
openbmi,46,0,n25,sew_clif_equal,1,0.016189236111111113,0.9838107638888889,1865,115200,batch_x_channel_x_time,33506
openbmi,46,0,n25,sew_clif_equal,2,0.015703125,0.984296875,1809,115200,batch_x_channel_x_time,33506
openbmi,46,0,n25,sew_clif_equal,3,0.10578993055555555,0.8942100694444445,12187,115200,batch_x_channel_x_time,33506
openbmi,46,0,all,sew_clif_equal,0,0.14723090277777778,0.8527690972222222,16961,115200,batch_x_channel_x_time,32809
openbmi,46,0,all,sew_clif_equal,1,0.015572916666666667,0.9844270833333333,1794,115200,batch_x_channel_x_time,32809
openbmi,46,0,all,sew_clif_equal,2,0.01810763888888889,0.9818923611111111,2086,115200,batch_x_channel_x_time,32809
openbmi,46,0,all,sew_clif_equal,3,0.10388888888888889,0.8961111111111111,11968,115200,batch_x_channel_x_time,32809
openbmi,46,1,n25,sew_clif_equal,0,0.14405381944444445,0.8559461805555555,16595,115200,batch_x_channel_x_time,30334
openbmi,46,1,n25,sew_clif_equal,1,0.009982638888888888,0.9900173611111112,1150,115200,batch_x_channel_x_time,30334
openbmi,46,1,n25,sew_clif_equal,2,0.012934027777777777,0.9870659722222223,1490,115200,batch_x_channel_x_time,30334
openbmi,46,1,n25,sew_clif_equal,3,0.09634548611111111,0.9036545138888888,11099,115200,batch_x_channel_x_time,30334
openbmi,46,1,all,sew_clif_equal,0,0.19104166666666667,0.8089583333333333,22008,115200,batch_x_channel_x_time,48148
openbmi,46,1,all,sew_clif_equal,1,0.033706597222222225,0.9662934027777778,3883,115200,batch_x_channel_x_time,48148
openbmi,46,1,all,sew_clif_equal,2,0.04349826388888889,0.9565017361111111,5011,115200,batch_x_channel_x_time,48148
openbmi,46,1,all,sew_clif_equal,3,0.14970486111111111,0.8502951388888889,17246,115200,batch_x_channel_x_time,48148
openbmi,46,2,n25,sew_clif_equal,0,0.14821180555555555,0.8517881944444444,17074,115200,batch_x_channel_x_time,29700
openbmi,46,2,n25,sew_clif_equal,1,0.006848958333333334,0.9931510416666667,789,115200,batch_x_channel_x_time,29700
openbmi,46,2,n25,sew_clif_equal,2,0.008784722222222222,0.9912152777777777,1012,115200,batch_x_channel_x_time,29700
openbmi,46,2,n25,sew_clif_equal,3,0.0939670138888889,0.9060329861111112,10825,115200,batch_x_channel_x_time,29700
openbmi,46,2,all,sew_clif_equal,0,0.16330729166666666,0.8366927083333333,18813,115200,batch_x_channel_x_time,36409
openbmi,46,2,all,sew_clif_equal,1,0.017421875,0.982578125,2007,115200,batch_x_channel_x_time,36409
openbmi,46,2,all,sew_clif_equal,2,0.02060763888888889,0.979392361111111,2374,115200,batch_x_channel_x_time,36409
openbmi,46,2,all,sew_clif_equal,3,0.11471354166666667,0.8852864583333333,13215,115200,batch_x_channel_x_time,36409
openbmi,47,0,n25,sew_clif_equal,0,0.15952256944444446,0.8404774305555556,18377,115200,batch_x_channel_x_time,34669
openbmi,47,0,n25,sew_clif_equal,1,0.014348958333333333,0.9856510416666666,1653,115200,batch_x_channel_x_time,34669
openbmi,47,0,n25,sew_clif_equal,2,0.017517361111111112,0.9824826388888889,2018,115200,batch_x_channel_x_time,34669
openbmi,47,0,n25,sew_clif_equal,3,0.10955729166666667,0.8904427083333333,12621,115200,batch_x_channel_x_time,34669
openbmi,47,0,all,sew_clif_equal,0,0.1740625,0.8259375,20052,115200,batch_x_channel_x_time,41034
openbmi,47,0,all,sew_clif_equal,1,0.02177951388888889,0.9782204861111111,2509,115200,batch_x_channel_x_time,41034
openbmi,47,0,all,sew_clif_equal,2,0.031796875,0.968203125,3663,115200,batch_x_channel_x_time,41034
openbmi,47,0,all,sew_clif_equal,3,0.12855902777777778,0.8714409722222223,14810,115200,batch_x_channel_x_time,41034
openbmi,47,1,n25,sew_clif_equal,0,0.16251736111111112,0.8374826388888889,18722,115200,batch_x_channel_x_time,36691
openbmi,47,1,n25,sew_clif_equal,1,0.019227430555555557,0.9807725694444445,2215,115200,batch_x_channel_x_time,36691
openbmi,47,1,n25,sew_clif_equal,2,0.0209375,0.9790625,2412,115200,batch_x_channel_x_time,36691
openbmi,47,1,n25,sew_clif_equal,3,0.11581597222222222,0.8841840277777778,13342,115200,batch_x_channel_x_time,36691
openbmi,47,1,all,sew_clif_equal,0,0.15474826388888888,0.8452517361111112,17827,115200,batch_x_channel_x_time,33784
openbmi,47,1,all,sew_clif_equal,1,0.01607638888888889,0.9839236111111112,1852,115200,batch_x_channel_x_time,33784
openbmi,47,1,all,sew_clif_equal,2,0.015434027777777777,0.9845659722222222,1778,115200,batch_x_channel_x_time,33784
openbmi,47,1,all,sew_clif_equal,3,0.10700520833333334,0.8929947916666666,12327,115200,batch_x_channel_x_time,33784
openbmi,47,2,n25,sew_clif_equal,0,0.14932291666666667,0.8506770833333334,17202,115200,batch_x_channel_x_time,30520
openbmi,47,2,n25,sew_clif_equal,1,0.00806423611111111,0.9919357638888889,929,115200,batch_x_channel_x_time,30520
openbmi,47,2,n25,sew_clif_equal,2,0.01025173611111111,0.9897482638888889,1181,115200,batch_x_channel_x_time,30520
openbmi,47,2,n25,sew_clif_equal,3,0.09729166666666667,0.9027083333333333,11208,115200,batch_x_channel_x_time,30520
openbmi,47,2,all,sew_clif_equal,0,0.158203125,0.841796875,18225,115200,batch_x_channel_x_time,33028
openbmi,47,2,all,sew_clif_equal,1,0.010260416666666666,0.9897395833333333,1182,115200,batch_x_channel_x_time,33028
openbmi,47,2,all,sew_clif_equal,2,0.013645833333333333,0.9863541666666666,1572,115200,batch_x_channel_x_time,33028
openbmi,47,2,all,sew_clif_equal,3,0.10459201388888889,0.895407986111111,12049,115200,batch_x_channel_x_time,33028
openbmi,48,0,n25,sew_clif_equal,0,0.15522569444444445,0.8447743055555555,17882,115200,batch_x_channel_x_time,32942
openbmi,48,0,n25,sew_clif_equal,1,0.01015625,0.98984375,1170,115200,batch_x_channel_x_time,32942
openbmi,48,0,n25,sew_clif_equal,2,0.01631076388888889,0.9836892361111111,1879,115200,batch_x_channel_x_time,32942
openbmi,48,0,n25,sew_clif_equal,3,0.10426215277777778,0.8957378472222222,12011,115200,batch_x_channel_x_time,32942
openbmi,48,0,all,sew_clif_equal,0,0.16056423611111112,0.8394357638888889,18497,115200,batch_x_channel_x_time,35045
openbmi,48,0,all,sew_clif_equal,1,0.015616319444444445,0.9843836805555556,1799,115200,batch_x_channel_x_time,35045
openbmi,48,0,all,sew_clif_equal,2,0.017265625,0.982734375,1989,115200,batch_x_channel_x_time,35045
openbmi,48,0,all,sew_clif_equal,3,0.11076388888888888,0.8892361111111111,12760,115200,batch_x_channel_x_time,35045
openbmi,48,1,n25,sew_clif_equal,0,0.151953125,0.848046875,17505,115200,batch_x_channel_x_time,31412
openbmi,48,1,n25,sew_clif_equal,1,0.009288194444444444,0.9907118055555556,1070,115200,batch_x_channel_x_time,31412
openbmi,48,1,n25,sew_clif_equal,2,0.011449652777777777,0.9885503472222222,1319,115200,batch_x_channel_x_time,31412
openbmi,48,1,n25,sew_clif_equal,3,0.09998263888888889,0.9000173611111111,11518,115200,batch_x_channel_x_time,31412
openbmi,48,1,all,sew_clif_equal,0,0.167265625,0.832734375,19269,115200,batch_x_channel_x_time,37286
openbmi,48,1,all,sew_clif_equal,1,0.01884548611111111,0.9811545138888889,2171,115200,batch_x_channel_x_time,37286
openbmi,48,1,all,sew_clif_equal,2,0.019956597222222223,0.9800434027777778,2299,115200,batch_x_channel_x_time,37286
openbmi,48,1,all,sew_clif_equal,3,0.1175954861111111,0.8824045138888889,13547,115200,batch_x_channel_x_time,37286
openbmi,48,2,n25,sew_clif_equal,0,0.16448784722222223,0.8355121527777778,18949,115200,batch_x_channel_x_time,35937
openbmi,48,2,n25,sew_clif_equal,1,0.01576388888888889,0.9842361111111111,1816,115200,batch_x_channel_x_time,35937
openbmi,48,2,n25,sew_clif_equal,2,0.018637152777777777,0.9813628472222222,2147,115200,batch_x_channel_x_time,35937
openbmi,48,2,n25,sew_clif_equal,3,0.1130642361111111,0.8869357638888888,13025,115200,batch_x_channel_x_time,35937
openbmi,48,2,all,sew_clif_equal,0,0.1458420138888889,0.854157986111111,16801,115200,batch_x_channel_x_time,31490
openbmi,48,2,all,sew_clif_equal,1,0.013237847222222222,0.9867621527777778,1525,115200,batch_x_channel_x_time,31490
openbmi,48,2,all,sew_clif_equal,2,0.01484375,0.98515625,1710,115200,batch_x_channel_x_time,31490
openbmi,48,2,all,sew_clif_equal,3,0.09942708333333333,0.9005729166666667,11454,115200,batch_x_channel_x_time,31490
openbmi,49,0,n25,sew_clif_equal,0,0.18068576388888888,0.8193142361111111,20815,115200,batch_x_channel_x_time,44668
openbmi,49,0,n25,sew_clif_equal,1,0.029166666666666667,0.9708333333333333,3360,115200,batch_x_channel_x_time,44668
openbmi,49,0,n25,sew_clif_equal,2,0.03791666666666667,0.9620833333333333,4368,115200,batch_x_channel_x_time,44668
openbmi,49,0,n25,sew_clif_equal,3,0.13997395833333334,0.8600260416666666,16125,115200,batch_x_channel_x_time,44668
openbmi,49,0,all,sew_clif_equal,0,0.17473090277777778,0.8252690972222222,20129,115200,batch_x_channel_x_time,41144
openbmi,49,0,all,sew_clif_equal,1,0.023758680555555557,0.9762413194444445,2737,115200,batch_x_channel_x_time,41144
openbmi,49,0,all,sew_clif_equal,2,0.029071180555555555,0.9709288194444444,3349,115200,batch_x_channel_x_time,41144
openbmi,49,0,all,sew_clif_equal,3,0.12959201388888889,0.8704079861111111,14929,115200,batch_x_channel_x_time,41144
openbmi,49,1,n25,sew_clif_equal,0,0.16674479166666667,0.8332552083333333,19209,115200,batch_x_channel_x_time,38690
openbmi,49,1,n25,sew_clif_equal,1,0.021276041666666665,0.9787239583333334,2451,115200,batch_x_channel_x_time,38690
openbmi,49,1,n25,sew_clif_equal,2,0.025928819444444445,0.9740711805555555,2987,115200,batch_x_channel_x_time,38690
openbmi,49,1,n25,sew_clif_equal,3,0.12190104166666667,0.8780989583333333,14043,115200,batch_x_channel_x_time,38690
openbmi,49,1,all,sew_clif_equal,0,0.16040798611111112,0.8395920138888888,18479,115200,batch_x_channel_x_time,34753
openbmi,49,1,all,sew_clif_equal,1,0.014470486111111111,0.9855295138888889,1667,115200,batch_x_channel_x_time,34753
openbmi,49,1,all,sew_clif_equal,2,0.016666666666666666,0.9833333333333333,1920,115200,batch_x_channel_x_time,34753
openbmi,49,1,all,sew_clif_equal,3,0.11013020833333333,0.8898697916666667,12687,115200,batch_x_channel_x_time,34753
openbmi,49,2,n25,sew_clif_equal,0,0.18559895833333334,0.8144010416666667,21381,115200,batch_x_channel_x_time,43887
openbmi,49,2,n25,sew_clif_equal,1,0.02493923611111111,0.9750607638888888,2873,115200,batch_x_channel_x_time,43887
openbmi,49,2,n25,sew_clif_equal,2,0.033324652777777776,0.9666753472222223,3839,115200,batch_x_channel_x_time,43887
openbmi,49,2,n25,sew_clif_equal,3,0.13710069444444445,0.8628993055555556,15794,115200,batch_x_channel_x_time,43887
openbmi,49,2,all,sew_clif_equal,0,0.17690104166666668,0.8230989583333334,20379,115200,batch_x_channel_x_time,39745
openbmi,49,2,all,sew_clif_equal,1,0.019765625,0.980234375,2277,115200,batch_x_channel_x_time,39745
openbmi,49,2,all,sew_clif_equal,2,0.023411458333333333,0.9765885416666666,2697,115200,batch_x_channel_x_time,39745
openbmi,49,2,all,sew_clif_equal,3,0.12493055555555556,0.8750694444444445,14392,115200,batch_x_channel_x_time,39745
openbmi,50,0,n25,sew_clif_equal,0,0.14828993055555556,0.8517100694444444,17083,115200,batch_x_channel_x_time,31568
openbmi,50,0,n25,sew_clif_equal,1,0.012395833333333333,0.9876041666666666,1428,115200,batch_x_channel_x_time,31568
openbmi,50,0,n25,sew_clif_equal,2,0.01375,0.98625,1584,115200,batch_x_channel_x_time,31568
openbmi,50,0,n25,sew_clif_equal,3,0.09959201388888889,0.9004079861111112,11473,115200,batch_x_channel_x_time,31568
openbmi,50,0,all,sew_clif_equal,0,0.15585069444444444,0.8441493055555556,17954,115200,batch_x_channel_x_time,31147
openbmi,50,0,all,sew_clif_equal,1,0.007248263888888889,0.9927517361111111,835,115200,batch_x_channel_x_time,31147
openbmi,50,0,all,sew_clif_equal,2,0.008576388888888889,0.9914236111111111,988,115200,batch_x_channel_x_time,31147
openbmi,50,0,all,sew_clif_equal,3,0.09869791666666666,0.9013020833333334,11370,115200,batch_x_channel_x_time,31147
openbmi,50,1,n25,sew_clif_equal,0,0.14943576388888888,0.8505642361111111,17215,115200,batch_x_channel_x_time,31948
openbmi,50,1,n25,sew_clif_equal,1,0.011909722222222223,0.9880902777777778,1372,115200,batch_x_channel_x_time,31948
openbmi,50,1,n25,sew_clif_equal,2,0.014678819444444444,0.9853211805555555,1691,115200,batch_x_channel_x_time,31948
openbmi,50,1,n25,sew_clif_equal,3,0.10130208333333333,0.8986979166666667,11670,115200,batch_x_channel_x_time,31948
openbmi,50,1,all,sew_clif_equal,0,0.1424045138888889,0.8575954861111111,16405,115200,batch_x_channel_x_time,31601
openbmi,50,1,all,sew_clif_equal,1,0.013038194444444444,0.9869618055555556,1502,115200,batch_x_channel_x_time,31601
openbmi,50,1,all,sew_clif_equal,2,0.01876736111111111,0.9812326388888889,2162,115200,batch_x_channel_x_time,31601
openbmi,50,1,all,sew_clif_equal,3,0.10010416666666666,0.8998958333333333,11532,115200,batch_x_channel_x_time,31601
openbmi,50,2,n25,sew_clif_equal,0,0.1355295138888889,0.8644704861111111,15613,115200,batch_x_channel_x_time,31464
openbmi,50,2,n25,sew_clif_equal,1,0.01776909722222222,0.9822309027777778,2047,115200,batch_x_channel_x_time,31464
openbmi,50,2,n25,sew_clif_equal,2,0.020928819444444444,0.9790711805555555,2411,115200,batch_x_channel_x_time,31464
openbmi,50,2,n25,sew_clif_equal,3,0.09889756944444444,0.9011024305555555,11393,115200,batch_x_channel_x_time,31464
openbmi,50,2,all,sew_clif_equal,0,0.1625,0.8375,18720,115200,batch_x_channel_x_time,37403
openbmi,50,2,all,sew_clif_equal,1,0.02224826388888889,0.9777517361111111,2563,115200,batch_x_channel_x_time,37403
openbmi,50,2,all,sew_clif_equal,2,0.022508680555555556,0.9774913194444445,2593,115200,batch_x_channel_x_time,37403
openbmi,50,2,all,sew_clif_equal,3,0.117421875,0.882578125,13527,115200,batch_x_channel_x_time,37403
openbmi,51,0,n25,sew_clif_equal,0,0.16027777777777777,0.8397222222222223,18464,115200,batch_x_channel_x_time,36772
openbmi,51,0,n25,sew_clif_equal,1,0.019036458333333332,0.9809635416666667,2193,115200,batch_x_channel_x_time,36772
openbmi,51,0,n25,sew_clif_equal,2,0.02376736111111111,0.9762326388888889,2738,115200,batch_x_channel_x_time,36772
openbmi,51,0,n25,sew_clif_equal,3,0.11611979166666667,0.8838802083333334,13377,115200,batch_x_channel_x_time,36772
openbmi,51,0,all,sew_clif_equal,0,0.169765625,0.830234375,19557,115200,batch_x_channel_x_time,41342
openbmi,51,0,all,sew_clif_equal,1,0.02599826388888889,0.9740017361111111,2995,115200,batch_x_channel_x_time,41342
openbmi,51,0,all,sew_clif_equal,2,0.03352430555555556,0.9664756944444445,3862,115200,batch_x_channel_x_time,41342
openbmi,51,0,all,sew_clif_equal,3,0.12958333333333333,0.8704166666666666,14928,115200,batch_x_channel_x_time,41342
openbmi,51,1,n25,sew_clif_equal,0,0.14608506944444444,0.8539149305555556,16829,115200,batch_x_channel_x_time,29566
openbmi,51,1,n25,sew_clif_equal,1,0.008246527777777778,0.9917534722222222,950,115200,batch_x_channel_x_time,29566
openbmi,51,1,n25,sew_clif_equal,2,0.007934027777777778,0.9920659722222223,914,115200,batch_x_channel_x_time,29566
openbmi,51,1,n25,sew_clif_equal,3,0.09438368055555556,0.9056163194444444,10873,115200,batch_x_channel_x_time,29566
openbmi,51,1,all,sew_clif_equal,0,0.13472222222222222,0.8652777777777778,15520,115200,batch_x_channel_x_time,28177
openbmi,51,1,all,sew_clif_equal,1,0.009071180555555556,0.9909288194444444,1045,115200,batch_x_channel_x_time,28177
openbmi,51,1,all,sew_clif_equal,2,0.010364583333333333,0.9896354166666667,1194,115200,batch_x_channel_x_time,28177
openbmi,51,1,all,sew_clif_equal,3,0.09043402777777777,0.9095659722222222,10418,115200,batch_x_channel_x_time,28177
openbmi,51,2,n25,sew_clif_equal,0,0.16431423611111112,0.8356857638888888,18929,115200,batch_x_channel_x_time,36266
openbmi,51,2,n25,sew_clif_equal,1,0.016953125,0.983046875,1953,115200,batch_x_channel_x_time,36266
openbmi,51,2,n25,sew_clif_equal,2,0.019314236111111112,0.9806857638888888,2225,115200,batch_x_channel_x_time,36266
openbmi,51,2,n25,sew_clif_equal,3,0.11422743055555555,0.8857725694444445,13159,115200,batch_x_channel_x_time,36266
openbmi,51,2,all,sew_clif_equal,0,0.16815972222222222,0.8318402777777778,19372,115200,batch_x_channel_x_time,38310
openbmi,51,2,all,sew_clif_equal,1,0.01859375,0.98140625,2142,115200,batch_x_channel_x_time,38310
openbmi,51,2,all,sew_clif_equal,2,0.025086805555555557,0.9749131944444445,2890,115200,batch_x_channel_x_time,38310
openbmi,51,2,all,sew_clif_equal,3,0.12071180555555555,0.8792881944444444,13906,115200,batch_x_channel_x_time,38310
openbmi,52,0,n25,sew_clif_equal,0,0.16526041666666666,0.8347395833333333,19038,115200,batch_x_channel_x_time,35793
openbmi,52,0,n25,sew_clif_equal,1,0.013506944444444445,0.9864930555555556,1556,115200,batch_x_channel_x_time,35793
openbmi,52,0,n25,sew_clif_equal,2,0.018697916666666668,0.9813020833333334,2154,115200,batch_x_channel_x_time,35793
openbmi,52,0,n25,sew_clif_equal,3,0.11323784722222222,0.8867621527777778,13045,115200,batch_x_channel_x_time,35793
openbmi,52,0,all,sew_clif_equal,0,0.1740972222222222,0.8259027777777778,20056,115200,batch_x_channel_x_time,38483
openbmi,52,0,all,sew_clif_equal,1,0.013776041666666667,0.9862239583333333,1587,115200,batch_x_channel_x_time,38483
openbmi,52,0,all,sew_clif_equal,2,0.024947916666666667,0.9750520833333334,2874,115200,batch_x_channel_x_time,38483
openbmi,52,0,all,sew_clif_equal,3,0.12123263888888888,0.8787673611111111,13966,115200,batch_x_channel_x_time,38483
openbmi,52,1,n25,sew_clif_equal,0,0.17542534722222222,0.8245746527777778,20209,115200,batch_x_channel_x_time,37837
openbmi,52,1,n25,sew_clif_equal,1,0.015260416666666667,0.9847395833333333,1758,115200,batch_x_channel_x_time,37837
openbmi,52,1,n25,sew_clif_equal,2,0.018411458333333332,0.9815885416666666,2121,115200,batch_x_channel_x_time,37837
openbmi,52,1,n25,sew_clif_equal,3,0.11934895833333334,0.8806510416666666,13749,115200,batch_x_channel_x_time,37837
openbmi,52,1,all,sew_clif_equal,0,0.17567708333333334,0.8243229166666667,20238,115200,batch_x_channel_x_time,40248
openbmi,52,1,all,sew_clif_equal,1,0.02051215277777778,0.9794878472222223,2363,115200,batch_x_channel_x_time,40248
openbmi,52,1,all,sew_clif_equal,2,0.026475694444444444,0.9735243055555556,3050,115200,batch_x_channel_x_time,40248
openbmi,52,1,all,sew_clif_equal,3,0.12671006944444443,0.8732899305555556,14597,115200,batch_x_channel_x_time,40248
openbmi,52,2,n25,sew_clif_equal,0,0.17811631944444445,0.8218836805555556,20519,115200,batch_x_channel_x_time,39298
openbmi,52,2,n25,sew_clif_equal,1,0.019175347222222222,0.9808246527777778,2209,115200,batch_x_channel_x_time,39298
openbmi,52,2,n25,sew_clif_equal,2,0.02037326388888889,0.9796267361111111,2347,115200,batch_x_channel_x_time,39298
openbmi,52,2,n25,sew_clif_equal,3,0.12346354166666666,0.8765364583333334,14223,115200,batch_x_channel_x_time,39298
openbmi,52,2,all,sew_clif_equal,0,0.18230902777777777,0.8176909722222222,21002,115200,batch_x_channel_x_time,41057
openbmi,52,2,all,sew_clif_equal,1,0.02006076388888889,0.9799392361111111,2311,115200,batch_x_channel_x_time,41057
openbmi,52,2,all,sew_clif_equal,2,0.025026041666666665,0.9749739583333333,2883,115200,batch_x_channel_x_time,41057
openbmi,52,2,all,sew_clif_equal,3,0.1290017361111111,0.8709982638888889,14861,115200,batch_x_channel_x_time,41057
openbmi,53,0,n25,sew_clif_equal,0,0.15502604166666667,0.8449739583333333,17859,115200,batch_x_channel_x_time,33131
openbmi,53,0,n25,sew_clif_equal,1,0.012170138888888888,0.9878298611111112,1402,115200,batch_x_channel_x_time,33131
openbmi,53,0,n25,sew_clif_equal,2,0.015269097222222222,0.9847309027777778,1759,115200,batch_x_channel_x_time,33131
openbmi,53,0,n25,sew_clif_equal,3,0.10513020833333334,0.8948697916666667,12111,115200,batch_x_channel_x_time,33131
openbmi,53,0,all,sew_clif_equal,0,0.15924479166666666,0.8407552083333334,18345,115200,batch_x_channel_x_time,35572
openbmi,53,0,all,sew_clif_equal,1,0.018159722222222223,0.9818402777777778,2092,115200,batch_x_channel_x_time,35572
openbmi,53,0,all,sew_clif_equal,2,0.019053819444444446,0.9809461805555556,2195,115200,batch_x_channel_x_time,35572
openbmi,53,0,all,sew_clif_equal,3,0.11232638888888889,0.8876736111111111,12940,115200,batch_x_channel_x_time,35572
openbmi,53,1,n25,sew_clif_equal,0,0.15210069444444443,0.8478993055555556,17522,115200,batch_x_channel_x_time,33210
openbmi,53,1,n25,sew_clif_equal,1,0.014539930555555556,0.9854600694444444,1675,115200,batch_x_channel_x_time,33210
openbmi,53,1,n25,sew_clif_equal,2,0.016059027777777776,0.9839409722222222,1850,115200,batch_x_channel_x_time,33210
openbmi,53,1,n25,sew_clif_equal,3,0.10558159722222223,0.8944184027777777,12163,115200,batch_x_channel_x_time,33210
openbmi,53,1,all,sew_clif_equal,0,0.1658420138888889,0.8341579861111111,19105,115200,batch_x_channel_x_time,37542
openbmi,53,1,all,sew_clif_equal,1,0.016362847222222223,0.9836371527777777,1885,115200,batch_x_channel_x_time,37542
openbmi,53,1,all,sew_clif_equal,2,0.02526909722222222,0.9747309027777777,2911,115200,batch_x_channel_x_time,37542
openbmi,53,1,all,sew_clif_equal,3,0.11841145833333333,0.8815885416666667,13641,115200,batch_x_channel_x_time,37542
openbmi,53,2,n25,sew_clif_equal,0,0.17297743055555556,0.8270225694444444,19927,115200,batch_x_channel_x_time,38876
openbmi,53,2,n25,sew_clif_equal,1,0.016987847222222224,0.9830121527777778,1957,115200,batch_x_channel_x_time,38876
openbmi,53,2,n25,sew_clif_equal,2,0.025130208333333334,0.9748697916666667,2895,115200,batch_x_channel_x_time,38876
openbmi,53,2,n25,sew_clif_equal,3,0.12236979166666667,0.8776302083333334,14097,115200,batch_x_channel_x_time,38876
openbmi,53,2,all,sew_clif_equal,0,0.17139756944444445,0.8286024305555555,19745,115200,batch_x_channel_x_time,38778
openbmi,53,2,all,sew_clif_equal,1,0.019253472222222224,0.9807465277777778,2218,115200,batch_x_channel_x_time,38778
openbmi,53,2,all,sew_clif_equal,2,0.023845486111111112,0.9761545138888889,2747,115200,batch_x_channel_x_time,38778
openbmi,53,2,all,sew_clif_equal,3,0.12211805555555555,0.8778819444444445,14068,115200,batch_x_channel_x_time,38778
openbmi,54,0,n25,sew_clif_equal,0,0.1490451388888889,0.8509548611111111,17170,115200,batch_x_channel_x_time,36757
openbmi,54,0,n25,sew_clif_equal,1,0.02470486111111111,0.9752951388888889,2846,115200,batch_x_channel_x_time,36757
openbmi,54,0,n25,sew_clif_equal,2,0.029383680555555555,0.9706163194444445,3385,115200,batch_x_channel_x_time,36757
openbmi,54,0,n25,sew_clif_equal,3,0.1159375,0.8840625,13356,115200,batch_x_channel_x_time,36757
openbmi,54,0,all,sew_clif_equal,0,0.16121527777777778,0.8387847222222222,18572,115200,batch_x_channel_x_time,42892
openbmi,54,0,all,sew_clif_equal,1,0.034366319444444446,0.9656336805555555,3959,115200,batch_x_channel_x_time,42892
openbmi,54,0,all,sew_clif_equal,2,0.042395833333333334,0.9576041666666667,4884,115200,batch_x_channel_x_time,42892
openbmi,54,0,all,sew_clif_equal,3,0.13434895833333332,0.8656510416666667,15477,115200,batch_x_channel_x_time,42892
openbmi,54,1,n25,sew_clif_equal,0,0.16099826388888888,0.8390017361111111,18547,115200,batch_x_channel_x_time,35219
openbmi,54,1,n25,sew_clif_equal,1,0.011614583333333333,0.9883854166666667,1338,115200,batch_x_channel_x_time,35219
openbmi,54,1,n25,sew_clif_equal,2,0.02214409722222222,0.9778559027777778,2551,115200,batch_x_channel_x_time,35219
openbmi,54,1,n25,sew_clif_equal,3,0.11096354166666667,0.8890364583333333,12783,115200,batch_x_channel_x_time,35219
openbmi,54,1,all,sew_clif_equal,0,0.1560329861111111,0.8439670138888888,17975,115200,batch_x_channel_x_time,34218
openbmi,54,1,all,sew_clif_equal,1,0.013055555555555556,0.9869444444444444,1504,115200,batch_x_channel_x_time,34218
openbmi,54,1,all,sew_clif_equal,2,0.019644097222222223,0.9803559027777777,2263,115200,batch_x_channel_x_time,34218
openbmi,54,1,all,sew_clif_equal,3,0.10829861111111111,0.891701388888889,12476,115200,batch_x_channel_x_time,34218
openbmi,54,2,n25,sew_clif_equal,0,0.14350694444444445,0.8564930555555555,16532,115200,batch_x_channel_x_time,31387
openbmi,54,2,n25,sew_clif_equal,1,0.015512152777777777,0.9844878472222223,1787,115200,batch_x_channel_x_time,31387
openbmi,54,2,n25,sew_clif_equal,2,0.01365451388888889,0.9863454861111111,1573,115200,batch_x_channel_x_time,31387
openbmi,54,2,n25,sew_clif_equal,3,0.09978298611111111,0.9002170138888889,11495,115200,batch_x_channel_x_time,31387
openbmi,54,2,all,sew_clif_equal,0,0.16580729166666666,0.8341927083333334,19101,115200,batch_x_channel_x_time,38662
openbmi,54,2,all,sew_clif_equal,1,0.022335069444444446,0.9776649305555556,2573,115200,batch_x_channel_x_time,38662
openbmi,54,2,all,sew_clif_equal,2,0.025789930555555556,0.9742100694444444,2971,115200,batch_x_channel_x_time,38662
openbmi,54,2,all,sew_clif_equal,3,0.12167534722222222,0.8783246527777778,14017,115200,batch_x_channel_x_time,38662
bnci2014_004,1,0,n25,sew_clif_equal,0,0.1809787326388889,0.8190212673611111,66716,368640,batch_x_channel_x_time,155960
bnci2014_004,1,0,n25,sew_clif_equal,1,0.0368408203125,0.9631591796875,13581,368640,batch_x_channel_x_time,155960
bnci2014_004,1,0,n25,sew_clif_equal,2,0.05392795138888889,0.9460720486111112,19880,368640,batch_x_channel_x_time,155960
bnci2014_004,1,0,n25,sew_clif_equal,3,0.15132107204861112,0.8486789279513889,55783,368640,batch_x_channel_x_time,155960
bnci2014_004,1,0,n50,sew_clif_equal,0,0.17448187934027778,0.8255181206597222,64321,368640,batch_x_channel_x_time,145205
bnci2014_004,1,0,n50,sew_clif_equal,1,0.029679361979166666,0.9703206380208333,10941,368640,batch_x_channel_x_time,145205
bnci2014_004,1,0,n50,sew_clif_equal,2,0.04846733940972222,0.9515326605902777,17867,368640,batch_x_channel_x_time,145205
bnci2014_004,1,0,n50,sew_clif_equal,3,0.14126519097222223,0.8587348090277778,52076,368640,batch_x_channel_x_time,145205
bnci2014_004,1,0,n100,sew_clif_equal,0,0.1786404079861111,0.8213595920138889,65854,368640,batch_x_channel_x_time,139610
bnci2014_004,1,0,n100,sew_clif_equal,1,0.02475043402777778,0.9752495659722222,9124,368640,batch_x_channel_x_time,139610
bnci2014_004,1,0,n100,sew_clif_equal,2,0.039103190104166664,0.9608968098958334,14415,368640,batch_x_channel_x_time,139610
bnci2014_004,1,0,n100,sew_clif_equal,3,0.13622233072916667,0.8637776692708333,50217,368640,batch_x_channel_x_time,139610
bnci2014_004,1,0,all,sew_clif_equal,0,0.18107096354166666,0.8189290364583334,66750,368640,batch_x_channel_x_time,148411
bnci2014_004,1,0,all,sew_clif_equal,1,0.03155381944444444,0.9684461805555555,11632,368640,batch_x_channel_x_time,148411
bnci2014_004,1,0,all,sew_clif_equal,2,0.045515950520833334,0.9544840494791667,16779,368640,batch_x_channel_x_time,148411
bnci2014_004,1,0,all,sew_clif_equal,3,0.14444986979166666,0.8555501302083334,53250,368640,batch_x_channel_x_time,148411
bnci2014_004,1,1,n25,sew_clif_equal,0,0.18939344618055556,0.8106065538194445,69818,368640,batch_x_channel_x_time,175718
bnci2014_004,1,1,n25,sew_clif_equal,1,0.05319010416666667,0.9468098958333333,19608,368640,batch_x_channel_x_time,175718
bnci2014_004,1,1,n25,sew_clif_equal,2,0.06457790798611111,0.9354220920138889,23806,368640,batch_x_channel_x_time,175718
bnci2014_004,1,1,n25,sew_clif_equal,3,0.1695041232638889,0.8304958767361111,62486,368640,batch_x_channel_x_time,175718
bnci2014_004,1,1,n50,sew_clif_equal,0,0.19400770399305556,0.8059922960069444,71519,368640,batch_x_channel_x_time,194984
bnci2014_004,1,1,n50,sew_clif_equal,1,0.05917154947916667,0.9408284505208333,21813,368640,batch_x_channel_x_time,194984
bnci2014_004,1,1,n50,sew_clif_equal,2,0.08849283854166666,0.9115071614583333,32622,368640,batch_x_channel_x_time,194984
bnci2014_004,1,1,n50,sew_clif_equal,3,0.187255859375,0.812744140625,69030,368640,batch_x_channel_x_time,194984
bnci2014_004,1,1,n100,sew_clif_equal,0,0.1742621527777778,0.8257378472222222,64240,368640,batch_x_channel_x_time,156954
bnci2014_004,1,1,n100,sew_clif_equal,1,0.04143337673611111,0.9585666232638889,15274,368640,batch_x_channel_x_time,156954
bnci2014_004,1,1,n100,sew_clif_equal,2,0.057389322916666666,0.9426106770833333,21156,368640,batch_x_channel_x_time,156954
bnci2014_004,1,1,n100,sew_clif_equal,3,0.15268012152777777,0.8473198784722222,56284,368640,batch_x_channel_x_time,156954
bnci2014_004,1,1,all,sew_clif_equal,0,0.19502766927083334,0.8049723307291666,71895,368640,batch_x_channel_x_time,165921
bnci2014_004,1,1,all,sew_clif_equal,1,0.0364013671875,0.9635986328125,13419,368640,batch_x_channel_x_time,165921
bnci2014_004,1,1,all,sew_clif_equal,2,0.05755479600694444,0.9424452039930555,21217,368640,batch_x_channel_x_time,165921
bnci2014_004,1,1,all,sew_clif_equal,3,0.1611056857638889,0.8388943142361112,59390,368640,batch_x_channel_x_time,165921
bnci2014_004,1,2,n25,sew_clif_equal,0,0.157421875,0.842578125,58032,368640,batch_x_channel_x_time,114819
bnci2014_004,1,2,n25,sew_clif_equal,1,0.01755913628472222,0.9824408637152777,6473,368640,batch_x_channel_x_time,114819
bnci2014_004,1,2,n25,sew_clif_equal,2,0.023432074652777777,0.9765679253472223,8638,368640,batch_x_channel_x_time,114819
bnci2014_004,1,2,n25,sew_clif_equal,3,0.11305338541666667,0.8869466145833333,41676,368640,batch_x_channel_x_time,114819
bnci2014_004,1,2,n50,sew_clif_equal,0,0.1597900390625,0.8402099609375,58905,368640,batch_x_channel_x_time,119223
bnci2014_004,1,2,n50,sew_clif_equal,1,0.020342339409722222,0.9796576605902778,7499,368640,batch_x_channel_x_time,119223
bnci2014_004,1,2,n50,sew_clif_equal,2,0.026217990451388888,0.9737820095486112,9665,368640,batch_x_channel_x_time,119223
bnci2014_004,1,2,n50,sew_clif_equal,3,0.11706271701388889,0.8829372829861111,43154,368640,batch_x_channel_x_time,119223
bnci2014_004,1,2,n100,sew_clif_equal,0,0.1840847439236111,0.8159152560763889,67861,368640,batch_x_channel_x_time,154331
bnci2014_004,1,2,n100,sew_clif_equal,1,0.03263888888888889,0.9673611111111111,12032,368640,batch_x_channel_x_time,154331
bnci2014_004,1,2,n100,sew_clif_equal,2,0.05224066840277778,0.9477593315972223,19258,368640,batch_x_channel_x_time,154331
bnci2014_004,1,2,n100,sew_clif_equal,3,0.1496853298611111,0.8503146701388888,55180,368640,batch_x_channel_x_time,154331
bnci2014_004,1,2,all,sew_clif_equal,0,0.17520073784722223,0.8247992621527778,64586,368640,batch_x_channel_x_time,138342
bnci2014_004,1,2,all,sew_clif_equal,1,0.024571397569444445,0.9754286024305555,9058,368640,batch_x_channel_x_time,138342
bnci2014_004,1,2,all,sew_clif_equal,2,0.04014756944444445,0.9598524305555556,14800,368640,batch_x_channel_x_time,138342
bnci2014_004,1,2,all,sew_clif_equal,3,0.13535698784722222,0.8646430121527777,49898,368640,batch_x_channel_x_time,138342
bnci2014_004,2,0,n25,sew_clif_equal,0,0.19029327876984126,0.8097067212301587,61381,322560,batch_x_channel_x_time,161005
bnci2014_004,2,0,n25,sew_clif_equal,1,0.051277281746031744,0.9487227182539683,16540,322560,batch_x_channel_x_time,161005
bnci2014_004,2,0,n25,sew_clif_equal,2,0.08062065972222222,0.9193793402777778,26005,322560,batch_x_channel_x_time,161005
bnci2014_004,2,0,n25,sew_clif_equal,3,0.1769562251984127,0.8230437748015873,57079,322560,batch_x_channel_x_time,161005
bnci2014_004,2,0,n50,sew_clif_equal,0,0.1825799851190476,0.8174200148809524,58893,322560,batch_x_channel_x_time,133467
bnci2014_004,2,0,n50,sew_clif_equal,1,0.03453311011904762,0.9654668898809524,11139,322560,batch_x_channel_x_time,133467
bnci2014_004,2,0,n50,sew_clif_equal,2,0.04845920138888889,0.9515407986111111,15631,322560,batch_x_channel_x_time,133467
bnci2014_004,2,0,n50,sew_clif_equal,3,0.1482018849206349,0.8517981150793651,47804,322560,batch_x_channel_x_time,133467
bnci2014_004,2,0,n100,sew_clif_equal,0,0.18412698412698414,0.8158730158730159,59392,322560,batch_x_channel_x_time,133158
bnci2014_004,2,0,n100,sew_clif_equal,1,0.02962549603174603,0.970374503968254,9556,322560,batch_x_channel_x_time,133158
bnci2014_004,2,0,n100,sew_clif_equal,2,0.050703745039682536,0.9492962549603174,16355,322560,batch_x_channel_x_time,133158
bnci2014_004,2,0,n100,sew_clif_equal,3,0.14835999503968253,0.8516400049603174,47855,322560,batch_x_channel_x_time,133158
bnci2014_004,2,0,all,sew_clif_equal,0,0.1892981150793651,0.8107018849206349,61060,322560,batch_x_channel_x_time,173517
bnci2014_004,2,0,all,sew_clif_equal,1,0.05883866567460318,0.9411613343253968,18979,322560,batch_x_channel_x_time,173517
bnci2014_004,2,0,all,sew_clif_equal,2,0.09888392857142857,0.9011160714285714,31896,322560,batch_x_channel_x_time,173517
bnci2014_004,2,0,all,sew_clif_equal,3,0.19091641865079365,0.8090835813492063,61582,322560,batch_x_channel_x_time,173517
bnci2014_004,2,1,n25,sew_clif_equal,0,0.1767609126984127,0.8232390873015873,57016,322560,batch_x_channel_x_time,133771
bnci2014_004,2,1,n25,sew_clif_equal,1,0.0390718005952381,0.9609281994047619,12603,322560,batch_x_channel_x_time,133771
bnci2014_004,2,1,n25,sew_clif_equal,2,0.05028831845238095,0.9497116815476191,16221,322560,batch_x_channel_x_time,133771
bnci2014_004,2,1,n25,sew_clif_equal,3,0.14859561011904762,0.8514043898809524,47931,322560,batch_x_channel_x_time,133771
bnci2014_004,2,1,n50,sew_clif_equal,0,0.17704613095238095,0.822953869047619,57108,322560,batch_x_channel_x_time,131301
bnci2014_004,2,1,n50,sew_clif_equal,1,0.036746651785714284,0.9632533482142858,11853,322560,batch_x_channel_x_time,131301
bnci2014_004,2,1,n50,sew_clif_equal,2,0.04681299603174603,0.953187003968254,15100,322560,batch_x_channel_x_time,131301
bnci2014_004,2,1,n50,sew_clif_equal,3,0.14645337301587302,0.853546626984127,47240,322560,batch_x_channel_x_time,131301
bnci2014_004,2,1,n100,sew_clif_equal,0,0.19580543154761904,0.804194568452381,63159,322560,batch_x_channel_x_time,155425
bnci2014_004,2,1,n100,sew_clif_equal,1,0.0439484126984127,0.9560515873015873,14176,322560,batch_x_channel_x_time,155425
bnci2014_004,2,1,n100,sew_clif_equal,2,0.06947544642857142,0.9305245535714286,22410,322560,batch_x_channel_x_time,155425
bnci2014_004,2,1,n100,sew_clif_equal,3,0.17261904761904762,0.8273809523809523,55680,322560,batch_x_channel_x_time,155425
bnci2014_004,2,1,all,sew_clif_equal,0,0.1888702876984127,0.8111297123015873,60922,322560,batch_x_channel_x_time,179585
bnci2014_004,2,1,all,sew_clif_equal,1,0.06546999007936508,0.934530009920635,21118,322560,batch_x_channel_x_time,179585
bnci2014_004,2,1,all,sew_clif_equal,2,0.1046968005952381,0.8953031994047619,33771,322560,batch_x_channel_x_time,179585
bnci2014_004,2,1,all,sew_clif_equal,3,0.19771205357142857,0.8022879464285715,63774,322560,batch_x_channel_x_time,179585
bnci2014_004,2,2,n25,sew_clif_equal,0,0.18012772817460318,0.8198722718253968,58102,322560,batch_x_channel_x_time,152253
bnci2014_004,2,2,n25,sew_clif_equal,1,0.04972098214285714,0.9502790178571429,16038,322560,batch_x_channel_x_time,152253
bnci2014_004,2,2,n25,sew_clif_equal,2,0.07394283234126985,0.9260571676587301,23851,322560,batch_x_channel_x_time,152253
bnci2014_004,2,2,n25,sew_clif_equal,3,0.16822296626984126,0.8317770337301588,54262,322560,batch_x_channel_x_time,152253
bnci2014_004,2,2,n50,sew_clif_equal,0,0.1755828373015873,0.8244171626984127,56636,322560,batch_x_channel_x_time,129504
bnci2014_004,2,2,n50,sew_clif_equal,1,0.03088417658730159,0.9691158234126984,9962,322560,batch_x_channel_x_time,129504
bnci2014_004,2,2,n50,sew_clif_equal,2,0.05105716765873016,0.9489428323412699,16469,322560,batch_x_channel_x_time,129504
bnci2014_004,2,2,n50,sew_clif_equal,3,0.1439639136904762,0.8560360863095238,46437,322560,batch_x_channel_x_time,129504
bnci2014_004,2,2,n100,sew_clif_equal,0,0.16650855654761904,0.833491443452381,53709,322560,batch_x_channel_x_time,127880
bnci2014_004,2,2,n100,sew_clif_equal,1,0.03266679067460317,0.9673332093253968,10537,322560,batch_x_channel_x_time,127880
bnci2014_004,2,2,n100,sew_clif_equal,2,0.05461619543650793,0.945383804563492,17617,322560,batch_x_channel_x_time,127880
bnci2014_004,2,2,n100,sew_clif_equal,3,0.14266183035714286,0.8573381696428571,46017,322560,batch_x_channel_x_time,127880
bnci2014_004,2,2,all,sew_clif_equal,0,0.20398065476190477,0.7960193452380953,65796,322560,batch_x_channel_x_time,228007
bnci2014_004,2,2,all,sew_clif_equal,1,0.0986297123015873,0.9013702876984127,31814,322560,batch_x_channel_x_time,228007
bnci2014_004,2,2,all,sew_clif_equal,2,0.15862475198412698,0.841375248015873,51166,322560,batch_x_channel_x_time,228007
bnci2014_004,2,2,all,sew_clif_equal,3,0.24563182043650794,0.754368179563492,79231,322560,batch_x_channel_x_time,228007
bnci2014_004,3,0,n25,sew_clif_equal,0,0.1730441623263889,0.8269558376736111,63791,368640,batch_x_channel_x_time,145455
bnci2014_004,3,0,n25,sew_clif_equal,1,0.03405490451388889,0.9659450954861111,12554,368640,batch_x_channel_x_time,145455
bnci2014_004,3,0,n25,sew_clif_equal,2,0.04546712239583333,0.9545328776041667,16761,368640,batch_x_channel_x_time,145455
bnci2014_004,3,0,n25,sew_clif_equal,3,0.14200575086805556,0.8579942491319444,52349,368640,batch_x_channel_x_time,145455
bnci2014_004,3,0,n50,sew_clif_equal,0,0.18395453559027777,0.8160454644097223,67813,368640,batch_x_channel_x_time,162459
bnci2014_004,3,0,n50,sew_clif_equal,1,0.04013400607638889,0.9598659939236112,14795,368640,batch_x_channel_x_time,162459
bnci2014_004,3,0,n50,sew_clif_equal,2,0.05895182291666667,0.9410481770833333,21732,368640,batch_x_channel_x_time,162459
bnci2014_004,3,0,n50,sew_clif_equal,3,0.15765787760416666,0.8423421223958334,58119,368640,batch_x_channel_x_time,162459
bnci2014_004,3,0,n100,sew_clif_equal,0,0.19505208333333332,0.8049479166666667,71904,368640,batch_x_channel_x_time,195769
bnci2014_004,3,0,n100,sew_clif_equal,1,0.056925455729166664,0.9430745442708334,20985,368640,batch_x_channel_x_time,195769
bnci2014_004,3,0,n100,sew_clif_equal,2,0.0909695095486111,0.9090304904513888,33535,368640,batch_x_channel_x_time,195769
bnci2014_004,3,0,n100,sew_clif_equal,3,0.1881103515625,0.8118896484375,69345,368640,batch_x_channel_x_time,195769
bnci2014_004,3,0,all,sew_clif_equal,0,0.193310546875,0.806689453125,71262,368640,batch_x_channel_x_time,172207
bnci2014_004,3,0,all,sew_clif_equal,1,0.04145779079861111,0.9585422092013889,15283,368640,batch_x_channel_x_time,172207
bnci2014_004,3,0,all,sew_clif_equal,2,0.06526963975694444,0.9347303602430556,24061,368640,batch_x_channel_x_time,172207
bnci2014_004,3,0,all,sew_clif_equal,3,0.16710340711805555,0.8328965928819445,61601,368640,batch_x_channel_x_time,172207
bnci2014_004,3,1,n25,sew_clif_equal,0,0.17973361545138888,0.8202663845486111,66257,368640,batch_x_channel_x_time,172674
bnci2014_004,3,1,n25,sew_clif_equal,1,0.048665364583333336,0.9513346354166666,17940,368640,batch_x_channel_x_time,172674
bnci2014_004,3,1,n25,sew_clif_equal,2,0.0734130859375,0.9265869140625,27063,368640,batch_x_channel_x_time,172674
bnci2014_004,3,1,n25,sew_clif_equal,3,0.16659613715277777,0.8334038628472222,61414,368640,batch_x_channel_x_time,172674
bnci2014_004,3,1,n50,sew_clif_equal,0,0.16100260416666667,0.8389973958333333,59352,368640,batch_x_channel_x_time,139159
bnci2014_004,3,1,n50,sew_clif_equal,1,0.03204481336805556,0.9679551866319445,11813,368640,batch_x_channel_x_time,139159
bnci2014_004,3,1,n50,sew_clif_equal,2,0.04826388888888889,0.9517361111111111,17792,368640,batch_x_channel_x_time,139159
bnci2014_004,3,1,n50,sew_clif_equal,3,0.136181640625,0.863818359375,50202,368640,batch_x_channel_x_time,139159
bnci2014_004,3,1,n100,sew_clif_equal,0,0.16924913194444444,0.8307508680555555,62392,368640,batch_x_channel_x_time,148903
bnci2014_004,3,1,n100,sew_clif_equal,1,0.0344970703125,0.9655029296875,12717,368640,batch_x_channel_x_time,148903
bnci2014_004,3,1,n100,sew_clif_equal,2,0.05499674479166667,0.9450032552083333,20274,368640,batch_x_channel_x_time,148903
bnci2014_004,3,1,n100,sew_clif_equal,3,0.14518229166666666,0.8548177083333334,53520,368640,batch_x_channel_x_time,148903
bnci2014_004,3,1,all,sew_clif_equal,0,0.1799560546875,0.8200439453125,66339,368640,batch_x_channel_x_time,144454
bnci2014_004,3,1,all,sew_clif_equal,1,0.02820095486111111,0.9717990451388889,10396,368640,batch_x_channel_x_time,144454
bnci2014_004,3,1,all,sew_clif_equal,2,0.0429443359375,0.9570556640625,15831,368640,batch_x_channel_x_time,144454
bnci2014_004,3,1,all,sew_clif_equal,3,0.14075520833333333,0.8592447916666667,51888,368640,batch_x_channel_x_time,144454
bnci2014_004,3,2,n25,sew_clif_equal,0,0.18064236111111112,0.8193576388888889,66592,368640,batch_x_channel_x_time,156498
bnci2014_004,3,2,n25,sew_clif_equal,1,0.039225260416666664,0.9607747395833334,14460,368640,batch_x_channel_x_time,156498
bnci2014_004,3,2,n25,sew_clif_equal,2,0.0522705078125,0.9477294921875,19269,368640,batch_x_channel_x_time,156498
bnci2014_004,3,2,n25,sew_clif_equal,3,0.15238986545138888,0.8476101345486111,56177,368640,batch_x_channel_x_time,156498
bnci2014_004,3,2,n50,sew_clif_equal,0,0.1778293185763889,0.8221706814236112,65555,368640,batch_x_channel_x_time,156371
bnci2014_004,3,2,n50,sew_clif_equal,1,0.039225260416666664,0.9607747395833334,14460,368640,batch_x_channel_x_time,156371
bnci2014_004,3,2,n50,sew_clif_equal,2,0.054774305555555555,0.9452256944444445,20192,368640,batch_x_channel_x_time,156371
bnci2014_004,3,2,n50,sew_clif_equal,3,0.15235460069444445,0.8476453993055555,56164,368640,batch_x_channel_x_time,156371
bnci2014_004,3,2,n100,sew_clif_equal,0,0.17730305989583334,0.8226969401041666,65361,368640,batch_x_channel_x_time,150107
bnci2014_004,3,2,n100,sew_clif_equal,1,0.03222113715277778,0.9677788628472223,11878,368640,batch_x_channel_x_time,150107
bnci2014_004,3,2,n100,sew_clif_equal,2,0.050990125868055555,0.9490098741319445,18797,368640,batch_x_channel_x_time,150107
bnci2014_004,3,2,n100,sew_clif_equal,3,0.1466769748263889,0.8533230251736111,54071,368640,batch_x_channel_x_time,150107
bnci2014_004,3,2,all,sew_clif_equal,0,0.19494086371527777,0.8050591362847223,71863,368640,batch_x_channel_x_time,195409
bnci2014_004,3,2,all,sew_clif_equal,1,0.053426106770833336,0.9465738932291666,19695,368640,batch_x_channel_x_time,195409
bnci2014_004,3,2,all,sew_clif_equal,2,0.09337836371527777,0.9066216362847223,34423,368640,batch_x_channel_x_time,195409
bnci2014_004,3,2,all,sew_clif_equal,3,0.18833550347222222,0.8116644965277777,69428,368640,batch_x_channel_x_time,195409
bnci2014_004,4,0,n25,sew_clif_equal,0,0.21982421875,0.78017578125,81036,368640,batch_x_channel_x_time,213823
bnci2014_004,4,0,n25,sew_clif_equal,1,0.06290690104166667,0.9370930989583334,23190,368640,batch_x_channel_x_time,213823
bnci2014_004,4,0,n25,sew_clif_equal,2,0.09301486545138889,0.9069851345486111,34289,368640,batch_x_channel_x_time,213823
bnci2014_004,4,0,n25,sew_clif_equal,3,0.20428602430555556,0.7957139756944445,75308,368640,batch_x_channel_x_time,213823
bnci2014_004,4,0,n50,sew_clif_equal,0,0.20731336805555556,0.7926866319444444,76424,368640,batch_x_channel_x_time,201611
bnci2014_004,4,0,n50,sew_clif_equal,1,0.055989583333333336,0.9440104166666666,20640,368640,batch_x_channel_x_time,201611
bnci2014_004,4,0,n50,sew_clif_equal,2,0.09015570746527778,0.9098442925347222,33235,368640,batch_x_channel_x_time,201611
bnci2014_004,4,0,n50,sew_clif_equal,3,0.19344618055555557,0.8065538194444444,71312,368640,batch_x_channel_x_time,201611
bnci2014_004,4,0,n100,sew_clif_equal,0,0.2326416015625,0.7673583984375,85761,368640,batch_x_channel_x_time,238918
bnci2014_004,4,0,n100,sew_clif_equal,1,0.07291124131944444,0.9270887586805555,26878,368640,batch_x_channel_x_time,238918
bnci2014_004,4,0,n100,sew_clif_equal,2,0.11697862413194444,0.8830213758680555,43123,368640,batch_x_channel_x_time,238918
bnci2014_004,4,0,n100,sew_clif_equal,3,0.22557508680555555,0.7744249131944445,83156,368640,batch_x_channel_x_time,238918
bnci2014_004,4,0,all,sew_clif_equal,0,0.2394314236111111,0.7605685763888889,88264,368640,batch_x_channel_x_time,247398
bnci2014_004,4,0,all,sew_clif_equal,1,0.07906901041666667,0.9209309895833333,29148,368640,batch_x_channel_x_time,247398
bnci2014_004,4,0,all,sew_clif_equal,2,0.11851942274305556,0.8814805772569444,43691,368640,batch_x_channel_x_time,247398
bnci2014_004,4,0,all,sew_clif_equal,3,0.23409016927083334,0.7659098307291666,86295,368640,batch_x_channel_x_time,247398
bnci2014_004,4,1,n25,sew_clif_equal,0,0.21966959635416666,0.7803304036458334,80979,368640,batch_x_channel_x_time,219019
bnci2014_004,4,1,n25,sew_clif_equal,1,0.06916775173611112,0.9308322482638889,25498,368640,batch_x_channel_x_time,219019
bnci2014_004,4,1,n25,sew_clif_equal,2,0.09712185329861112,0.9028781467013889,35803,368640,batch_x_channel_x_time,219019
bnci2014_004,4,1,n25,sew_clif_equal,3,0.20816786024305556,0.7918321397569444,76739,368640,batch_x_channel_x_time,219019
bnci2014_004,4,1,n50,sew_clif_equal,0,0.19194064670138888,0.8080593532986111,70757,368640,batch_x_channel_x_time,156407
bnci2014_004,4,1,n50,sew_clif_equal,1,0.03310004340277778,0.9668999565972223,12202,368640,batch_x_channel_x_time,156407
bnci2014_004,4,1,n50,sew_clif_equal,2,0.04728732638888889,0.9527126736111111,17432,368640,batch_x_channel_x_time,156407
bnci2014_004,4,1,n50,sew_clif_equal,3,0.151953125,0.848046875,56016,368640,batch_x_channel_x_time,156407
bnci2014_004,4,1,n100,sew_clif_equal,0,0.21055230034722222,0.7894476996527777,77618,368640,batch_x_channel_x_time,189060
bnci2014_004,4,1,n100,sew_clif_equal,1,0.04652777777777778,0.9534722222222223,17152,368640,batch_x_channel_x_time,189060
bnci2014_004,4,1,n100,sew_clif_equal,2,0.07332899305555556,0.9266710069444445,27032,368640,batch_x_channel_x_time,189060
bnci2014_004,4,1,n100,sew_clif_equal,3,0.18244900173611112,0.8175509982638889,67258,368640,batch_x_channel_x_time,189060
bnci2014_004,4,1,all,sew_clif_equal,0,0.21934407552083332,0.7806559244791667,80859,368640,batch_x_channel_x_time,216599
bnci2014_004,4,1,all,sew_clif_equal,1,0.06520453559027778,0.9347954644097223,24037,368640,batch_x_channel_x_time,216599
bnci2014_004,4,1,all,sew_clif_equal,2,0.09613172743055555,0.9038682725694445,35438,368640,batch_x_channel_x_time,216599
bnci2014_004,4,1,all,sew_clif_equal,3,0.2068820529513889,0.7931179470486112,76265,368640,batch_x_channel_x_time,216599
bnci2014_004,4,2,n25,sew_clif_equal,0,0.18581000434027778,0.8141899956597223,68497,368640,batch_x_channel_x_time,153885
bnci2014_004,4,2,n25,sew_clif_equal,1,0.031591796875,0.968408203125,11646,368640,batch_x_channel_x_time,153885
bnci2014_004,4,2,n25,sew_clif_equal,2,0.05068359375,0.94931640625,18684,368640,batch_x_channel_x_time,153885
bnci2014_004,4,2,n25,sew_clif_equal,3,0.14935438368055556,0.8506456163194445,55058,368640,batch_x_channel_x_time,153885
bnci2014_004,4,2,n50,sew_clif_equal,0,0.18667534722222223,0.8133246527777778,68816,368640,batch_x_channel_x_time,164787
bnci2014_004,4,2,n50,sew_clif_equal,1,0.0377197265625,0.9622802734375,13905,368640,batch_x_channel_x_time,164787
bnci2014_004,4,2,n50,sew_clif_equal,2,0.06334092881944445,0.9366590711805556,23350,368640,batch_x_channel_x_time,164787
bnci2014_004,4,2,n50,sew_clif_equal,3,0.15927734375,0.84072265625,58716,368640,batch_x_channel_x_time,164787
bnci2014_004,4,2,n100,sew_clif_equal,0,0.18006727430555555,0.8199327256944444,66380,368640,batch_x_channel_x_time,149282
bnci2014_004,4,2,n100,sew_clif_equal,1,0.03340115017361111,0.9665988498263889,12313,368640,batch_x_channel_x_time,149282
bnci2014_004,4,2,n100,sew_clif_equal,2,0.046478949652777775,0.9535210503472222,17134,368640,batch_x_channel_x_time,149282
bnci2014_004,4,2,n100,sew_clif_equal,3,0.14500596788194445,0.8549940321180556,53455,368640,batch_x_channel_x_time,149282
bnci2014_004,4,2,all,sew_clif_equal,0,0.211328125,0.788671875,77904,368640,batch_x_channel_x_time,199198
bnci2014_004,4,2,all,sew_clif_equal,1,0.05459798177083333,0.9454020182291667,20127,368640,batch_x_channel_x_time,199198
bnci2014_004,4,2,all,sew_clif_equal,2,0.08382161458333333,0.9161783854166666,30900,368640,batch_x_channel_x_time,199198
bnci2014_004,4,2,all,sew_clif_equal,3,0.19061143663194444,0.8093885633680555,70267,368640,batch_x_channel_x_time,199198
bnci2014_004,5,0,n25,sew_clif_equal,0,0.19684244791666666,0.8031575520833334,72564,368640,batch_x_channel_x_time,173823
bnci2014_004,5,0,n25,sew_clif_equal,1,0.04398328993055556,0.9560167100694444,16214,368640,batch_x_channel_x_time,173823
bnci2014_004,5,0,n25,sew_clif_equal,2,0.06305338541666666,0.9369466145833334,23244,368640,batch_x_channel_x_time,173823
bnci2014_004,5,0,n25,sew_clif_equal,3,0.16764594184027778,0.8323540581597222,61801,368640,batch_x_channel_x_time,173823
bnci2014_004,5,0,n50,sew_clif_equal,0,0.19952799479166666,0.8004720052083334,73554,368640,batch_x_channel_x_time,174265
bnci2014_004,5,0,n50,sew_clif_equal,1,0.04120008680555556,0.9587999131944445,15188,368640,batch_x_channel_x_time,174265
bnci2014_004,5,0,n50,sew_clif_equal,2,0.0635986328125,0.9364013671875,23445,368640,batch_x_channel_x_time,174265
bnci2014_004,5,0,n50,sew_clif_equal,3,0.16839735243055556,0.8316026475694445,62078,368640,batch_x_channel_x_time,174265
bnci2014_004,5,0,n100,sew_clif_equal,0,0.17584635416666666,0.8241536458333334,64824,368640,batch_x_channel_x_time,131026
bnci2014_004,5,0,n100,sew_clif_equal,1,0.020654296875,0.979345703125,7614,368640,batch_x_channel_x_time,131026
bnci2014_004,5,0,n100,sew_clif_equal,2,0.0306396484375,0.9693603515625,11295,368640,batch_x_channel_x_time,131026
bnci2014_004,5,0,n100,sew_clif_equal,3,0.12829047309027777,0.8717095269097223,47293,368640,batch_x_channel_x_time,131026
bnci2014_004,5,0,all,sew_clif_equal,0,0.18725043402777777,0.8127495659722223,69028,368640,batch_x_channel_x_time,150262
bnci2014_004,5,0,all,sew_clif_equal,1,0.027650282118055557,0.9723497178819445,10193,368640,batch_x_channel_x_time,150262
bnci2014_004,5,0,all,sew_clif_equal,2,0.046576605902777776,0.9534233940972222,17170,368640,batch_x_channel_x_time,150262
bnci2014_004,5,0,all,sew_clif_equal,3,0.14613444010416668,0.8538655598958333,53871,368640,batch_x_channel_x_time,150262
bnci2014_004,5,1,n25,sew_clif_equal,0,0.22339680989583333,0.7766031901041667,82353,368640,batch_x_channel_x_time,243422
bnci2014_004,5,1,n25,sew_clif_equal,1,0.08432888454861111,0.9156711154513889,31087,368640,batch_x_channel_x_time,243422
bnci2014_004,5,1,n25,sew_clif_equal,2,0.1238037109375,0.8761962890625,45639,368640,batch_x_channel_x_time,243422
bnci2014_004,5,1,n25,sew_clif_equal,3,0.22879503038194443,0.7712049696180556,84343,368640,batch_x_channel_x_time,243422
bnci2014_004,5,1,n50,sew_clif_equal,0,0.16602105034722223,0.8339789496527777,61202,368640,batch_x_channel_x_time,135504
bnci2014_004,5,1,n50,sew_clif_equal,1,0.030579969618055557,0.9694200303819445,11273,368640,batch_x_channel_x_time,135504
bnci2014_004,5,1,n50,sew_clif_equal,2,0.03881564670138889,0.9611843532986111,14309,368640,batch_x_channel_x_time,135504
bnci2014_004,5,1,n50,sew_clif_equal,3,0.13216145833333334,0.8678385416666666,48720,368640,batch_x_channel_x_time,135504
bnci2014_004,5,1,n100,sew_clif_equal,0,0.21964518229166666,0.7803548177083334,80970,368640,batch_x_channel_x_time,195745
bnci2014_004,5,1,n100,sew_clif_equal,1,0.05130750868055556,0.9486924913194444,18914,368640,batch_x_channel_x_time,195745
bnci2014_004,5,1,n100,sew_clif_equal,2,0.07201877170138889,0.9279812282986111,26549,368640,batch_x_channel_x_time,195745
bnci2014_004,5,1,n100,sew_clif_equal,3,0.18802083333333333,0.8119791666666667,69312,368640,batch_x_channel_x_time,195745
bnci2014_004,5,1,all,sew_clif_equal,0,0.21444769965277777,0.7855523003472222,79054,368640,batch_x_channel_x_time,200067
bnci2014_004,5,1,all,sew_clif_equal,1,0.05236545138888889,0.9476345486111111,19304,368640,batch_x_channel_x_time,200067
bnci2014_004,5,1,all,sew_clif_equal,2,0.085009765625,0.914990234375,31338,368640,batch_x_channel_x_time,200067
bnci2014_004,5,1,all,sew_clif_equal,3,0.1908935546875,0.8091064453125,70371,368640,batch_x_channel_x_time,200067
bnci2014_004,5,2,n25,sew_clif_equal,0,0.17373046875,0.82626953125,64044,368640,batch_x_channel_x_time,165347
bnci2014_004,5,2,n25,sew_clif_equal,1,0.048779296875,0.951220703125,17982,368640,batch_x_channel_x_time,165347
bnci2014_004,5,2,n25,sew_clif_equal,2,0.066748046875,0.933251953125,24606,368640,batch_x_channel_x_time,165347
bnci2014_004,5,2,n25,sew_clif_equal,3,0.1592746310763889,0.8407253689236112,58715,368640,batch_x_channel_x_time,165347
bnci2014_004,5,2,n50,sew_clif_equal,0,0.14351128472222222,0.8564887152777778,52904,368640,batch_x_channel_x_time,108106
bnci2014_004,5,2,n50,sew_clif_equal,1,0.017789713541666665,0.9822102864583333,6558,368640,batch_x_channel_x_time,108106
bnci2014_004,5,2,n50,sew_clif_equal,2,0.025236002604166665,0.9747639973958333,9303,368640,batch_x_channel_x_time,108106
bnci2014_004,5,2,n50,sew_clif_equal,3,0.10671929253472222,0.8932807074652778,39341,368640,batch_x_channel_x_time,108106
bnci2014_004,5,2,n100,sew_clif_equal,0,0.16934407552083333,0.8306559244791667,62427,368640,batch_x_channel_x_time,130601
bnci2014_004,5,2,n100,sew_clif_equal,1,0.0232177734375,0.9767822265625,8559,368640,batch_x_channel_x_time,130601
bnci2014_004,5,2,n100,sew_clif_equal,2,0.033867730034722224,0.9661322699652778,12485,368640,batch_x_channel_x_time,130601
bnci2014_004,5,2,n100,sew_clif_equal,3,0.12784830729166666,0.8721516927083334,47130,368640,batch_x_channel_x_time,130601
bnci2014_004,5,2,all,sew_clif_equal,0,0.19706488715277778,0.8029351128472222,72646,368640,batch_x_channel_x_time,177715
bnci2014_004,5,2,all,sew_clif_equal,1,0.04500596788194444,0.9549940321180556,16591,368640,batch_x_channel_x_time,177715
bnci2014_004,5,2,all,sew_clif_equal,2,0.06866590711805555,0.9313340928819445,25313,368640,batch_x_channel_x_time,177715
bnci2014_004,5,2,all,sew_clif_equal,3,0.17134602864583334,0.8286539713541666,63165,368640,batch_x_channel_x_time,177715
bnci2014_004,6,0,n25,sew_clif_equal,0,0.1621771918402778,0.8378228081597222,59785,368640,batch_x_channel_x_time,129490
bnci2014_004,6,0,n25,sew_clif_equal,1,0.027072482638888888,0.9729275173611112,9980,368640,batch_x_channel_x_time,129490
bnci2014_004,6,0,n25,sew_clif_equal,2,0.034998914930555555,0.9650010850694445,12902,368640,batch_x_channel_x_time,129490
bnci2014_004,6,0,n25,sew_clif_equal,3,0.12701551649305556,0.8729844835069445,46823,368640,batch_x_channel_x_time,129490
bnci2014_004,6,0,n50,sew_clif_equal,0,0.17446017795138888,0.8255398220486111,64313,368640,batch_x_channel_x_time,137023
bnci2014_004,6,0,n50,sew_clif_equal,1,0.025301106770833335,0.9746988932291667,9327,368640,batch_x_channel_x_time,137023
bnci2014_004,6,0,n50,sew_clif_equal,2,0.03786349826388889,0.9621365017361111,13958,368640,batch_x_channel_x_time,137023
bnci2014_004,6,0,n50,sew_clif_equal,3,0.13407389322916666,0.8659261067708334,49425,368640,batch_x_channel_x_time,137023
bnci2014_004,6,0,n100,sew_clif_equal,0,0.1645480685763889,0.8354519314236111,60659,368640,batch_x_channel_x_time,129457
bnci2014_004,6,0,n100,sew_clif_equal,1,0.023988172743055557,0.9760118272569445,8843,368640,batch_x_channel_x_time,129457
bnci2014_004,6,0,n100,sew_clif_equal,2,0.03564453125,0.96435546875,13140,368640,batch_x_channel_x_time,129457
bnci2014_004,6,0,n100,sew_clif_equal,3,0.12699381510416666,0.8730061848958334,46815,368640,batch_x_channel_x_time,129457
bnci2014_004,6,0,all,sew_clif_equal,0,0.19290907118055556,0.8070909288194444,71114,368640,batch_x_channel_x_time,190544
bnci2014_004,6,0,all,sew_clif_equal,1,0.05425618489583333,0.9457438151041667,20001,368640,batch_x_channel_x_time,190544
bnci2014_004,6,0,all,sew_clif_equal,2,0.08620062934027778,0.9137993706597223,31777,368640,batch_x_channel_x_time,190544
bnci2014_004,6,0,all,sew_clif_equal,3,0.18351779513888888,0.8164822048611111,67652,368640,batch_x_channel_x_time,190544
bnci2014_004,6,1,n25,sew_clif_equal,0,0.17444390190972223,0.8255560980902777,64307,368640,batch_x_channel_x_time,142147
bnci2014_004,6,1,n25,sew_clif_equal,1,0.02853461371527778,0.9714653862847222,10519,368640,batch_x_channel_x_time,142147
bnci2014_004,6,1,n25,sew_clif_equal,2,0.04428439670138889,0.9557156032986112,16325,368640,batch_x_channel_x_time,142147
bnci2014_004,6,1,n25,sew_clif_equal,3,0.13833550347222223,0.8616644965277778,50996,368640,batch_x_channel_x_time,142147
bnci2014_004,6,1,n50,sew_clif_equal,0,0.16219618055555557,0.8378038194444444,59792,368640,batch_x_channel_x_time,137405
bnci2014_004,6,1,n50,sew_clif_equal,1,0.031222873263888888,0.9687771267361112,11510,368640,batch_x_channel_x_time,137405
bnci2014_004,6,1,n50,sew_clif_equal,2,0.04501953125,0.95498046875,16596,368640,batch_x_channel_x_time,137405
bnci2014_004,6,1,n50,sew_clif_equal,3,0.13429633246527778,0.8657036675347223,49507,368640,batch_x_channel_x_time,137405
bnci2014_004,6,1,n100,sew_clif_equal,0,0.1846896701388889,0.8153103298611111,68084,368640,batch_x_channel_x_time,147503
bnci2014_004,6,1,n100,sew_clif_equal,1,0.028504774305555557,0.9714952256944445,10508,368640,batch_x_channel_x_time,147503
bnci2014_004,6,1,n100,sew_clif_equal,2,0.04269748263888889,0.9573025173611112,15740,368640,batch_x_channel_x_time,147503
bnci2014_004,6,1,n100,sew_clif_equal,3,0.1442355685763889,0.8557644314236111,53171,368640,batch_x_channel_x_time,147503
bnci2014_004,6,1,all,sew_clif_equal,0,0.18768446180555556,0.8123155381944445,69188,368640,batch_x_channel_x_time,172807
bnci2014_004,6,1,all,sew_clif_equal,1,0.043212890625,0.956787109375,15930,368640,batch_x_channel_x_time,172807
bnci2014_004,6,1,all,sew_clif_equal,2,0.07035047743055556,0.9296495225694444,25934,368640,batch_x_channel_x_time,172807
bnci2014_004,6,1,all,sew_clif_equal,3,0.16752115885416666,0.8324788411458334,61755,368640,batch_x_channel_x_time,172807
bnci2014_004,6,2,n25,sew_clif_equal,0,0.17727864583333333,0.8227213541666667,65352,368640,batch_x_channel_x_time,149690
bnci2014_004,6,2,n25,sew_clif_equal,1,0.03414713541666667,0.9658528645833333,12588,368640,batch_x_channel_x_time,149690
bnci2014_004,6,2,n25,sew_clif_equal,2,0.04877115885416667,0.9512288411458333,17979,368640,batch_x_channel_x_time,149690
bnci2014_004,6,2,n25,sew_clif_equal,3,0.14586317274305555,0.8541368272569445,53771,368640,batch_x_channel_x_time,149690
bnci2014_004,6,2,n50,sew_clif_equal,0,0.18140462239583333,0.8185953776041667,66873,368640,batch_x_channel_x_time,134736
bnci2014_004,6,2,n50,sew_clif_equal,1,0.02317165798611111,0.9768283420138889,8542,368640,batch_x_channel_x_time,134736
bnci2014_004,6,2,n50,sew_clif_equal,2,0.02896050347222222,0.9710394965277778,10676,368640,batch_x_channel_x_time,134736
bnci2014_004,6,2,n50,sew_clif_equal,3,0.1319580078125,0.8680419921875,48645,368640,batch_x_channel_x_time,134736
bnci2014_004,6,2,n100,sew_clif_equal,0,0.19376356336805556,0.8062364366319444,71429,368640,batch_x_channel_x_time,162321
bnci2014_004,6,2,n100,sew_clif_equal,1,0.03119845920138889,0.9688015407986111,11501,368640,batch_x_channel_x_time,162321
bnci2014_004,6,2,n100,sew_clif_equal,2,0.05751681857638889,0.9424831814236111,21203,368640,batch_x_channel_x_time,162321
bnci2014_004,6,2,n100,sew_clif_equal,3,0.15784505208333333,0.8421549479166667,58188,368640,batch_x_channel_x_time,162321
bnci2014_004,6,2,all,sew_clif_equal,0,0.1874972873263889,0.8125027126736111,69119,368640,batch_x_channel_x_time,174349
bnci2014_004,6,2,all,sew_clif_equal,1,0.040543619791666666,0.9594563802083333,14946,368640,batch_x_channel_x_time,174349
bnci2014_004,6,2,all,sew_clif_equal,2,0.076220703125,0.923779296875,28098,368640,batch_x_channel_x_time,174349
bnci2014_004,6,2,all,sew_clif_equal,3,0.16869032118055555,0.8313096788194445,62186,368640,batch_x_channel_x_time,174349
bnci2014_004,7,0,n25,sew_clif_equal,0,0.18648817274305557,0.8135118272569444,68747,368640,batch_x_channel_x_time,155294
bnci2014_004,7,0,n25,sew_clif_equal,1,0.036488172743055554,0.9635118272569444,13451,368640,batch_x_channel_x_time,155294
bnci2014_004,7,0,n25,sew_clif_equal,2,0.04807400173611111,0.9519259982638889,17722,368640,batch_x_channel_x_time,155294
bnci2014_004,7,0,n25,sew_clif_equal,3,0.15021158854166666,0.8497884114583334,55374,368640,batch_x_channel_x_time,155294
bnci2014_004,7,0,n50,sew_clif_equal,0,0.1728488498263889,0.8271511501736111,63719,368640,batch_x_channel_x_time,128991
bnci2014_004,7,0,n50,sew_clif_equal,1,0.022840711805555556,0.9771592881944444,8420,368640,batch_x_channel_x_time,128991
bnci2014_004,7,0,n50,sew_clif_equal,2,0.028428819444444444,0.9715711805555556,10480,368640,batch_x_channel_x_time,128991
bnci2014_004,7,0,n50,sew_clif_equal,3,0.12579210069444444,0.8742078993055555,46372,368640,batch_x_channel_x_time,128991
bnci2014_004,7,0,n100,sew_clif_equal,0,0.18954264322916667,0.8104573567708333,69873,368640,batch_x_channel_x_time,160248
bnci2014_004,7,0,n100,sew_clif_equal,1,0.03802897135416667,0.9619710286458333,14019,368640,batch_x_channel_x_time,160248
bnci2014_004,7,0,n100,sew_clif_equal,2,0.05180121527777778,0.9481987847222222,19096,368640,batch_x_channel_x_time,160248
bnci2014_004,7,0,n100,sew_clif_equal,3,0.1553276909722222,0.8446723090277778,57260,368640,batch_x_channel_x_time,160248
bnci2014_004,7,0,all,sew_clif_equal,0,0.20460340711805555,0.7953965928819444,75425,368640,batch_x_channel_x_time,195070
bnci2014_004,7,0,all,sew_clif_equal,1,0.05719401041666667,0.9428059895833333,21084,368640,batch_x_channel_x_time,195070
bnci2014_004,7,0,all,sew_clif_equal,2,0.08075900607638889,0.9192409939236111,29771,368640,batch_x_channel_x_time,195070
bnci2014_004,7,0,all,sew_clif_equal,3,0.18660481770833334,0.8133951822916666,68790,368640,batch_x_channel_x_time,195070
bnci2014_004,7,1,n25,sew_clif_equal,0,0.1779812282986111,0.8220187717013889,65611,368640,batch_x_channel_x_time,160965
bnci2014_004,7,1,n25,sew_clif_equal,1,0.045125325520833336,0.9548746744791666,16635,368640,batch_x_channel_x_time,160965
bnci2014_004,7,1,n25,sew_clif_equal,2,0.0573974609375,0.9426025390625,21159,368640,batch_x_channel_x_time,160965
bnci2014_004,7,1,n25,sew_clif_equal,3,0.15614149305555555,0.8438585069444444,57560,368640,batch_x_channel_x_time,160965
bnci2014_004,7,1,n50,sew_clif_equal,0,0.20511338975694443,0.7948866102430556,75613,368640,batch_x_channel_x_time,188907
bnci2014_004,7,1,n50,sew_clif_equal,1,0.053507486979166664,0.9464925130208334,19725,368640,batch_x_channel_x_time,188907
bnci2014_004,7,1,n50,sew_clif_equal,2,0.0730929904513889,0.9269070095486112,26945,368640,batch_x_channel_x_time,188907
bnci2014_004,7,1,n50,sew_clif_equal,3,0.18072916666666666,0.8192708333333334,66624,368640,batch_x_channel_x_time,188907
bnci2014_004,7,1,n100,sew_clif_equal,0,0.19168836805555556,0.8083116319444444,70664,368640,batch_x_channel_x_time,175375
bnci2014_004,7,1,n100,sew_clif_equal,1,0.04895562065972222,0.9510443793402777,18047,368640,batch_x_channel_x_time,175375
bnci2014_004,7,1,n100,sew_clif_equal,2,0.06609971788194445,0.9339002821180555,24367,368640,batch_x_channel_x_time,175375
bnci2014_004,7,1,n100,sew_clif_equal,3,0.16899142795138888,0.8310085720486111,62297,368640,batch_x_channel_x_time,175375
bnci2014_004,7,1,all,sew_clif_equal,0,0.2113037109375,0.7886962890625,77895,368640,batch_x_channel_x_time,206481
bnci2014_004,7,1,all,sew_clif_equal,1,0.06037326388888889,0.9396267361111111,22256,368640,batch_x_channel_x_time,206481
bnci2014_004,7,1,all,sew_clif_equal,2,0.09098578559027778,0.9090142144097222,33541,368640,batch_x_channel_x_time,206481
bnci2014_004,7,1,all,sew_clif_equal,3,0.19745279947916666,0.8025472005208334,72789,368640,batch_x_channel_x_time,206481
bnci2014_004,7,2,n25,sew_clif_equal,0,0.19617513020833333,0.8038248697916667,72318,368640,batch_x_channel_x_time,174730
bnci2014_004,7,2,n25,sew_clif_equal,1,0.04740668402777778,0.9525933159722222,17476,368640,batch_x_channel_x_time,174730
bnci2014_004,7,2,n25,sew_clif_equal,2,0.06268446180555555,0.9373155381944445,23108,368640,batch_x_channel_x_time,174730
bnci2014_004,7,2,n25,sew_clif_equal,3,0.16771918402777777,0.8322808159722223,61828,368640,batch_x_channel_x_time,174730
bnci2014_004,7,2,n50,sew_clif_equal,0,0.190869140625,0.809130859375,70362,368640,batch_x_channel_x_time,159674
bnci2014_004,7,2,n50,sew_clif_equal,1,0.03576931423611111,0.9642306857638889,13186,368640,batch_x_channel_x_time,159674
bnci2014_004,7,2,n50,sew_clif_equal,2,0.05176595052083333,0.9482340494791667,19083,368640,batch_x_channel_x_time,159674
bnci2014_004,7,2,n50,sew_clif_equal,3,0.15473904079861112,0.8452609592013889,57043,368640,batch_x_channel_x_time,159674
bnci2014_004,7,2,n100,sew_clif_equal,0,0.1916232638888889,0.8083767361111112,70640,368640,batch_x_channel_x_time,172522
bnci2014_004,7,2,n100,sew_clif_equal,1,0.04379611545138889,0.9562038845486112,16145,368640,batch_x_channel_x_time,172522
bnci2014_004,7,2,n100,sew_clif_equal,2,0.06599663628472222,0.9340033637152778,24329,368640,batch_x_channel_x_time,172522
bnci2014_004,7,2,n100,sew_clif_equal,3,0.16657986111111112,0.8334201388888889,61408,368640,batch_x_channel_x_time,172522
bnci2014_004,7,2,all,sew_clif_equal,0,0.20349663628472223,0.7965033637152777,75017,368640,batch_x_channel_x_time,191099
bnci2014_004,7,2,all,sew_clif_equal,1,0.05439724392361111,0.9456027560763889,20053,368640,batch_x_channel_x_time,191099
bnci2014_004,7,2,all,sew_clif_equal,2,0.07705891927083333,0.9229410807291667,28407,368640,batch_x_channel_x_time,191099
bnci2014_004,7,2,all,sew_clif_equal,3,0.18343641493055557,0.8165635850694444,67622,368640,batch_x_channel_x_time,191099
bnci2014_004,8,0,n25,sew_clif_equal,0,0.17564561631944445,0.8243543836805556,64750,368640,batch_x_channel_x_time,145852
bnci2014_004,8,0,n25,sew_clif_equal,1,0.029305013020833333,0.9706949869791667,10803,368640,batch_x_channel_x_time,145852
bnci2014_004,8,0,n25,sew_clif_equal,2,0.04901529947916667,0.9509847005208333,18069,368640,batch_x_channel_x_time,145852
bnci2014_004,8,0,n25,sew_clif_equal,3,0.14168294270833334,0.8583170572916666,52230,368640,batch_x_channel_x_time,145852
bnci2014_004,8,0,n50,sew_clif_equal,0,0.17080620659722223,0.8291937934027778,62966,368640,batch_x_channel_x_time,130701
bnci2014_004,8,0,n50,sew_clif_equal,1,0.02178005642361111,0.9782199435763889,8029,368640,batch_x_channel_x_time,130701
bnci2014_004,8,0,n50,sew_clif_equal,2,0.034016927083333336,0.9659830729166666,12540,368640,batch_x_channel_x_time,130701
bnci2014_004,8,0,n50,sew_clif_equal,3,0.12794596354166668,0.8720540364583333,47166,368640,batch_x_channel_x_time,130701
bnci2014_004,8,0,n100,sew_clif_equal,0,0.19552137586805557,0.8044786241319444,72077,368640,batch_x_channel_x_time,177054
bnci2014_004,8,0,n100,sew_clif_equal,1,0.045586480034722224,0.9544135199652778,16805,368640,batch_x_channel_x_time,177054
bnci2014_004,8,0,n100,sew_clif_equal,2,0.06842447916666666,0.9315755208333334,25224,368640,batch_x_channel_x_time,177054
bnci2014_004,8,0,n100,sew_clif_equal,3,0.17075737847222222,0.8292426215277777,62948,368640,batch_x_channel_x_time,177054
bnci2014_004,8,0,all,sew_clif_equal,0,0.20192328559027778,0.7980767144097223,74437,368640,batch_x_channel_x_time,189222
bnci2014_004,8,0,all,sew_clif_equal,1,0.047675238715277776,0.9523247612847222,17575,368640,batch_x_channel_x_time,189222
bnci2014_004,8,0,all,sew_clif_equal,2,0.08193359375,0.91806640625,30204,368640,batch_x_channel_x_time,189222
bnci2014_004,8,0,all,sew_clif_equal,3,0.1817654079861111,0.8182345920138889,67006,368640,batch_x_channel_x_time,189222
bnci2014_004,8,1,n25,sew_clif_equal,0,0.1580810546875,0.8419189453125,58275,368640,batch_x_channel_x_time,114286
bnci2014_004,8,1,n25,sew_clif_equal,1,0.017683919270833334,0.9823160807291667,6519,368640,batch_x_channel_x_time,114286
bnci2014_004,8,1,n25,sew_clif_equal,2,0.021712239583333334,0.9782877604166667,8004,368640,batch_x_channel_x_time,114286
bnci2014_004,8,1,n25,sew_clif_equal,3,0.11254340277777777,0.8874565972222223,41488,368640,batch_x_channel_x_time,114286
bnci2014_004,8,1,n50,sew_clif_equal,0,0.16807996961805555,0.8319200303819445,61961,368640,batch_x_channel_x_time,126948
bnci2014_004,8,1,n50,sew_clif_equal,1,0.02126193576388889,0.9787380642361111,7838,368640,batch_x_channel_x_time,126948
bnci2014_004,8,1,n50,sew_clif_equal,2,0.030927191840277778,0.9690728081597222,11401,368640,batch_x_channel_x_time,126948
bnci2014_004,8,1,n50,sew_clif_equal,3,0.12409939236111112,0.8759006076388889,45748,368640,batch_x_channel_x_time,126948
bnci2014_004,8,1,n100,sew_clif_equal,0,0.17671440972222222,0.8232855902777778,65144,368640,batch_x_channel_x_time,151679
bnci2014_004,8,1,n100,sew_clif_equal,1,0.034825303819444445,0.9651746961805555,12838,368640,batch_x_channel_x_time,151679
bnci2014_004,8,1,n100,sew_clif_equal,2,0.052680121527777776,0.9473198784722222,19420,368640,batch_x_channel_x_time,151679
bnci2014_004,8,1,n100,sew_clif_equal,3,0.14723578559027778,0.8527642144097223,54277,368640,batch_x_channel_x_time,151679
bnci2014_004,8,1,all,sew_clif_equal,0,0.20049641927083334,0.7995035807291666,73911,368640,batch_x_channel_x_time,199952
bnci2014_004,8,1,all,sew_clif_equal,1,0.06263020833333334,0.9373697916666667,23088,368640,batch_x_channel_x_time,199952
bnci2014_004,8,1,all,sew_clif_equal,2,0.08895399305555556,0.9110460069444445,32792,368640,batch_x_channel_x_time,199952
bnci2014_004,8,1,all,sew_clif_equal,3,0.19032389322916668,0.8096761067708333,70161,368640,batch_x_channel_x_time,199952
bnci2014_004,8,2,n25,sew_clif_equal,0,0.18068576388888888,0.8193142361111111,66608,368640,batch_x_channel_x_time,157448
bnci2014_004,8,2,n25,sew_clif_equal,1,0.03893500434027778,0.9610649956597223,14353,368640,batch_x_channel_x_time,157448
bnci2014_004,8,2,n25,sew_clif_equal,2,0.054833984375,0.945166015625,20214,368640,batch_x_channel_x_time,157448
bnci2014_004,8,2,n25,sew_clif_equal,3,0.15265028211805556,0.8473497178819445,56273,368640,batch_x_channel_x_time,157448
bnci2014_004,8,2,n50,sew_clif_equal,0,0.19514702690972222,0.8048529730902778,71939,368640,batch_x_channel_x_time,166297
bnci2014_004,8,2,n50,sew_clif_equal,1,0.03465983072916667,0.9653401692708333,12777,368640,batch_x_channel_x_time,166297
bnci2014_004,8,2,n50,sew_clif_equal,2,0.060164388020833334,0.9398356119791667,22179,368640,batch_x_channel_x_time,166297
bnci2014_004,8,2,n50,sew_clif_equal,3,0.16113823784722223,0.8388617621527777,59402,368640,batch_x_channel_x_time,166297
bnci2014_004,8,2,n100,sew_clif_equal,0,0.18660753038194444,0.8133924696180556,68791,368640,batch_x_channel_x_time,150140
bnci2014_004,8,2,n100,sew_clif_equal,1,0.027571614583333334,0.9724283854166667,10164,368640,batch_x_channel_x_time,150140
bnci2014_004,8,2,n100,sew_clif_equal,2,0.0467041015625,0.9532958984375,17217,368640,batch_x_channel_x_time,150140
bnci2014_004,8,2,n100,sew_clif_equal,3,0.14639756944444443,0.8536024305555556,53968,368640,batch_x_channel_x_time,150140
bnci2014_004,8,2,all,sew_clif_equal,0,0.22049153645833333,0.7795084635416667,81282,368640,batch_x_channel_x_time,260579
bnci2014_004,8,2,all,sew_clif_equal,1,0.0865478515625,0.9134521484375,31905,368640,batch_x_channel_x_time,260579
bnci2014_004,8,2,all,sew_clif_equal,2,0.15335557725694443,0.8466444227430556,56533,368640,batch_x_channel_x_time,260579
bnci2014_004,8,2,all,sew_clif_equal,3,0.24647081163194445,0.7535291883680555,90859,368640,batch_x_channel_x_time,260579
bnci2014_004,9,0,n25,sew_clif_equal,0,0.19782986111111112,0.8021701388888889,72928,368640,batch_x_channel_x_time,168318
bnci2014_004,9,0,n25,sew_clif_equal,1,0.04018283420138889,0.9598171657986111,14813,368640,batch_x_channel_x_time,168318
bnci2014_004,9,0,n25,sew_clif_equal,2,0.056559244791666664,0.9434407552083334,20850,368640,batch_x_channel_x_time,168318
bnci2014_004,9,0,n25,sew_clif_equal,3,0.16201985677083333,0.8379801432291667,59727,368640,batch_x_channel_x_time,168318
bnci2014_004,9,0,n50,sew_clif_equal,0,0.18214518229166668,0.8178548177083333,67146,368640,batch_x_channel_x_time,148064
bnci2014_004,9,0,n50,sew_clif_equal,1,0.033976236979166664,0.9660237630208334,12525,368640,batch_x_channel_x_time,148064
bnci2014_004,9,0,n50,sew_clif_equal,2,0.041840277777777775,0.9581597222222222,15424,368640,batch_x_channel_x_time,148064
bnci2014_004,9,0,n50,sew_clif_equal,3,0.14368760850694445,0.8563123914930555,52969,368640,batch_x_channel_x_time,148064
bnci2014_004,9,0,n100,sew_clif_equal,0,0.18778754340277778,0.8122124565972222,69226,368640,batch_x_channel_x_time,180852
bnci2014_004,9,0,n100,sew_clif_equal,1,0.056111653645833336,0.9438883463541666,20685,368640,batch_x_channel_x_time,180852
bnci2014_004,9,0,n100,sew_clif_equal,2,0.07275933159722223,0.9272406684027777,26822,368640,batch_x_channel_x_time,180852
bnci2014_004,9,0,n100,sew_clif_equal,3,0.17393391927083332,0.8260660807291667,64119,368640,batch_x_channel_x_time,180852
bnci2014_004,9,0,all,sew_clif_equal,0,0.198291015625,0.801708984375,73098,368640,batch_x_channel_x_time,191669
bnci2014_004,9,0,all,sew_clif_equal,1,0.0518798828125,0.9481201171875,19125,368640,batch_x_channel_x_time,191669
bnci2014_004,9,0,all,sew_clif_equal,2,0.08588053385416666,0.9141194661458334,31659,368640,batch_x_channel_x_time,191669
bnci2014_004,9,0,all,sew_clif_equal,3,0.18388400607638888,0.8161159939236111,67787,368640,batch_x_channel_x_time,191669
bnci2014_004,9,1,n25,sew_clif_equal,0,0.18737250434027777,0.8126274956597223,69073,368640,batch_x_channel_x_time,164673
bnci2014_004,9,1,n25,sew_clif_equal,1,0.03993869357638889,0.9600613064236111,14723,368640,batch_x_channel_x_time,164673
bnci2014_004,9,1,n25,sew_clif_equal,2,0.06002061631944444,0.9399793836805556,22126,368640,batch_x_channel_x_time,164673
bnci2014_004,9,1,n25,sew_clif_equal,3,0.1593722873263889,0.8406277126736111,58751,368640,batch_x_channel_x_time,164673
bnci2014_004,9,1,n50,sew_clif_equal,0,0.18883734809027777,0.8111626519097223,69613,368640,batch_x_channel_x_time,170311
bnci2014_004,9,1,n50,sew_clif_equal,1,0.043646918402777776,0.9563530815972222,16090,368640,batch_x_channel_x_time,170311
bnci2014_004,9,1,n50,sew_clif_equal,2,0.06490885416666667,0.9350911458333333,23928,368640,batch_x_channel_x_time,170311
bnci2014_004,9,1,n50,sew_clif_equal,3,0.1646050347222222,0.8353949652777778,60680,368640,batch_x_channel_x_time,170311
bnci2014_004,9,1,n100,sew_clif_equal,0,0.17735188802083332,0.8226481119791667,65379,368640,batch_x_channel_x_time,142608
bnci2014_004,9,1,n100,sew_clif_equal,1,0.029036458333333334,0.9709635416666667,10704,368640,batch_x_channel_x_time,142608
bnci2014_004,9,1,n100,sew_clif_equal,2,0.041351996527777775,0.9586480034722222,15244,368640,batch_x_channel_x_time,142608
bnci2014_004,9,1,n100,sew_clif_equal,3,0.1391086154513889,0.8608913845486111,51281,368640,batch_x_channel_x_time,142608
bnci2014_004,9,1,all,sew_clif_equal,0,0.1885959201388889,0.8114040798611111,69524,368640,batch_x_channel_x_time,187583
bnci2014_004,9,1,all,sew_clif_equal,1,0.05181477864583333,0.9481852213541667,19101,368640,batch_x_channel_x_time,187583
bnci2014_004,9,1,all,sew_clif_equal,2,0.08866373697916667,0.9113362630208334,32685,368640,batch_x_channel_x_time,187583
bnci2014_004,9,1,all,sew_clif_equal,3,0.17977701822916667,0.8202229817708333,66273,368640,batch_x_channel_x_time,187583
bnci2014_004,9,2,n25,sew_clif_equal,0,0.175,0.825,64512,368640,batch_x_channel_x_time,127399
bnci2014_004,9,2,n25,sew_clif_equal,1,0.02016059027777778,0.9798394097222223,7432,368640,batch_x_channel_x_time,127399
bnci2014_004,9,2,n25,sew_clif_equal,2,0.025553385416666668,0.9744466145833334,9420,368640,batch_x_channel_x_time,127399
bnci2014_004,9,2,n25,sew_clif_equal,3,0.1248779296875,0.8751220703125,46035,368640,batch_x_channel_x_time,127399
bnci2014_004,9,2,n50,sew_clif_equal,0,0.16492784288194445,0.8350721571180555,60799,368640,batch_x_channel_x_time,124250
bnci2014_004,9,2,n50,sew_clif_equal,1,0.021649848090277778,0.9783501519097222,7981,368640,batch_x_channel_x_time,124250
bnci2014_004,9,2,n50,sew_clif_equal,2,0.028819444444444446,0.9711805555555556,10624,368640,batch_x_channel_x_time,124250
bnci2014_004,9,2,n50,sew_clif_equal,3,0.12165256076388889,0.8783474392361111,44846,368640,batch_x_channel_x_time,124250
bnci2014_004,9,2,n100,sew_clif_equal,0,0.17125108506944445,0.8287489149305556,63130,368640,batch_x_channel_x_time,152821
bnci2014_004,9,2,n100,sew_clif_equal,1,0.035853407118055555,0.9641465928819445,13217,368640,batch_x_channel_x_time,152821
bnci2014_004,9,2,n100,sew_clif_equal,2,0.05905490451388889,0.9409450954861112,21770,368640,batch_x_channel_x_time,152821
bnci2014_004,9,2,n100,sew_clif_equal,3,0.14839409722222222,0.8516059027777778,54704,368640,batch_x_channel_x_time,152821
bnci2014_004,9,2,all,sew_clif_equal,0,0.19590386284722222,0.8040961371527777,72218,368640,batch_x_channel_x_time,177572
bnci2014_004,9,2,all,sew_clif_equal,1,0.04289279513888889,0.9571072048611111,15812,368640,batch_x_channel_x_time,177572
bnci2014_004,9,2,all,sew_clif_equal,2,0.07185601128472222,0.9281439887152778,26489,368640,batch_x_channel_x_time,177572
bnci2014_004,9,2,all,sew_clif_equal,3,0.17104220920138888,0.8289577907986111,63053,368640,batch_x_channel_x_time,177572
